-0.00,-0.00,0.01,-0.00,1.53
-0.00,-0.00,0.01,-0.00,1.53
-0.00,-0.00,0.01,-0.00,1.53
-0.00,-0.00,0.01,-0.00,1.53
-0.00,-0.00,0.01,-0.00,1.53
-0.00,-0.00,0.01,-0.00,1.53
-0.00,-0.00,0.01,-0.00,1.53
-0.00,-0.00,0.01,-0.00,1.53
-0.00,-0.00,0.01,-0.00,1.53
-0.00,-0.00,0.01,-0.00,1.53
-0.00,-0.00,0.01,-0.00,1.53
-0.00,-0.00,0.01,-0.00,1.53
-0.00,-0.00,0.01,-0.00,1.53
-0.00,-0.00,0.01,-0.00,1.53
-0.00,-0.00,0.01,-0.00,1.53
-0.00,-0.00,0.01,-0.00,1.53
-0.00,-0.00,0.01,-0.00,1.53
-0.00,-0.00,0.01,-0.00,1.53
-0.00,-0.00,0.26,-0.00,1.53
0.01,0.01,2.97,0.68,3.76
3.32,3.32,8.93,5.31,10.81
11.14,11.14,17.50,17.83,24.13
17.72,17.72,24.63,27.19,43.22
22.90,22.90,32.23,30.33,61.45
8.78,8.78,30.71,24.45,69.28
4.47,4.47,29.75,25.70,69.93
5.98,5.98,29.89,28.21,72.23
4.94,4.94,27.42,28.16,72.43
11.25,11.25,29.82,35.48,75.53
12.70,12.70,29.20,39.68,77.01
17.92,17.92,29.13,41.72,78.20
19.81,19.81,26.68,40.38,78.80
22.05,22.05,26.72,37.87,79.02
22.64,22.64,26.11,33.57,77.32
24.70,24.70,27.99,34.58,74.83
24.79,24.79,31.19,32.79,73.24
23.37,23.37,34.18,29.77,71.14
24.20,24.20,33.05,27.97,67.95
24.26,24.26,31.38,29.48,70.64
23.40,23.40,29.78,25.61,72.16
22.84,22.84,30.74,29.38,69.95
22.36,22.36,29.90,29.18,75.70
22.37,22.37,29.85,33.46,71.92
22.78,22.78,30.88,33.27,73.34
24.55,24.55,30.17,31.05,74.83
26.10,26.10,31.07,30.25,69.33
25.49,25.49,29.88,23.29,73.56
25.64,25.64,32.28,31.72,70.21
26.73,26.73,32.00,26.93,70.96
27.20,27.20,32.39,23.68,71.50
28.45,28.45,30.60,33.17,68.47
28.09,28.09,30.93,30.40,73.49
28.99,28.99,31.23,29.50,72.43
28.63,28.63,31.57,27.63,70.65
28.17,28.17,31.36,28.73,75.56
27.52,27.52,31.15,30.90,71.39
28.05,28.05,30.67,29.57,72.86
27.99,27.99,31.08,33.61,74.18
28.74,28.74,30.72,28.40,69.84
26.88,26.88,29.99,34.14,74.67
26.53,26.53,27.47,31.02,71.53
27.27,27.27,26.38,33.15,70.87
29.52,29.52,24.98,33.42,73.97
39.96,39.96,31.99,25.06,70.81
38.00,38.00,32.98,31.10,74.82
33.39,33.39,29.82,33.64,74.98
37.49,37.49,28.27,38.72,77.05
38.76,38.76,28.14,42.22,77.38
37.39,37.39,27.25,41.17,77.46
42.22,42.22,27.86,41.98,79.21
45.90,45.90,28.60,40.75,78.35
46.51,46.51,26.07,33.84,77.68
48.20,48.20,24.85,37.03,78.12
48.47,48.47,22.54,36.62,77.40
45.81,45.81,20.45,32.20,75.98
42.90,42.90,20.31,28.55,76.60
43.29,43.29,21.26,31.84,75.38
44.56,44.56,22.31,36.54,74.98
45.55,45.55,22.59,34.64,76.34
44.46,44.46,21.91,30.75,73.80
47.38,47.38,21.00,30.50,75.83
49.98,49.98,23.19,31.84,73.97
49.47,49.47,23.05,27.92,74.15
48.07,48.07,24.81,27.43,74.12
47.02,47.02,26.12,29.91,74.28
46.14,46.14,28.15,27.06,71.31
48.13,48.13,25.98,23.45,73.46
48.04,48.04,27.91,30.50,71.08
48.23,48.23,29.15,31.78,73.42
49.35,49.35,28.23,28.92,71.96
49.45,49.45,31.84,32.65,72.81
47.83,47.83,29.40,28.06,75.12
45.95,45.95,30.62,29.82,74.51
45.14,45.14,31.41,28.32,75.76
42.63,42.63,30.12,26.98,75.68
43.59,43.59,30.09,26.32,74.66
42.53,42.53,31.69,28.22,75.52
44.32,44.32,30.63,28.04,74.94
44.85,44.85,30.67,28.35,74.32
44.05,44.05,31.53,32.92,76.25
49.54,49.54,34.41,27.54,74.00
52.87,52.87,36.56,27.37,75.09
51.60,51.60,36.28,38.77,74.94
49.45,49.45,38.48,25.56,75.58
49.77,49.77,42.51,29.05,75.09
48.65,48.65,40.72,38.39,73.62
48.01,48.01,34.48,38.79,70.60
51.36,51.36,36.21,29.97,74.55
49.80,49.80,37.45,34.18,71.57
45.55,45.55,37.90,38.37,73.81
50.58,50.58,38.29,38.32,72.47
54.69,54.69,38.42,37.45,74.73
55.73,55.73,38.50,34.27,75.01
54.59,54.59,37.45,28.39,74.96
55.35,55.35,36.79,31.83,72.60
55.73,55.73,37.48,36.22,72.20
55.90,55.90,37.29,37.25,75.39
55.81,55.81,37.97,34.55,72.18
55.03,55.03,36.60,33.47,73.47
53.60,53.60,34.66,26.33,72.41
53.26,53.26,32.53,32.20,72.84
53.41,53.41,28.00,35.79,75.17
54.52,54.52,30.30,35.59,71.37
54.05,54.05,29.26,33.29,73.67
52.65,52.65,26.66,26.04,69.95
53.53,53.53,26.93,26.35,72.87
59.19,59.19,32.23,28.32,72.12
58.80,58.80,31.54,30.87,73.61
61.04,61.04,32.10,34.81,74.19
60.32,60.32,33.24,32.90,71.73
56.42,56.42,33.81,32.77,70.45
57.70,57.70,31.19,33.32,72.02
59.36,59.36,33.85,33.47,70.66
59.07,59.07,33.68,39.09,69.74
58.86,58.86,34.71,31.57,70.86
59.78,59.78,34.27,33.20,69.65
59.08,59.08,35.62,28.12,69.71
58.77,58.77,35.54,29.72,69.78
59.11,59.11,33.98,34.44,72.84
57.90,57.90,33.89,24.60,69.71
57.77,57.77,33.96,23.03,70.46
58.11,58.11,33.19,30.01,71.42
56.38,56.38,32.63,31.65,70.02
53.82,53.82,32.49,38.44,69.63
50.88,50.88,32.94,36.31,69.69
46.04,46.04,32.21,25.83,69.93
41.82,41.82,35.94,26.62,74.89
41.72,41.72,33.73,34.86,77.71
43.81,43.81,35.06,38.00,74.46
48.95,48.95,39.50,40.31,76.97
48.97,48.97,39.78,32.01,76.07
46.41,46.41,41.92,24.69,76.17
47.36,47.36,44.15,29.08,75.49
45.97,45.97,46.53,27.06,73.09
44.67,44.67,49.39,23.93,74.51
46.61,46.61,50.33,28.65,71.27
45.38,45.38,39.85,25.83,70.71
45.98,45.98,38.53,30.27,71.81
47.13,47.13,44.99,28.29,70.13
47.13,47.13,44.54,27.53,72.19
48.25,48.25,42.26,28.33,70.82
49.03,49.03,43.02,29.95,72.10
50.07,50.07,45.80,29.04,73.43
50.71,50.71,42.19,22.02,70.34
48.88,48.88,40.08,28.69,73.24
46.61,46.61,39.92,33.70,72.87
38.30,38.30,42.49,28.79,74.54
31.64,31.64,41.81,30.04,75.39
40.00,40.00,38.52,29.23,79.37
47.62,47.62,39.55,29.66,74.85
48.35,48.35,44.90,28.56,76.48
40.65,40.65,47.06,30.01,76.25
35.86,35.86,46.35,21.75,74.02
47.44,47.44,45.86,19.04,74.93
50.22,50.22,46.58,18.33,74.38
49.18,49.18,47.11,24.58,76.49
45.73,45.73,43.07,25.83,73.21
40.10,40.10,41.91,27.44,72.55
45.18,45.18,43.68,29.02,72.94
47.64,47.64,42.31,29.24,76.73
46.87,46.87,38.17,29.47,73.92
42.37,42.37,38.35,30.79,71.29
33.42,33.42,39.68,32.78,72.80
35.27,35.27,36.19,35.66,70.76
36.03,36.03,31.32,33.77,73.91
35.36,35.36,36.09,28.96,72.97
32.87,32.87,37.11,31.23,71.02
34.21,34.21,30.75,33.12,71.37
30.60,30.60,30.21,33.94,71.48
27.96,27.96,31.31,33.51,72.05
25.89,25.89,33.75,31.98,73.96
27.26,27.26,32.64,33.13,70.36
25.93,25.93,30.48,34.67,71.11
24.18,24.18,32.23,33.99,70.19
23.21,23.21,32.25,35.68,73.24
23.68,23.68,30.55,32.98,73.02
23.45,23.45,30.92,32.38,71.75
22.53,22.53,30.63,30.45,71.81
23.09,23.09,31.73,34.92,70.00
22.03,22.03,32.91,33.77,71.07
21.48,21.48,30.21,36.29,71.80
22.15,22.15,32.64,36.53,72.72
22.15,22.15,31.65,34.75,71.34
24.51,24.51,34.13,37.01,70.01
32.03,32.03,35.71,35.58,72.09
33.06,33.06,35.10,37.59,71.53
33.68,33.68,35.61,32.83,70.71
33.18,33.18,34.65,37.79,71.36
30.83,30.83,32.53,39.83,67.41
29.98,29.98,33.58,38.45,67.87
29.03,29.03,32.48,41.70,67.91
27.43,27.43,33.46,40.78,69.88
28.05,28.05,34.89,39.80,68.88
26.77,26.77,34.84,35.75,66.84
25.23,25.23,36.24,36.16,68.01
24.79,24.79,34.71,32.79,67.62
24.52,24.52,34.19,31.51,68.69
23.94,23.94,31.43,33.92,68.39
25.65,25.65,32.80,33.30,66.71
24.38,24.38,34.64,34.89,67.58
23.44,23.44,33.45,31.22,67.75
20.00,20.00,29.25,27.54,67.88
26.59,26.59,32.28,21.10,68.59
19.74,19.74,34.49,19.79,69.87
12.70,12.70,35.47,22.35,77.50
13.54,13.54,38.38,30.93,79.25
12.48,12.48,38.89,28.51,77.21
12.07,12.07,37.93,29.75,76.56
11.47,11.47,34.26,19.05,74.87
11.77,11.77,33.41,22.71,76.67
12.28,12.28,32.06,20.73,75.69
10.84,10.84,30.83,26.04,70.70
11.73,11.73,29.10,23.97,74.51
12.41,12.41,28.19,24.42,74.18
12.73,12.73,27.57,24.69,73.86
14.23,14.23,24.21,20.86,73.09
12.91,12.91,23.81,18.59,74.98
15.84,15.84,22.84,25.32,70.07
18.44,18.44,24.26,25.49,71.80
19.51,19.51,23.49,28.12,73.33
15.30,15.30,17.53,27.82,73.56
13.33,13.33,17.46,24.91,72.52
19.83,19.83,21.52,31.46,70.63
18.67,18.67,22.89,28.94,72.89
14.50,14.50,19.84,19.37,76.78
14.60,14.60,19.09,25.77,72.85
14.31,14.31,20.06,25.99,75.83
15.45,15.45,22.79,29.85,77.03
17.80,17.80,27.13,24.80,73.64
20.65,20.65,29.72,32.17,74.99
24.57,24.57,28.07,22.29,72.24
25.87,25.87,27.82,31.88,73.79
27.02,27.02,30.02,31.89,72.88
28.43,28.43,34.72,21.35,72.21
28.63,28.63,34.07,33.24,71.92
29.67,29.67,31.48,27.76,73.25
30.35,30.35,31.18,28.39,71.47
31.21,31.21,32.94,30.43,70.62
30.66,30.66,33.21,25.49,73.40
29.79,29.79,29.73,24.65,69.13
31.27,31.27,27.20,28.39,73.29
30.51,30.51,28.95,29.40,69.47
31.46,31.46,29.36,28.35,72.00
31.36,31.36,25.85,26.26,70.87
31.82,31.82,26.22,29.48,69.02
31.62,31.62,27.96,28.22,72.25
31.69,31.69,28.01,29.86,70.97
31.84,31.84,29.28,28.45,71.87
32.17,32.17,29.05,30.57,69.72
32.80,32.80,29.68,29.90,69.17
33.29,33.29,30.38,33.69,72.00
33.00,33.00,31.00,34.44,68.55
32.27,32.27,30.79,33.90,71.57
33.59,33.59,29.36,33.84,69.87
32.88,32.88,29.62,32.71,69.44
34.11,34.11,30.33,31.27,69.13
34.06,34.06,29.72,32.64,68.95
33.59,33.59,30.50,34.32,70.40
32.99,32.99,31.62,37.46,68.10
32.23,32.23,29.30,36.25,68.93
32.75,32.75,30.71,37.03,68.74
37.65,37.65,34.06,29.38,67.99
35.17,35.17,33.39,25.07,69.48
33.82,33.82,32.29,29.80,68.00
33.37,33.37,31.86,29.69,69.60
33.78,33.78,30.95,35.35,67.35
33.94,33.94,29.97,38.17,69.75
32.09,32.09,28.45,35.10,69.25
32.23,32.23,31.95,37.92,67.62
34.19,34.19,29.30,36.82,68.03
32.16,32.16,30.49,37.64,64.80
31.01,31.01,31.40,32.62,69.24
31.53,31.53,31.75,36.41,65.87
31.77,31.77,31.20,33.12,66.67
30.98,30.98,30.60,29.42,65.15
29.50,29.50,31.56,30.91,67.13
29.77,29.77,27.94,26.19,66.64
25.20,25.20,20.76,33.66,67.67
22.12,22.12,23.08,29.75,69.00
27.54,27.54,24.24,27.06,68.85
11.69,11.69,20.21,20.20,74.65
11.34,11.34,22.84,20.19,77.20
12.06,12.06,24.12,22.77,75.95
11.47,11.47,26.64,19.00,76.18
11.37,11.37,26.01,22.60,78.59
12.68,12.68,28.49,29.69,77.33
15.53,15.53,30.44,32.35,76.54
18.97,18.97,32.24,31.25,75.01
21.11,21.11,31.83,26.55,75.08
21.37,21.37,31.32,23.06,76.78
22.11,22.11,29.60,23.72,75.77
21.61,21.61,28.33,18.33,74.16
23.80,23.80,28.54,21.82,75.82
24.37,24.37,27.72,19.98,74.61
23.15,23.15,24.52,15.86,76.07
23.61,23.61,22.96,17.79,76.47
26.52,26.52,22.64,22.01,73.03
27.58,27.58,20.44,23.94,73.66
34.51,34.51,21.56,25.62,71.20
37.03,37.03,19.79,21.29,73.06
24.31,24.31,16.79,20.73,74.06
20.74,20.74,18.22,18.15,75.67
24.61,24.61,20.83,23.41,73.50
27.58,27.58,23.35,17.15,75.19
27.37,27.37,24.46,21.13,73.81
26.69,26.69,25.50,24.30,71.56
28.98,28.98,26.24,24.61,72.36
29.70,29.70,27.21,26.65,71.36
29.92,29.92,29.21,24.58,72.52
29.33,29.33,29.20,23.12,72.89
30.38,30.38,31.21,25.43,68.16
28.91,28.91,31.31,22.80,72.98
31.43,31.43,34.49,20.10,71.25
29.35,29.35,32.90,23.91,71.63
28.81,28.81,32.71,21.61,74.57
29.04,29.04,33.82,23.40,71.94
29.34,29.34,34.05,24.64,72.61
29.35,29.35,30.03,25.27,73.97
29.64,29.64,28.22,19.52,69.99
27.91,27.91,28.25,21.67,73.69
29.94,29.94,28.01,29.67,70.91
26.01,26.01,31.64,32.97,73.77
22.02,22.02,30.69,26.85,76.93
22.08,22.08,29.80,20.84,74.58
22.04,22.04,32.07,19.01,72.37
23.48,23.48,28.85,20.94,72.77
24.62,24.62,31.24,19.24,73.40
24.07,24.07,32.48,17.72,73.73
22.47,22.47,31.20,18.21,71.21
22.80,22.80,31.00,14.82,73.18
21.72,21.72,32.73,24.17,71.92
22.19,22.19,32.01,24.51,72.79
21.63,21.63,31.96,22.68,68.56
22.27,22.27,33.27,29.79,74.47
21.97,21.97,31.54,31.14,70.90
22.35,22.35,33.72,29.99,69.99
23.45,23.45,33.59,20.79,71.17
23.50,23.50,34.04,17.76,71.69
22.82,22.82,33.58,23.00,72.13
22.66,22.66,35.24,22.21,73.64
23.69,23.69,34.10,20.58,71.09
23.96,23.96,34.91,25.90,72.69
23.90,23.90,35.57,20.05,72.11
24.34,24.34,36.07,24.28,69.15
22.68,22.68,37.30,25.26,73.31
22.34,22.34,37.65,26.40,66.94
22.59,22.59,36.98,25.48,70.50
22.17,22.17,41.08,26.22,70.23
21.65,21.65,39.28,24.75,67.26
19.89,19.89,38.55,26.04,71.58
19.08,19.08,35.90,20.57,69.74
19.26,19.26,36.55,17.24,69.85
17.18,17.18,32.90,24.74,71.98
28.26,28.26,31.07,28.18,68.88
24.76,24.76,29.28,24.98,71.13
14.49,14.49,32.25,16.10,70.19
10.18,10.18,33.86,25.60,77.59
9.91,9.91,38.64,29.58,76.70
7.77,7.77,37.88,27.93,74.44
9.83,9.83,34.88,20.34,77.82
11.18,11.18,32.12,16.51,77.81
13.94,13.94,31.56,11.90,77.30
13.14,13.14,33.11,7.90,77.90
14.28,14.28,33.29,18.52,75.43
15.85,15.85,32.83,23.84,75.23
18.66,18.66,33.01,20.79,71.65
19.88,19.88,33.69,23.22,71.83
19.97,19.97,32.38,21.14,72.36
19.97,19.97,32.03,19.26,70.66
20.90,20.90,31.76,22.29,72.00
21.04,21.04,31.14,19.46,73.50
21.89,21.89,31.87,21.05,72.59
21.98,21.98,32.07,23.81,73.43
23.07,23.07,32.42,22.03,71.72
23.31,23.31,32.46,19.48,73.07
22.33,22.33,30.85,16.36,73.40
22.38,22.38,32.48,21.09,70.42
26.64,26.64,33.34,20.93,74.90
22.45,22.45,32.58,10.82,71.41
22.33,22.33,33.42,19.25,71.13
22.46,22.46,32.99,22.27,73.17
23.72,23.72,33.95,21.52,70.42
24.16,24.16,34.46,13.26,73.09
23.37,23.37,34.64,13.14,72.21
22.03,22.03,33.09,16.40,69.87
23.20,23.20,33.74,18.99,72.02
22.80,22.80,32.95,21.98,71.77
22.84,22.84,33.31,21.95,69.07
23.17,23.17,33.51,23.47,72.33
24.18,24.18,33.00,24.68,68.26
23.65,23.65,30.11,28.20,71.97
24.94,24.94,26.25,19.48,68.28
26.98,26.98,24.48,23.34,69.75
29.12,29.12,24.53,27.32,69.33
22.49,22.49,21.38,19.61,68.72
20.05,20.05,21.48,22.08,68.26
19.40,19.40,23.94,26.47,75.52
15.83,15.83,24.73,21.31,78.51
14.14,14.14,25.49,8.97,77.52
14.48,14.48,30.55,16.06,76.27
14.04,14.04,32.44,22.03,80.32
15.81,15.81,34.34,24.21,79.18
16.90,16.90,36.20,26.11,76.98
16.40,16.40,33.07,26.05,74.98
15.96,15.96,31.08,24.64,77.16
17.80,17.80,31.01,25.78,74.76
18.78,18.78,31.93,21.98,75.33
18.30,18.30,30.65,19.49,75.59
17.76,17.76,29.00,17.10,74.19
17.35,17.35,29.05,23.11,76.73
16.09,16.09,30.10,26.83,74.20
17.92,17.92,31.27,25.50,72.58
20.46,20.46,30.67,20.58,74.86
17.12,17.12,28.03,23.08,75.17
15.14,15.14,27.36,19.04,73.07
18.32,18.32,28.64,22.05,74.92
22.45,22.45,31.49,24.17,74.64
17.11,17.11,29.74,21.37,72.29
18.62,18.62,33.10,20.52,72.63
17.05,17.05,31.46,19.84,72.17
19.89,19.89,36.46,21.16,73.79
16.38,16.38,34.41,20.80,76.11
13.50,13.50,29.75,16.75,77.38
14.87,14.87,31.26,15.14,77.15
15.48,15.48,31.24,15.28,78.68
15.46,15.46,31.27,16.40,77.71
15.54,15.54,31.31,21.06,76.36
14.93,14.93,30.11,19.11,77.71
17.23,17.23,30.31,12.72,73.88
16.64,16.64,28.23,16.89,74.15
18.50,18.50,27.94,19.27,74.61
18.06,18.06,25.39,18.45,73.08
19.47,19.47,24.66,18.36,72.95
18.94,18.94,25.64,13.15,73.47
14.81,14.81,33.39,6.64,73.72
13.94,13.94,43.15,8.08,73.27
10.52,10.52,46.38,7.51,77.27
14.20,14.20,49.08,5.62,74.96
14.23,14.23,47.84,13.45,77.17
12.89,12.89,44.26,16.42,74.73
13.78,13.78,39.34,23.00,77.76
13.76,13.76,35.28,24.17,73.91
14.33,14.33,35.07,22.37,72.89
14.89,14.89,34.50,21.75,72.85
14.44,14.44,32.30,16.54,70.25
13.96,13.96,27.78,15.16,69.47
13.50,13.50,26.65,8.38,71.21
13.79,13.79,24.69,8.90,69.25
14.06,14.06,23.18,16.15,70.72
13.65,13.65,19.61,17.16,71.35
13.20,13.20,20.35,10.35,72.49
10.84,10.84,21.82,13.43,73.98
21.20,21.20,32.19,16.44,72.18
17.91,17.91,23.09,14.54,71.94
15.23,15.23,18.09,3.26,73.27
13.17,13.17,13.22,0.67,75.16
12.29,12.29,12.84,7.17,74.48
16.25,16.25,16.68,13.59,72.47
15.92,15.92,18.28,13.62,74.27
15.62,15.62,20.99,7.22,75.24
16.55,16.55,20.50,15.82,74.40
18.22,18.22,19.22,15.94,72.92
18.97,18.97,20.89,20.58,72.75
20.25,20.25,22.01,14.39,73.15
21.92,21.92,21.09,17.77,69.87
23.45,23.45,19.69,12.76,75.96
22.57,22.57,21.35,14.08,71.18
22.85,22.85,22.11,15.99,72.37
22.20,22.20,23.90,21.66,70.99
23.19,23.19,26.97,23.92,72.92
22.53,22.53,26.37,26.07,72.65
22.91,22.91,27.75,25.24,72.09
23.16,23.16,28.27,22.12,70.76
22.95,22.95,30.44,27.45,70.64
23.04,23.04,31.37,25.47,72.41
21.63,21.63,27.52,22.50,70.85
20.32,20.32,29.84,25.03,71.38
21.99,21.99,28.21,18.18,70.31
20.95,20.95,30.52,24.15,69.80
21.70,21.70,32.27,22.81,71.67
22.44,22.44,33.18,26.18,70.19
22.45,22.45,32.95,27.66,70.80
24.74,24.74,30.55,23.24,70.50
23.88,23.88,34.14,22.19,69.02
22.86,22.86,35.37,23.53,70.17
22.94,22.94,34.26,22.27,69.88
23.29,23.29,33.12,16.86,69.76
24.12,24.12,34.47,23.52,67.48
24.64,24.64,31.27,17.39,68.29
24.23,24.23,34.23,19.15,67.31
23.59,23.59,31.89,18.13,69.79
27.10,27.10,30.98,15.21,68.09
29.84,29.84,33.41,13.63,66.29
30.38,30.38,38.69,8.97,71.02
29.21,29.21,37.30,11.43,70.31
29.44,29.44,34.35,15.00,68.22
30.44,30.44,32.68,15.52,67.72
30.30,30.30,32.30,14.22,68.13
28.52,28.52,33.82,13.62,67.38
27.25,27.25,33.94,18.15,66.21
28.32,28.32,35.68,22.11,67.53
28.10,28.10,33.75,16.60,64.22
26.42,26.42,34.12,24.31,68.46
27.39,27.39,33.83,21.56,65.61
26.70,26.70,34.42,24.72,67.18
27.14,27.14,33.54,27.78,64.95
25.65,25.65,31.84,24.22,64.81
23.99,23.99,31.43,27.16,64.77
21.35,21.35,28.82,21.92,64.30
20.11,20.11,31.14,18.48,65.01
29.67,29.67,32.70,11.57,66.86
15.19,15.19,26.80,9.68,70.12
11.04,11.04,27.86,9.15,76.76
14.06,14.06,32.97,17.00,77.11
12.92,12.92,29.89,22.41,74.58
12.94,12.94,29.89,22.50,72.20
11.89,11.89,31.83,17.02,72.73
12.11,12.11,30.23,2.01,72.53
11.80,11.80,27.04,3.04,72.75
11.02,11.02,24.33,6.58,70.37
9.63,9.63,24.13,9.42,69.12
10.59,10.59,25.06,13.34,70.62
10.79,10.79,26.47,9.93,71.59
12.64,12.64,27.59,10.22,69.79
15.45,15.45,23.26,6.65,70.93
13.86,13.86,24.44,6.19,69.84
14.50,14.50,23.47,12.30,69.72
15.90,15.90,21.63,10.10,70.87
14.26,14.26,22.70,13.72,71.10
16.48,16.48,25.28,10.92,70.91
15.65,15.65,19.84,13.02,70.50
21.02,21.02,17.38,9.81,69.93
21.76,21.76,13.73,4.73,72.12
22.74,22.74,13.33,0.66,70.65
21.87,21.87,15.33,3.28,74.31
20.83,20.83,16.44,7.71,72.69
22.39,22.39,22.28,8.56,77.16
23.97,23.97,25.00,6.70,70.38
24.14,24.14,29.16,3.75,72.04
24.73,24.73,31.85,4.55,72.79
25.08,25.08,33.38,9.39,73.13
24.73,24.73,35.45,8.60,70.98
25.06,25.06,36.36,12.39,70.06
25.02,25.02,37.00,14.33,72.64
25.89,25.89,37.20,13.30,70.99
25.32,25.32,37.47,12.90,71.48
26.01,26.01,37.60,12.81,71.96
25.40,25.40,35.84,14.41,69.50
24.58,24.58,35.02,14.24,72.79
25.71,25.71,36.07,16.52,72.07
26.50,26.50,34.32,17.03,69.35
26.23,26.23,33.87,24.40,74.62
24.74,24.74,31.81,18.09,71.26
24.58,24.58,32.58,16.19,72.45
24.76,24.76,32.88,19.68,71.75
25.45,25.45,32.74,23.98,72.11
25.28,25.28,32.51,23.86,72.26
25.85,25.85,33.35,23.81,71.19
24.98,24.98,33.29,25.81,71.81
25.54,25.54,34.12,18.60,70.22
24.79,24.79,38.31,24.09,73.21
23.81,23.81,38.79,21.50,70.59
24.19,24.19,38.77,19.66,71.22
23.36,23.36,39.56,19.22,70.69
24.50,24.50,37.92,20.30,73.27
24.36,24.36,40.52,22.52,71.58
22.35,22.35,36.28,19.73,71.17
21.17,21.17,28.28,16.65,71.15
24.85,24.85,31.50,20.47,70.83
23.58,23.58,28.16,9.36,73.41
25.08,25.08,27.63,12.99,72.74
23.77,23.77,25.57,11.04,70.62
22.02,22.02,28.32,13.96,73.82
20.62,20.62,26.64,12.98,70.89
20.62,20.62,25.93,9.72,71.99
21.59,21.59,30.57,10.04,70.94
22.78,22.78,27.72,17.37,71.97
22.45,22.45,31.50,9.44,71.11
22.56,22.56,32.03,15.66,71.86
21.84,21.84,31.06,19.67,70.10
22.68,22.68,29.92,19.96,69.13
21.32,21.32,33.54,19.73,70.53
22.45,22.45,35.81,21.53,69.49
22.69,22.69,31.97,16.33,70.64
23.88,23.88,35.64,14.40,68.72
22.95,22.95,32.11,22.14,67.94
20.80,20.80,30.82,14.24,67.49
18.19,18.19,32.20,10.11,70.40
25.99,25.99,31.93,12.67,70.58
15.88,15.88,32.12,9.98,75.39
12.65,12.65,29.38,1.65,78.88
11.35,11.35,24.69,0.64,77.39
13.50,13.50,27.72,1.03,74.97
11.29,11.29,32.73,2.80,73.99
10.18,10.18,34.99,8.54,76.55
11.07,11.07,35.21,6.57,74.15
12.40,12.40,33.74,9.23,73.35
13.71,13.71,28.10,13.51,75.72
13.84,13.84,21.33,17.92,72.12
15.05,15.05,19.92,19.15,72.61
14.48,14.48,17.96,19.67,73.04
13.07,13.07,19.35,15.90,73.62
14.58,14.58,18.49,22.67,72.81
11.46,11.46,16.23,20.86,71.27
12.22,12.22,17.08,14.52,72.37
17.07,17.07,15.24,11.62,72.19
27.02,27.02,20.99,12.71,71.31
18.37,18.37,19.04,20.65,72.23
17.30,17.30,20.22,22.13,73.34
18.23,18.23,20.55,17.69,75.46
16.13,16.13,18.70,7.73,78.22
14.50,14.50,14.57,6.78,76.94
12.06,12.06,14.08,5.85,77.67
13.43,13.43,16.04,8.84,76.81
13.75,13.75,17.41,11.20,77.62
14.83,14.83,17.09,17.50,77.18
16.64,16.64,19.68,17.67,78.07
15.51,15.51,21.39,22.21,77.57
15.47,15.47,22.12,18.14,76.00
14.89,14.89,21.15,17.18,76.04
14.71,14.71,19.66,20.76,75.10
15.96,15.96,19.02,17.71,73.93
16.53,16.53,18.54,16.03,74.50
17.69,17.69,17.82,19.92,73.32
16.75,16.75,16.71,18.40,74.15
16.49,16.49,14.98,13.57,75.16
22.13,22.13,15.88,6.94,74.75
23.27,23.27,13.38,13.74,76.54
21.30,21.30,12.45,9.17,75.97
20.10,20.10,17.69,7.72,77.11
17.86,17.86,19.53,7.26,72.86
20.03,20.03,20.12,13.48,72.94
21.49,21.49,23.48,12.82,73.55
21.83,21.83,23.45,19.25,70.60
23.43,23.43,22.15,18.31,73.54
25.37,25.37,22.52,19.36,71.96
26.13,26.13,23.33,18.89,71.30
28.09,28.09,24.24,18.41,72.02
27.69,27.69,24.26,24.45,73.09
25.54,25.54,24.57,19.69,73.01
24.14,24.14,25.60,14.72,73.35
25.61,25.61,25.42,23.01,72.12
25.21,25.21,24.82,24.65,70.77
25.60,25.60,30.70,20.57,73.96
25.31,25.31,30.42,22.09,71.17
24.81,24.81,32.22,16.27,72.37
24.94,24.94,32.02,13.42,72.29
25.57,25.57,38.64,14.03,73.44
26.01,26.01,31.86,13.22,73.70
24.83,24.83,35.72,14.12,72.48
25.47,25.47,35.24,25.05,73.02
25.41,25.41,36.36,26.64,73.06
25.41,25.41,39.17,23.24,74.23
25.21,25.21,34.43,17.13,72.22
24.40,24.40,37.40,19.61,73.17
23.73,23.73,41.12,18.67,74.32
24.67,24.67,40.67,15.74,74.00
25.98,25.98,41.69,12.45,73.99
25.91,25.91,41.38,16.01,72.44
24.60,24.60,37.76,17.71,73.73
25.12,25.12,38.89,23.37,71.94
24.37,24.37,42.39,25.29,73.06
22.05,22.05,29.98,25.32,72.17
19.56,19.56,31.45,21.01,72.05
24.23,24.23,23.40,17.14,73.66
25.01,25.01,24.88,15.34,71.98
17.33,17.33,27.59,3.81,81.21
12.73,12.73,25.98,0.45,79.23
12.42,12.42,26.28,4.22,79.76
9.54,9.54,24.77,1.65,78.93
10.40,10.40,23.66,14.32,77.34
11.04,11.04,24.99,21.25,79.67
11.79,11.79,27.61,20.36,77.15
13.90,13.90,28.77,19.17,78.90
15.81,15.81,28.34,21.00,77.30
17.73,17.73,26.21,21.33,75.40
17.14,17.14,24.06,19.09,77.77
19.23,19.23,23.65,19.25,75.35
20.33,20.33,20.91,20.83,74.70
22.46,22.46,22.97,11.51,74.62
24.74,24.74,23.33,21.82,74.93
24.87,24.87,23.81,28.50,75.59
25.34,25.34,23.72,27.53,77.18
25.82,25.82,25.59,24.41,73.47
24.59,24.59,25.75,24.35,75.50
25.30,25.30,26.64,13.34,76.33
24.02,24.02,27.17,8.91,73.64
23.11,23.11,25.57,23.73,76.04
23.35,23.35,26.33,22.86,73.75
24.96,24.96,25.98,21.71,74.30
23.33,23.33,25.77,14.39,75.95
22.90,22.90,25.23,24.03,72.86
23.95,23.95,25.54,21.52,76.48
26.67,26.67,22.89,19.91,73.89
31.04,31.04,21.46,20.63,74.35
35.36,35.36,17.77,19.38,74.29
49.81,49.81,20.41,24.82,73.00
65.75,65.75,23.91,25.43,74.95
71.11,71.11,28.86,21.99,73.42
69.58,69.58,28.74,20.01,72.37
63.26,63.26,25.40,22.13,69.79
55.64,55.64,15.32,25.08,73.03
67.02,67.02,15.10,16.09,73.49
60.37,60.37,18.62,13.04,73.36
65.40,65.40,24.14,21.88,74.20
64.20,64.20,27.12,20.59,79.52
82.42,82.42,27.90,17.71,78.15
85.31,85.31,29.74,20.97,78.98
83.48,83.48,29.02,21.58,77.59
82.69,82.69,27.87,23.77,77.62
78.67,78.67,28.79,29.39,74.78
78.93,78.93,28.83,32.48,74.49
79.45,79.45,31.09,30.26,75.95
79.04,79.04,31.78,26.23,77.94
79.72,79.72,32.43,24.86,74.88
78.53,78.53,32.90,26.78,77.04
79.45,79.45,31.30,25.42,74.10
79.77,79.77,32.14,28.02,73.39
78.32,78.32,32.88,30.00,77.57
78.68,78.68,35.48,26.43,75.11
77.55,77.55,33.26,26.24,75.47
77.46,77.46,32.59,27.10,76.37
75.31,75.31,32.13,25.80,74.89
75.45,75.45,29.23,29.53,75.30
77.79,77.79,28.64,29.80,74.89
76.10,76.10,28.59,28.58,71.95
78.77,78.77,30.82,25.52,74.96
78.52,78.52,30.21,24.62,75.94
79.42,79.42,30.88,20.38,77.52
79.29,79.29,33.62,21.69,77.27
80.19,80.19,34.42,22.26,79.33
82.05,82.05,31.79,21.53,78.92
81.28,81.28,30.32,22.02,78.22
81.31,81.31,32.74,24.14,79.14
81.13,81.13,33.83,17.17,78.18
81.19,81.19,35.16,25.17,75.73
81.44,81.44,35.93,20.98,75.57
80.04,80.04,38.18,19.08,75.09
79.16,79.16,35.99,22.34,75.70
75.56,75.56,29.89,22.38,74.91
66.05,66.05,18.38,23.54,75.32
64.17,64.17,28.02,24.13,74.23
68.22,68.22,32.04,20.01,78.87
68.16,68.16,27.56,18.48,75.99
60.76,60.76,24.82,14.55,80.13
59.41,59.41,22.28,18.48,77.47
64.57,64.57,23.21,20.61,75.84
80.88,80.88,29.38,22.51,74.84
81.37,81.37,32.46,23.90,73.40
77.94,77.94,27.86,24.67,71.30
73.17,73.17,24.36,25.64,73.49
68.10,68.10,23.96,22.95,72.20
70.85,70.85,22.59,22.24,72.54
71.62,71.62,22.74,25.42,74.40
73.15,73.15,27.46,27.84,74.50
74.17,74.17,21.36,29.14,71.78
73.01,73.01,23.86,32.18,74.70
72.85,72.85,27.84,33.51,73.06
73.45,73.45,28.90,30.07,73.13
72.44,72.44,29.68,22.46,75.46
71.70,71.70,26.33,23.47,73.78
69.83,69.83,28.26,23.56,73.22
68.39,68.39,26.66,18.81,74.30
63.40,63.40,19.27,23.48,72.68
66.17,66.17,15.34,18.14,73.67
67.47,67.47,17.50,17.63,78.56
74.66,74.66,21.68,27.27,74.49
78.02,78.02,23.77,24.08,74.52
79.14,79.14,28.65,22.18,73.09
78.87,78.87,26.86,21.17,74.70
78.17,78.17,25.70,23.36,71.36
78.99,78.99,26.91,14.01,71.62
79.47,79.47,28.03,24.52,72.97
77.84,77.84,27.64,19.08,71.79
78.00,78.00,27.70,17.39,72.77
79.13,79.13,28.64,18.34,73.56
79.68,79.68,29.27,22.55,72.83
78.56,78.56,29.90,14.04,73.14
78.38,78.38,31.04,18.79,71.39
78.23,78.23,32.59,19.98,72.13
77.89,77.89,33.03,20.03,72.81
77.80,77.80,33.06,19.03,69.66
78.17,78.17,33.69,22.35,70.65
78.28,78.28,33.42,18.26,69.97
78.15,78.15,34.43,21.19,69.07
77.61,77.61,33.95,13.14,68.01
77.25,77.25,33.79,15.80,68.90
76.23,76.23,33.12,20.46,68.14
75.71,75.71,32.23,18.40,69.66
75.74,75.74,32.80,20.77,69.18
76.46,76.46,34.51,21.12,69.55
76.32,76.32,34.32,20.21,69.94
76.13,76.13,32.68,20.16,69.90
75.66,75.66,32.04,21.07,70.95
75.88,75.88,34.56,14.82,70.88
75.60,75.60,33.71,12.45,70.69
74.83,74.83,32.67,18.87,71.41
74.72,74.72,32.38,17.16,71.55
75.06,75.06,30.59,20.84,71.64
76.45,76.45,27.97,20.70,71.58
76.75,76.75,26.34,21.26,72.30
74.94,74.94,26.98,11.57,71.72
72.76,72.76,28.63,16.24,71.20
73.91,73.91,30.60,18.00,69.37
73.76,73.76,29.02,21.94,71.70
72.69,72.69,28.68,27.24,69.37
73.23,73.23,30.21,29.08,69.30
73.71,73.71,31.74,29.23,68.75
72.79,72.79,31.64,22.91,68.48
71.64,71.64,32.58,25.35,66.20
69.96,69.96,31.34,23.96,64.62
67.24,67.24,32.35,23.14,65.87
56.70,56.70,34.68,23.47,66.79
48.73,48.73,34.72,23.09,64.06
48.50,48.50,37.29,25.87,65.42
45.48,45.48,34.70,25.36,64.55
43.97,43.97,31.48,23.91,62.59
45.27,45.27,27.86,19.85,64.10
36.51,36.51,24.11,16.31,64.09
42.17,42.17,24.15,13.39,67.31
33.03,33.03,25.36,12.11,75.86
33.79,33.79,28.32,1.26,77.08
33.92,33.92,32.08,7.10,79.91
37.33,37.33,30.64,15.16,77.03
45.16,45.16,29.13,15.80,75.15
44.45,44.45,30.11,20.02,74.38
41.81,41.81,32.43,23.45,76.25
39.49,39.49,32.88,21.04,76.55
38.44,38.44,28.38,20.27,75.70
38.44,38.44,27.99,20.45,73.07
39.50,39.50,26.89,16.94,73.13
38.83,38.83,25.23,18.36,75.93
36.92,36.92,24.69,20.97,72.02
37.81,37.81,26.88,19.53,73.03
33.13,33.13,22.18,11.15,73.45
34.06,34.06,21.77,13.72,72.39
28.99,28.99,24.19,18.02,73.32
38.32,38.32,19.54,18.40,70.46
36.10,36.10,22.02,17.23,73.60
47.15,47.15,18.09,16.51,71.24
57.95,57.95,19.55,23.48,73.03
75.00,75.00,18.29,20.90,73.94
76.08,76.08,19.08,12.73,76.59
77.27,77.27,21.59,8.55,77.78
76.96,76.96,20.39,7.39,75.26
77.83,77.83,20.20,3.17,73.50
78.37,78.37,19.16,7.99,76.98
76.62,76.62,20.83,8.79,74.93
74.25,74.25,20.53,18.43,75.44
73.91,73.91,22.05,18.12,74.52
75.29,75.29,22.92,17.96,76.21
76.52,76.52,25.27,26.05,76.22
75.67,75.67,26.77,26.93,75.12
78.29,78.29,27.72,18.71,75.00
78.45,78.45,29.22,12.87,74.09
77.78,77.78,28.28,13.33,75.37
77.39,77.39,29.07,11.15,76.48
77.42,77.42,27.78,12.13,76.44
76.45,76.45,29.78,10.02,75.61
76.18,76.18,29.22,14.47,74.02
78.00,78.00,30.76,11.20,73.81
75.61,75.61,28.94,13.45,72.48
78.72,78.72,29.41,21.16,74.28
77.18,77.18,33.81,17.06,74.83
78.80,78.80,32.36,19.88,73.29
79.45,79.45,28.52,19.95,74.58
78.85,78.85,29.84,19.55,74.55
79.36,79.36,28.66,23.69,74.50
76.96,76.96,26.35,23.32,74.00
77.52,77.52,26.32,25.51,71.66
79.37,79.37,30.82,24.03,72.24
78.91,78.91,30.83,17.63,71.05
80.46,80.46,28.62,19.69,72.48
80.36,80.36,28.42,19.14,72.84
80.54,80.54,26.52,18.63,71.53
80.07,80.07,27.46,23.00,72.80
78.81,78.81,28.68,15.07,72.32
75.09,75.09,25.84,14.75,71.80
68.36,68.36,26.26,21.55,73.48
66.54,66.54,23.66,12.91,72.55
62.24,62.24,22.46,25.31,73.60
67.79,67.79,28.12,21.77,66.57
71.28,71.28,30.70,25.45,74.50
71.22,71.22,33.67,26.12,69.39
64.39,64.39,28.46,24.04,69.98
52.26,52.26,27.25,21.87,70.03
50.08,50.08,26.90,20.71,69.99
53.25,53.25,22.25,25.64,72.73
61.69,61.69,24.44,25.45,68.80
54.14,54.14,21.23,24.23,71.36
61.39,61.39,21.81,26.87,68.22
76.65,76.65,27.19,29.64,70.34
78.82,78.82,32.51,30.79,69.40
79.38,79.38,31.07,25.90,69.00
78.28,78.28,32.97,20.68,69.79
77.60,77.60,26.78,19.30,70.34
77.50,77.50,24.63,9.69,71.59
77.88,77.88,30.94,14.89,76.74
77.82,77.82,35.08,17.51,78.02
77.12,77.12,35.04,28.45,78.45
75.63,75.63,33.08,28.61,69.97
76.11,76.11,30.49,19.98,74.42
76.50,76.50,30.54,15.28,74.28
76.46,76.46,30.21,11.50,74.04
76.13,76.13,31.24,8.16,74.31
75.28,75.28,29.98,6.90,71.69
74.41,74.41,31.19,22.58,74.97
74.24,74.24,31.60,28.50,72.59
75.24,75.24,29.25,26.86,76.62
75.04,75.04,29.64,17.48,73.81
74.71,74.71,29.18,10.54,73.59
74.49,74.49,29.71,16.93,73.86
74.42,74.42,30.20,12.65,73.59
73.08,73.08,29.51,23.60,75.06
73.89,73.89,26.88,28.99,70.53
75.98,75.98,23.28,30.80,72.61
78.08,78.08,22.15,26.30,74.63
77.31,77.31,24.55,21.40,72.54
76.51,76.51,26.17,20.34,73.94
75.58,75.58,28.72,18.79,73.91
74.95,74.95,29.85,17.87,71.62
75.18,75.18,31.57,20.28,72.85
74.92,74.92,32.55,25.87,72.82
75.01,75.01,33.39,22.92,74.69
74.92,74.92,32.02,20.52,73.97
74.81,74.81,31.70,22.19,74.99
74.80,74.80,31.83,18.29,74.91
74.58,74.58,33.34,23.00,74.85
74.82,74.82,31.04,18.95,74.29
74.65,74.65,33.12,16.51,74.61
74.24,74.24,33.39,21.83,75.61
74.03,74.03,34.60,23.62,73.15
72.84,72.84,33.82,23.48,73.80
71.80,71.80,31.88,17.21,72.43
71.18,71.18,29.25,13.36,73.28
70.55,70.55,28.90,15.17,73.47
70.55,70.55,31.90,20.79,74.15
69.93,69.93,33.46,22.61,73.51
69.61,69.61,33.59,25.39,74.19
68.64,68.64,32.23,25.57,75.83
67.81,67.81,32.54,23.93,73.39
67.43,67.43,31.67,18.25,77.23
68.33,68.33,32.19,18.22,73.31
68.26,68.26,32.26,24.62,75.37
67.52,67.52,31.74,25.27,75.49
67.83,67.83,30.10,23.54,73.43
68.98,68.98,31.77,18.48,74.11
69.61,69.61,34.42,16.93,74.16
68.75,68.75,33.88,21.55,74.17
67.26,67.26,32.79,24.96,74.46
65.80,65.80,32.86,23.08,72.24
65.40,65.40,33.85,18.53,74.06
64.99,64.99,33.90,19.80,72.38
65.12,65.12,32.38,22.09,71.46
65.00,65.00,31.50,23.35,72.75
63.75,63.75,33.11,18.22,70.26
63.02,63.02,33.02,24.31,73.24
61.98,61.98,31.39,26.52,74.43
60.75,60.75,31.55,23.35,70.55
56.81,56.81,32.03,21.30,73.58
51.70,51.70,31.84,16.53,71.39
43.66,43.66,31.09,18.56,72.15
46.23,46.23,31.70,21.62,72.71
46.67,46.67,32.15,19.35,69.33
43.89,43.89,33.50,21.94,72.75
40.84,40.84,32.67,21.97,72.47
40.38,40.38,33.08,25.75,68.73
40.30,40.30,31.55,30.91,72.03
40.68,40.68,31.16,32.12,69.06
40.52,40.52,28.71,32.86,68.68
33.61,33.61,22.29,26.88,68.49
37.69,37.69,26.04,20.52,69.56
40.97,40.97,27.37,23.86,71.95
28.39,28.39,26.75,20.49,76.54
21.29,21.29,29.36,12.26,74.64
18.95,18.95,33.39,10.96,78.81
28.12,28.12,30.13,3.09,75.14
29.41,29.41,30.13,15.41,75.85
23.60,23.60,30.48,27.60,74.54
34.30,34.30,28.73,25.93,74.37
36.56,36.56,25.76,22.06,75.02
36.14,36.14,25.06,20.66,73.65
34.34,34.34,25.96,26.13,73.11
32.11,32.11,24.04,24.33,73.48
30.65,30.65,23.62,22.57,74.85
31.68,31.68,23.86,27.64,73.38
36.28,36.28,24.82,28.35,72.60
38.15,38.15,25.63,27.28,72.84
40.61,40.61,25.60,26.05,73.11
42.51,42.51,24.10,20.71,72.50
44.05,44.05,24.88,22.68,71.57
46.63,46.63,25.46,26.75,72.22
45.58,45.58,26.64,29.82,73.34
43.23,43.23,27.04,21.30,71.75
42.55,42.55,27.74,23.74,71.82
39.84,39.84,27.95,23.28,72.69
39.91,39.91,29.87,25.68,72.01
35.14,35.14,28.23,30.33,72.81
32.06,32.06,27.55,28.66,71.33
26.57,26.57,27.11,25.15,71.27
22.39,22.39,26.75,25.64,72.39
26.20,26.20,30.39,29.76,71.05
26.17,26.17,27.30,25.70,72.49
40.25,40.25,33.30,18.13,68.21
50.89,50.89,37.99,25.53,71.27
50.25,50.25,39.41,28.94,71.34
49.89,49.89,42.53,23.16,69.43
40.71,40.71,29.88,24.11,71.57
42.83,42.83,21.26,27.12,69.12
62.46,62.46,29.39,28.36,68.91
73.62,73.62,34.90,30.42,72.92
72.32,72.32,27.33,20.87,71.07
71.45,71.45,35.68,17.41,72.33
69.83,69.83,30.19,17.99,76.25
67.70,67.70,24.90,18.07,76.70
72.51,72.51,27.83,8.72,76.26
81.55,81.55,31.26,9.25,77.41
82.05,82.05,33.17,14.97,76.51
83.36,83.36,32.68,16.37,75.65
82.49,82.49,32.36,17.48,75.87
82.16,82.16,30.95,22.82,76.88
80.83,80.83,31.46,27.73,74.55
80.10,80.10,30.78,29.03,76.58
81.90,81.90,30.57,26.14,75.59
82.52,82.52,34.92,21.17,72.56
83.37,83.37,34.52,17.51,74.10
83.33,83.33,33.96,26.82,76.04
82.43,82.43,31.55,30.33,75.67
83.36,83.36,34.34,31.20,76.48
83.15,83.15,32.04,20.72,73.53
83.08,83.08,32.14,30.44,76.16
83.04,83.04,29.57,30.10,77.02
83.06,83.06,29.74,30.66,78.12
84.12,84.12,31.67,23.64,76.72
83.42,83.42,32.62,16.64,73.98
83.81,83.81,32.10,15.47,74.59
83.55,83.55,32.20,19.06,73.81
83.09,83.09,31.89,18.42,71.50
81.48,81.48,33.29,17.29,73.66
72.16,72.16,30.68,16.19,71.39
78.39,78.39,30.92,16.86,70.63
79.86,79.86,35.30,20.58,74.63
78.81,78.81,36.45,27.06,72.09
77.80,77.80,31.54,26.68,71.53
77.46,77.46,30.00,25.09,74.00
72.26,72.26,27.58,27.82,70.07
62.95,62.95,23.56,26.06,70.44
61.27,61.27,21.57,28.26,71.13
65.14,65.14,19.73,24.62,71.15
66.14,66.14,18.55,19.91,71.48
67.51,67.51,17.63,15.23,72.73
67.39,67.39,18.19,10.16,68.83
68.97,68.97,19.28,9.60,76.78
66.66,66.66,21.66,9.88,74.26
81.59,81.59,26.05,8.53,76.67
83.64,83.64,28.55,5.80,75.89
82.61,82.61,29.98,7.63,76.90
81.87,81.87,28.88,12.93,77.17
81.95,81.95,28.01,12.40,74.85
81.57,81.57,28.39,16.33,73.68
79.34,79.34,28.22,12.99,74.13
79.33,79.33,28.31,14.96,72.11
79.95,79.95,29.36,22.31,70.69
78.92,78.92,32.24,21.70,73.78
80.12,80.12,30.21,17.45,73.35
78.48,78.48,29.94,20.10,74.64
80.05,80.05,26.14,21.20,74.96
79.97,79.97,23.90,18.94,75.33
80.66,80.66,24.35,16.38,76.48
81.31,81.31,24.45,14.08,73.89
78.35,78.35,28.27,15.37,74.36
81.18,81.18,30.91,21.62,74.75
79.65,79.65,28.84,10.79,74.38
82.25,82.25,24.93,17.06,72.33
81.97,81.97,26.85,9.00,75.14
81.08,81.08,24.34,8.94,75.92
80.59,80.59,25.43,8.17,76.30
80.92,80.92,28.87,6.23,75.59
80.45,80.45,29.87,5.01,77.42
80.31,80.31,28.69,4.22,78.11
80.19,80.19,28.84,5.02,76.96
79.83,79.83,27.01,14.08,75.89
79.41,79.41,28.91,16.81,75.95
80.04,80.04,28.42,7.98,74.18
79.86,79.86,29.27,12.80,74.54
79.28,79.28,28.74,16.58,74.67
78.94,78.94,29.09,11.33,73.91
79.01,79.01,28.05,15.94,74.81
78.19,78.19,31.38,13.51,75.76
78.36,78.36,40.87,9.75,77.47
78.64,78.64,39.93,15.55,78.73
78.47,78.47,36.69,16.97,79.19
77.91,77.91,38.19,17.38,76.57
78.35,78.35,35.59,18.12,75.37
78.38,78.38,37.51,14.94,75.85
77.58,77.58,35.13,13.62,74.84
77.95,77.95,33.73,16.00,75.73
77.42,77.42,31.89,17.22,73.11
77.45,77.45,32.83,20.27,72.49
76.93,76.93,29.68,22.60,74.80
75.75,75.75,27.17,25.37,70.51
75.08,75.08,24.92,26.64,73.82
74.03,74.03,25.45,24.09,71.73
69.82,69.82,20.64,22.57,73.94
60.49,60.49,17.87,21.20,74.11
60.07,60.07,19.67,22.27,71.72
62.41,62.41,25.89,24.22,74.77
66.65,66.65,26.57,19.95,70.64
65.01,65.01,25.97,19.78,71.34
60.47,60.47,25.93,18.18,71.76
54.80,54.80,19.01,17.38,70.35
53.98,53.98,17.03,17.98,71.98
54.76,54.76,17.73,14.21,66.60
73.51,73.51,21.99,16.18,72.33
80.76,80.76,25.38,14.46,68.09
78.65,78.65,24.16,12.50,70.94
77.91,77.91,26.43,19.50,68.84
77.59,77.59,25.31,16.96,68.64
79.44,79.44,27.76,17.01,69.53
80.31,80.31,28.59,17.89,66.15
75.70,75.70,29.21,19.46,68.56
76.82,76.82,33.96,21.95,68.41
76.13,76.13,32.79,20.96,67.58
75.26,75.26,28.74,15.63,66.61
73.59,73.59,33.28,12.31,70.13
70.74,70.74,28.46,14.30,68.23
66.10,66.10,23.16,12.19,65.77
64.92,64.92,15.39,2.40,73.68
62.28,62.28,16.99,-0.00,76.59
55.35,55.35,22.53,-0.00,77.27
52.44,52.44,23.10,5.08,72.19
47.40,47.40,25.42,15.80,73.81
41.53,41.53,26.93,17.56,75.83
40.05,40.05,30.39,15.00,74.51
41.12,41.12,29.89,11.15,75.45
41.82,41.82,30.76,8.98,70.78
40.92,40.92,29.44,7.47,76.15
42.12,42.12,29.38,20.91,71.19
37.46,37.46,25.69,16.94,72.80
37.13,37.13,28.98,16.63,70.13
35.36,35.36,29.87,10.24,72.78
33.02,33.02,31.71,16.35,73.19
30.10,30.10,33.36,17.06,72.62
26.79,26.79,34.49,13.13,72.86
22.77,22.77,33.83,15.46,69.94
30.35,30.35,33.12,13.40,73.05
36.92,36.92,34.09,15.36,72.48
46.99,46.99,29.97,10.33,70.44
50.71,50.71,23.68,17.12,70.13
71.45,71.45,15.10,19.73,68.55
77.76,77.76,13.08,20.57,68.84
61.04,61.04,16.09,19.10,69.34
55.53,55.53,20.47,19.64,71.01
50.28,50.28,28.15,21.48,69.73
48.04,48.04,32.05,21.20,69.98
46.93,46.93,38.54,17.36,67.48
56.89,56.89,50.42,23.22,71.48
61.72,61.72,48.88,23.07,70.11
57.68,57.68,42.15,20.20,70.05
51.73,51.73,38.90,11.82,69.67
41.36,41.36,37.61,18.24,66.95
41.85,41.85,35.71,20.88,68.74
47.20,47.20,38.88,20.70,69.39
56.89,56.89,43.88,24.30,69.71
60.72,60.72,44.58,28.46,70.23
60.84,60.84,40.35,24.56,69.50
63.04,63.04,38.23,26.32,68.67
61.44,61.44,29.54,23.26,67.01
65.05,65.05,24.04,15.69,69.14
77.77,77.77,27.34,14.55,69.84
80.64,80.64,26.40,13.58,68.83
80.54,80.54,28.09,16.27,68.66
79.71,79.71,28.26,18.84,70.96
79.64,79.64,26.44,18.30,70.75
79.63,79.63,26.36,21.35,70.42
78.67,78.67,28.23,22.33,69.78
77.79,77.79,32.98,18.31,68.74
76.98,76.98,30.66,11.93,69.96
76.26,76.26,27.05,8.76,70.97
75.92,75.92,24.26,15.94,70.84
76.07,76.07,28.81,20.50,70.38
77.09,77.09,30.55,17.43,70.26
77.64,77.64,27.90,15.26,70.61
76.00,76.00,28.38,20.02,72.87
76.36,76.36,30.65,21.56,69.84
69.58,69.58,31.21,13.83,68.80
68.29,68.29,30.59,15.81,67.73
68.79,68.79,33.18,18.90,70.08
71.25,71.25,31.12,21.68,70.03
69.98,69.98,28.43,24.77,72.54
69.02,69.02,31.07,25.46,70.80
61.25,61.25,31.20,24.43,70.47
49.68,49.68,30.96,21.86,70.62
46.36,46.36,31.75,25.79,68.89
55.66,55.66,31.77,20.25,71.29
66.30,66.30,35.15,29.68,71.56
70.03,70.03,34.03,23.91,69.68
63.68,63.68,31.51,23.51,70.73
59.49,59.49,29.78,17.54,72.16
78.50,78.50,22.17,17.62,69.81
78.37,78.37,21.98,16.74,70.86
76.79,76.79,28.44,21.15,70.40
76.15,76.15,26.02,16.59,72.58
76.16,76.16,19.76,11.63,71.93
71.64,71.64,18.93,5.63,77.64
67.86,67.86,27.95,4.82,80.36
69.66,69.66,31.39,5.82,79.43
69.44,69.44,31.80,5.19,78.98
69.59,69.59,30.71,8.18,76.73
71.83,71.83,30.49,11.02,78.21
70.41,70.41,28.37,8.41,75.15
67.00,67.00,28.33,17.52,74.93
62.96,62.96,22.33,15.88,72.84
51.27,51.27,17.50,12.60,74.51
52.22,52.22,14.35,16.81,72.00
59.44,59.44,19.95,22.77,74.99
60.57,60.57,16.49,20.32,73.47
64.08,64.08,17.05,19.95,71.43
74.36,74.36,21.21,23.05,69.72
79.50,79.50,20.25,22.07,71.80
78.10,78.10,20.86,16.74,69.51
78.05,78.05,21.43,15.06,68.87
75.38,75.38,20.68,12.23,70.67
74.57,74.57,21.98,11.92,69.99
76.34,76.34,20.79,12.91,71.69
75.79,75.79,16.95,12.63,73.47
76.64,76.64,16.77,15.74,74.66
77.57,77.57,17.68,15.04,72.50
77.85,77.85,18.68,5.89,75.91
77.15,77.15,19.49,17.78,74.08
77.36,77.36,20.50,21.81,73.98
76.86,76.86,20.16,25.67,76.30
76.97,76.97,20.25,24.71,72.62
77.40,77.40,20.26,25.31,76.23
77.45,77.45,19.96,21.13,72.36
77.48,77.48,21.87,22.96,72.00
78.00,78.00,23.19,22.41,74.35
77.45,77.45,22.53,21.43,71.32
77.04,77.04,23.14,13.13,71.42
76.80,76.80,22.48,18.37,74.34
76.36,76.36,23.65,19.63,73.10
76.37,76.37,23.25,17.97,75.21
76.50,76.50,25.16,15.04,70.81
77.67,77.67,23.15,19.43,73.71
75.18,75.18,18.34,16.74,76.44
73.01,73.01,20.10,4.61,71.49
71.83,71.83,22.05,5.29,73.36
73.97,73.97,24.70,10.93,70.79
74.74,74.74,27.17,11.67,69.46
74.36,74.36,28.72,7.65,72.02
73.18,73.18,29.28,8.00,68.76
73.48,73.48,29.35,10.49,72.64
75.29,75.29,29.88,12.54,72.38
74.91,74.91,29.59,13.24,71.93
75.29,75.29,30.84,13.42,74.72
76.23,76.23,29.49,13.96,71.47
74.23,74.23,29.81,14.33,71.63
73.12,73.12,29.13,13.97,73.63
75.26,75.26,29.12,19.14,69.94
75.09,75.09,26.62,13.88,73.47
74.44,74.44,26.43,11.63,71.91
73.39,73.39,25.73,16.87,70.20
72.44,72.44,26.50,21.02,73.45
70.11,70.11,27.65,16.81,70.79
61.05,61.05,30.90,11.44,69.99
59.63,59.63,30.44,14.09,73.57
68.95,68.95,32.08,12.73,70.07
68.85,68.85,33.59,17.19,73.43
67.78,67.78,34.65,18.39,70.85
64.23,64.23,36.25,20.85,69.22
67.74,67.74,35.45,17.96,71.55
68.95,68.95,37.00,19.85,69.58
67.43,67.43,35.37,21.56,71.00
64.02,64.02,34.39,11.57,70.55
54.59,54.59,37.73,16.05,68.17
43.19,43.19,37.81,21.64,70.85
38.06,38.06,36.96,28.75,70.46
41.38,41.38,38.66,25.58,67.64
39.71,39.71,32.37,20.53,69.31
47.10,47.10,23.06,14.59,69.70
44.75,44.75,25.75,17.34,73.77
39.31,39.31,25.87,11.84,77.53
39.35,39.35,32.38,13.10,78.62
38.20,38.20,31.76,19.51,77.61
35.55,35.55,32.20,20.07,76.10
33.38,33.38,29.39,13.59,74.22
25.84,25.84,27.98,2.87,76.54
27.48,27.48,25.18,7.86,78.10
29.48,29.48,24.56,11.60,77.73
28.67,28.67,22.21,6.06,74.59
30.33,30.33,20.83,7.60,75.19
29.35,29.35,19.80,12.58,72.28
26.02,26.02,18.72,15.04,73.42
32.24,32.24,17.73,13.13,74.46
26.54,26.54,15.35,18.46,72.82
25.43,25.43,16.02,19.27,74.01
22.86,22.86,17.82,17.15,73.97
25.91,25.91,17.47,16.99,72.29
27.89,27.89,18.10,18.54,74.23
30.35,30.35,20.07,18.71,72.98
32.13,32.13,20.34,16.77,74.22
34.79,34.79,23.27,20.48,74.21
38.03,38.03,24.42,20.02,72.63
39.96,39.96,25.64,18.97,72.49
41.23,41.23,27.01,22.51,76.30
41.37,41.37,29.27,19.36,73.30
41.54,41.54,32.51,14.74,75.58
38.31,38.31,29.92,11.52,75.99
34.13,34.13,30.48,13.16,73.44
29.63,29.63,27.81,19.68,75.22
26.22,26.22,26.92,22.32,74.30
26.18,26.18,25.00,13.54,74.68
28.48,28.48,20.05,15.33,74.96
34.87,34.87,15.21,16.53,73.00
54.71,54.71,20.56,16.18,75.28
69.32,69.32,27.34,22.69,74.06
73.88,73.88,31.45,23.01,73.97
72.66,72.66,34.32,18.72,74.14
73.30,73.30,34.33,22.33,72.67
73.24,73.24,36.17,25.09,76.67
74.02,74.02,28.72,12.14,75.16
69.09,69.09,23.85,10.13,75.12
74.74,74.74,23.72,5.38,72.85
82.61,82.61,23.83,2.89,73.86
83.88,83.88,28.37,1.39,75.73
84.18,84.18,27.77,0.02,73.76
82.84,82.84,27.52,1.91,73.70
80.88,80.88,26.70,8.51,76.92
81.31,81.31,27.07,14.60,75.80
80.79,80.79,25.59,17.44,76.38
79.82,79.82,27.06,12.41,73.36
79.01,79.01,27.49,12.63,73.87
78.52,78.52,26.68,17.62,71.66
75.68,75.68,28.57,16.74,72.87
76.39,76.39,30.55,18.19,72.89
75.76,75.76,31.50,23.40,73.05
76.41,76.41,31.50,29.80,74.57
77.64,77.64,30.57,33.10,73.94
77.91,77.91,29.32,30.75,73.11
77.42,77.42,27.75,23.55,73.43
78.13,78.13,27.47,9.26,74.25
80.38,80.38,31.64,15.58,74.12
80.92,80.92,30.83,17.66,72.56
81.82,81.82,31.96,14.05,75.32
81.71,81.71,32.16,10.68,78.28
81.61,81.61,34.67,10.94,77.46
81.50,81.50,37.01,11.36,76.45
80.79,80.79,34.00,15.77,76.62
81.82,81.82,30.26,16.51,75.90
80.95,80.95,28.84,15.98,75.76
79.66,79.66,29.48,9.08,72.18
80.18,80.18,27.48,13.47,72.61
80.95,80.95,30.65,16.32,71.58
80.69,80.69,28.97,8.51,70.47
80.26,80.26,26.51,10.95,70.85
79.20,79.20,29.02,19.29,71.56
79.46,79.46,31.67,19.49,70.62
79.97,79.97,30.30,13.06,72.09
78.42,78.42,35.83,8.94,70.65
77.77,77.77,37.32,12.51,72.84
76.20,76.20,32.17,16.08,73.12
76.39,76.39,33.24,15.14,72.19
74.04,74.04,32.15,12.88,75.23
73.16,73.16,32.35,15.22,79.44
71.67,71.67,34.46,13.89,73.57
72.83,72.83,39.09,17.09,74.04
70.79,70.79,40.18,20.31,75.90
71.44,71.44,37.23,14.42,75.90
65.79,65.79,30.72,19.30,73.39
57.75,57.75,27.09,25.23,75.32
58.01,58.01,27.06,21.37,75.04
56.70,56.70,24.56,20.52,75.22
57.57,57.57,25.08,18.02,75.74
58.53,58.53,23.37,19.19,73.33
58.47,58.47,26.17,17.89,74.51
57.42,57.42,25.44,19.02,74.40
58.65,58.65,24.43,22.82,72.87
58.69,58.69,23.96,17.86,74.03
58.21,58.21,26.62,22.68,72.61
58.05,58.05,24.43,18.15,73.24
61.69,61.69,20.70,19.07,75.47
73.95,73.95,21.75,20.87,75.99
79.85,79.85,20.62,18.90,74.69
78.39,78.39,18.00,12.54,78.03
78.11,78.11,17.13,12.68,76.93
76.96,76.96,19.72,15.02,77.04
76.91,76.91,19.68,23.12,74.09
75.38,75.38,21.93,30.77,76.86
75.03,75.03,23.12,35.82,73.03
75.63,75.63,22.19,32.87,75.49
76.66,76.66,22.07,26.67,73.35
76.11,76.11,22.77,10.35,72.52
75.76,75.76,24.52,19.31,74.14
75.71,75.71,25.03,24.62,69.95
76.72,76.72,25.12,24.95,72.84
77.33,77.33,25.65,17.46,72.37
75.47,75.47,27.73,9.31,73.99
76.44,76.44,28.65,8.99,70.28
76.77,76.77,27.45,13.03,72.35
76.92,76.92,26.92,18.51,70.77
77.55,77.55,28.28,14.45,74.05
77.35,77.35,29.55,14.18,71.86
78.17,78.17,28.43,19.24,73.01
78.49,78.49,29.94,19.69,73.76
78.85,78.85,27.90,21.28,74.06
79.45,79.45,28.73,23.65,74.61
79.33,79.33,31.18,23.91,73.76
79.13,79.13,31.97,20.02,73.05
78.84,78.84,28.49,13.95,72.98
78.31,78.31,26.49,19.53,73.94
77.81,77.81,25.81,19.09,73.22
78.43,78.43,24.95,14.32,72.50
78.60,78.60,27.61,12.66,73.27
78.42,78.42,27.12,20.86,72.26
77.15,77.15,25.49,15.82,73.38
74.51,74.51,20.67,13.48,73.22
68.31,68.31,23.44,11.84,72.58
73.27,73.27,27.26,15.59,72.32
68.11,68.11,27.37,18.43,73.26
66.22,66.22,24.40,15.11,72.91
64.63,64.63,22.11,13.37,72.02
61.29,61.29,17.54,25.12,73.05
61.90,61.90,17.39,23.51,71.28
60.91,60.91,20.70,19.34,72.45
67.47,67.47,26.09,16.22,70.59
74.67,74.67,24.71,18.57,69.66
76.50,76.50,29.18,19.76,70.17
73.51,73.51,27.95,22.50,69.73
74.99,74.99,26.86,19.45,71.89
74.80,74.80,27.13,22.62,73.18
74.16,74.16,26.41,25.15,73.09
76.31,76.31,28.73,21.31,71.64
74.28,74.28,32.56,19.44,71.88
74.07,74.07,32.89,22.68,71.58
72.04,72.04,36.27,21.42,71.65
59.97,59.97,37.71,17.21,71.76
61.38,61.38,34.53,4.60,71.79
51.23,51.23,32.39,15.60,68.37
56.95,56.95,31.16,23.29,69.93
54.40,54.40,29.93,24.07,70.85
51.22,51.22,26.92,18.49,76.52
49.64,49.64,27.90,19.74,74.19
49.29,49.29,26.85,13.29,71.97
53.15,53.15,27.47,14.11,74.76
55.15,55.15,28.29,16.67,73.79
57.23,57.23,29.59,13.94,72.95
56.31,56.31,28.03,23.14,69.62
55.66,55.66,26.84,23.99,73.10
56.44,56.44,26.96,24.91,72.53
54.01,54.01,26.21,20.96,72.83
51.49,51.49,28.38,21.07,69.49
49.98,49.98,31.16,24.33,74.64
46.45,46.45,32.91,22.11,73.28
40.72,40.72,32.43,21.02,72.42
36.84,36.84,30.67,20.67,71.74
40.79,40.79,27.48,22.51,69.75
42.02,42.02,25.57,27.06,71.32
55.06,55.06,25.33,20.77,72.47
72.70,72.70,26.25,25.33,73.16
70.74,70.74,25.00,20.70,74.26
76.61,76.61,24.66,15.06,73.55
78.85,78.85,18.86,11.82,75.56
75.58,75.58,17.38,20.21,71.04
76.92,76.92,19.08,23.79,70.60
78.19,78.19,21.89,24.25,73.24
79.54,79.54,21.73,21.02,67.98
80.39,80.39,23.79,16.86,71.23
79.64,79.64,23.20,21.26,70.18
79.73,79.73,18.69,18.48,72.36
73.09,73.09,23.06,15.72,70.33
67.84,67.84,27.18,9.97,71.12
71.52,71.52,29.59,11.65,70.37
71.05,71.05,27.93,13.24,72.31
70.93,70.93,27.13,19.77,73.16
71.54,71.54,30.67,14.57,70.16
72.52,72.52,26.09,13.88,75.43
71.96,71.96,25.05,18.49,70.12
71.01,71.01,28.10,21.28,72.47
67.28,67.28,27.41,16.61,71.13
58.47,58.47,23.67,12.01,71.39
48.78,48.78,25.07,21.48,71.89
54.79,54.79,21.38,17.46,71.03
60.83,60.83,24.18,13.76,74.24
72.03,72.03,19.54,15.38,72.33
78.99,78.99,21.79,5.71,76.38
78.28,78.28,21.79,2.77,71.29
78.64,78.64,22.98,2.69,74.35
77.57,77.57,20.96,3.48,72.81
76.46,76.46,24.06,11.74,75.69
80.91,80.91,24.20,11.86,73.35
80.51,80.51,25.81,18.78,72.15
80.44,80.44,28.46,26.18,73.15
80.41,80.41,30.18,20.75,71.80
79.33,79.33,29.05,24.15,74.35
79.26,79.26,31.03,26.19,72.39
80.95,80.95,32.87,24.12,74.04
80.48,80.48,33.09,21.43,73.23
80.21,80.21,28.60,19.61,72.88
77.08,77.08,25.10,12.52,72.86
79.45,79.45,26.94,9.05,68.69
79.10,79.10,28.64,14.03,72.44
77.65,77.65,27.81,11.96,70.25
76.73,76.73,26.26,18.41,73.88
77.48,77.48,26.75,18.24,71.44
76.52,76.52,25.33,23.10,72.26
78.12,78.12,26.02,23.06,70.90
77.21,77.21,25.33,22.25,70.77
76.16,76.16,26.74,17.62,69.05
75.85,75.85,26.96,18.28,68.78
76.70,76.70,26.48,14.63,70.66
76.08,76.08,27.55,18.78,69.98
76.51,76.51,28.01,15.57,67.46
74.47,74.47,29.76,17.50,68.67
73.89,73.89,29.79,17.51,69.64
74.05,74.05,30.67,15.68,70.31
72.89,72.89,29.77,7.82,71.27
72.45,72.45,29.75,1.52,69.79
75.14,75.14,30.80,-0.00,77.81
76.23,76.23,35.26,-0.00,78.40
76.50,76.50,37.23,-0.00,76.09
75.40,75.40,37.22,-0.00,75.81
74.34,74.34,38.35,0.35,74.57
75.87,75.87,37.15,12.36,76.05
74.06,74.06,36.56,22.86,75.13
72.06,72.06,34.16,27.30,74.23
72.56,72.56,34.34,28.53,76.77
72.95,72.95,34.88,22.47,74.47
74.06,74.06,34.64,13.82,73.32
72.42,72.42,34.15,18.18,75.79
72.80,72.80,34.33,18.91,72.77
73.26,73.26,35.50,13.95,71.77
74.57,74.57,35.53,13.01,71.01
75.77,75.77,32.82,15.44,72.17
76.26,76.26,32.57,18.77,72.87
75.63,75.63,30.82,24.62,73.77
77.00,77.00,30.19,27.15,74.02
78.07,78.07,32.01,16.68,77.93
75.96,75.96,33.94,14.66,72.86
76.76,76.76,33.62,3.82,73.75
75.93,75.93,36.36,3.24,78.92
75.24,75.24,35.50,6.69,76.26
76.95,76.95,35.34,5.30,76.58
76.33,76.33,36.97,9.36,77.42
75.25,75.25,35.98,11.56,78.81
76.89,76.89,35.39,13.58,77.75
75.88,75.88,35.50,17.27,77.48
73.84,73.84,34.73,16.67,76.73
73.51,73.51,33.12,13.27,74.69
72.76,72.76,33.47,4.89,75.24
71.78,71.78,32.94,15.96,76.26
71.44,71.44,33.02,15.58,72.95
74.42,74.42,33.63,18.99,73.52
75.17,75.17,35.87,20.59,76.76
71.89,71.89,33.75,15.90,76.59
73.97,73.97,35.78,13.75,76.03
75.09,75.09,34.75,11.17,77.71
73.38,73.38,36.06,9.26,79.50
71.92,71.92,37.04,3.53,75.32
74.33,74.33,37.64,1.42,75.23
74.98,74.98,35.08,0.92,73.87
75.22,75.22,36.07,-0.00,74.00
75.61,75.61,38.00,-0.00,74.49
75.16,75.16,36.33,0.05,71.06
74.63,74.63,35.98,0.07,75.85
74.57,74.57,35.45,-0.00,71.37
74.40,74.40,34.14,-0.00,74.78
74.02,74.02,36.41,1.10,69.40
74.14,74.14,37.44,0.66,71.46
73.86,73.86,40.32,5.97,73.78
74.10,74.10,40.83,8.01,72.12
72.78,72.78,39.91,8.56,73.59
71.79,71.79,39.37,6.63,72.40
71.87,71.87,39.43,7.83,71.01
72.01,72.01,38.87,10.45,71.38
72.42,72.42,38.91,10.08,72.78
72.22,72.22,37.25,6.48,70.50
71.14,71.14,38.78,2.43,70.99
70.90,70.90,39.40,7.92,71.29
71.22,71.22,36.30,16.33,70.36
71.07,71.07,36.43,13.03,72.81
70.62,70.62,36.40,21.27,71.49
68.82,68.82,36.26,18.64,70.37
67.33,67.33,34.74,11.46,70.26
66.81,66.81,34.53,23.13,70.65
66.72,66.72,34.46,20.81,72.60
66.72,66.72,35.30,18.55,70.01
65.74,65.74,35.96,20.01,71.54
65.69,65.69,35.26,17.84,67.57
65.88,65.88,35.98,22.31,72.16
65.41,65.41,34.44,21.27,68.64
63.81,63.81,30.70,19.89,72.13
63.19,63.19,29.41,25.01,69.94
64.12,64.12,24.81,20.14,67.09
62.96,62.96,21.14,9.44,72.54
62.10,62.10,21.43,1.16,76.37
56.11,56.11,19.50,0.13,77.63
49.22,49.22,22.51,1.76,77.56
45.56,45.56,26.12,2.30,74.33
45.67,45.67,26.91,7.10,75.63
41.86,41.86,28.07,12.51,73.42
41.41,41.41,28.27,14.15,73.22
35.75,35.75,29.18,14.24,77.20
31.35,31.35,28.25,15.05,72.80
34.22,34.22,28.35,11.95,74.40
33.58,33.58,28.21,15.95,71.33
34.87,34.87,28.88,21.64,74.70
34.85,34.85,27.11,16.85,73.80
38.80,38.80,25.57,22.61,74.00
38.60,38.60,25.08,24.74,73.96
40.16,40.16,24.74,15.15,72.95
44.71,44.71,25.28,20.61,71.79
49.53,49.53,28.92,25.10,72.16
52.08,52.08,28.76,20.53,73.84
54.89,54.89,29.95,27.86,71.58
59.29,59.29,26.98,17.27,71.50
58.43,58.43,27.24,21.73,69.90
61.62,61.62,25.39,21.74,71.88
61.18,61.18,26.80,14.25,67.67
63.89,63.89,27.66,21.87,70.86
61.32,61.32,28.41,19.74,71.19
60.75,60.75,26.03,14.19,66.04
59.13,59.13,31.40,27.83,71.80
59.26,59.26,28.89,24.59,69.03
55.48,55.48,31.54,22.66,68.67
54.78,54.78,36.52,23.61,72.01
52.37,52.37,31.58,11.59,65.46
50.05,50.05,37.37,22.52,71.11
47.39,47.39,39.47,19.02,70.62
40.91,40.91,34.35,13.26,67.11
39.37,39.37,42.74,23.20,70.83
46.00,46.00,44.53,22.58,69.09
53.99,53.99,34.99,22.98,67.70
59.58,59.58,36.02,23.61,66.89
77.05,77.05,27.60,12.02,69.04
64.23,64.23,28.22,16.47,69.06
76.31,76.31,25.44,26.76,70.17
74.32,74.32,22.03,21.74,68.92
76.55,76.55,20.98,9.85,75.42
76.95,76.95,24.79,19.63,64.61
74.98,74.98,26.35,12.24,68.65
76.11,76.11,24.05,21.53,66.09
76.55,76.55,27.40,22.32,69.51
77.13,77.13,27.44,20.29,71.17
77.50,77.50,30.23,24.75,65.43
78.69,78.69,27.42,27.21,69.58
78.93,78.93,29.21,24.86,68.11
80.32,80.32,28.95,27.36,62.23
80.53,80.53,37.34,31.19,72.38
76.19,76.19,37.37,28.24,65.57
67.91,67.91,38.51,26.93,69.09
58.70,58.70,36.74,25.63,67.66
55.34,55.34,40.79,25.46,64.13
59.58,59.58,41.26,28.15,70.09
64.74,64.74,33.08,21.21,62.38
74.97,74.97,27.20,22.48,63.92
77.67,77.67,31.17,16.65,70.75
77.66,77.66,31.85,25.93,67.33
78.46,78.46,36.39,19.06,68.37
78.06,78.06,35.47,24.51,63.36
78.15,78.15,35.17,31.08,60.09
78.07,78.07,35.28,28.36,67.36
77.90,77.90,35.42,32.78,64.90
76.72,76.72,37.05,29.42,69.07
77.68,77.68,36.77,30.60,63.58
78.20,78.20,36.28,31.24,61.23
78.85,78.85,37.87,34.11,65.59
78.66,78.66,37.11,34.72,60.86
78.69,78.69,42.47,33.20,64.40
78.29,78.29,38.11,28.18,65.33
78.58,78.58,40.69,30.38,63.99
76.22,76.22,42.60,26.77,64.90
76.51,76.51,36.63,18.74,63.93
76.12,76.12,29.95,20.50,65.92
77.64,77.64,18.53,12.72,72.12
75.94,75.94,19.46,12.93,73.27
77.92,77.92,19.54,0.36,75.38
77.37,77.37,23.94,0.00,74.41
77.71,77.71,25.00,3.53,71.79
76.23,76.23,25.03,9.38,71.83
75.68,75.68,27.97,12.70,73.44
75.12,75.12,28.00,13.93,72.76
74.97,74.97,29.70,19.26,73.58
74.87,74.87,28.31,24.06,72.85
75.25,75.25,30.07,22.65,71.12
76.65,76.65,30.30,25.46,72.62
67.56,67.56,30.57,27.19,72.91
55.36,55.36,28.24,21.63,72.00
52.44,52.44,27.98,17.33,70.27
54.17,54.17,26.98,18.70,70.53
48.28,48.28,27.05,22.71,71.34
53.85,53.85,29.67,27.92,69.61
55.37,55.37,28.05,24.99,70.57
58.20,58.20,26.74,29.86,68.65
67.53,67.53,29.94,27.53,70.86
80.60,80.60,29.58,19.03,74.67
82.76,82.76,30.69,17.77,75.18
81.10,81.10,29.92,15.78,74.19
79.52,79.52,28.77,12.21,72.98
78.51,78.51,28.56,18.64,74.49
76.81,76.81,28.34,14.42,75.28
76.39,76.39,28.89,19.88,68.15
77.13,77.13,29.48,21.04,72.26
76.37,76.37,32.38,8.16,71.37
75.79,75.79,34.66,13.26,68.39
76.43,76.43,34.07,20.53,74.16
76.24,76.24,35.64,17.37,66.36
75.39,75.39,36.40,26.99,70.24
74.62,74.62,39.34,24.57,70.52
74.04,74.04,39.86,24.45,69.61
74.62,74.62,36.17,27.62,71.08
74.28,74.28,32.58,24.89,69.51
74.57,74.57,28.23,23.90,70.72
76.19,76.19,27.64,26.50,71.74
76.32,76.32,29.66,31.54,71.18
75.36,75.36,31.44,26.10,70.12
75.29,75.29,34.35,26.53,68.89
75.23,75.23,35.51,25.67,67.96
75.36,75.36,34.32,31.69,71.40
75.63,75.63,33.33,26.68,70.15
76.01,76.01,33.02,26.80,70.84
75.39,75.39,32.73,31.15,69.51
76.31,76.31,32.95,19.74,66.97
75.56,75.56,32.92,26.21,70.57
75.12,75.12,31.05,28.40,67.56
76.48,76.48,32.08,23.04,68.99
75.08,75.08,32.53,27.20,69.42
74.38,74.38,32.58,29.42,66.26
74.85,74.85,33.13,22.90,67.95
74.35,74.35,35.76,30.36,67.50
73.74,73.74,35.29,24.95,65.53
73.11,73.11,33.69,25.39,70.45
73.28,73.28,35.28,27.66,67.50
74.34,74.34,37.20,25.61,68.92
72.97,72.97,37.81,28.84,66.29
74.79,74.79,35.80,30.39,68.86
70.97,70.97,32.73,27.68,62.39
70.38,70.38,30.19,27.01,63.94
68.51,68.51,29.70,26.29,68.57
69.38,69.38,25.44,29.81,64.96
73.29,73.29,31.24,30.79,67.23
73.93,73.93,31.23,27.70,67.10
76.48,76.48,39.98,29.42,65.20
74.71,74.71,43.38,31.96,66.08
71.29,71.29,34.07,28.04,63.98
69.25,69.25,45.36,31.26,65.54
68.36,68.36,41.42,26.82,66.47
73.59,73.59,42.80,31.21,60.74
74.51,74.51,43.57,29.57,68.80
72.88,72.88,36.64,24.02,65.95
62.24,62.24,32.06,21.42,61.95
65.75,65.75,27.70,17.62,70.69
72.23,72.23,27.50,22.02,76.32
78.20,78.20,28.75,17.91,81.34
75.92,75.92,29.17,15.91,80.02
75.77,75.77,30.22,18.11,77.93
76.54,76.54,28.08,21.57,77.64
74.85,74.85,29.11,23.40,76.21
76.25,76.25,30.20,21.34,74.96
76.87,76.87,29.55,25.57,78.13
75.47,75.47,29.08,24.56,74.75
77.45,77.45,29.60,28.39,76.01
76.09,76.09,29.65,25.91,73.71
76.33,76.33,31.34,23.97,76.10
76.93,76.93,33.03,25.95,73.48
76.30,76.30,34.80,28.08,73.23
76.55,76.55,30.15,26.13,75.10
76.78,76.78,36.12,25.68,73.71
77.25,77.25,36.86,24.87,73.68
78.07,78.07,37.94,27.34,70.85
76.59,76.59,35.61,31.25,75.34
76.57,76.57,31.89,26.12,72.41
77.46,77.46,29.75,21.16,74.36
76.94,76.94,31.62,20.35,76.86
74.10,74.10,36.98,23.62,78.76
75.62,75.62,39.21,22.42,75.10
76.05,76.05,38.99,13.90,73.19
73.68,73.68,38.41,15.48,71.47
69.81,69.81,38.46,15.99,71.67
70.55,70.55,37.96,20.43,72.92
74.37,74.37,39.90,21.37,73.20
74.81,74.81,37.93,20.79,71.29
74.68,74.68,35.00,21.97,74.88
75.36,75.36,34.49,18.59,70.67
73.94,73.94,37.51,24.38,72.58
74.63,74.63,36.28,20.10,74.83
75.62,75.62,35.81,24.33,69.56
73.80,73.80,35.13,29.98,74.71
73.72,73.72,32.42,31.43,74.82
74.38,74.38,28.85,26.12,72.41
75.82,75.82,31.66,23.81,71.89
75.45,75.45,35.59,26.77,70.17
74.42,74.42,36.44,27.14,73.21
74.52,74.52,36.96,28.96,73.83
74.75,74.75,37.18,29.00,73.98
74.06,74.06,37.18,30.55,67.56
73.09,73.09,36.00,27.17,72.45
71.53,71.53,33.98,23.97,71.97
73.84,73.84,33.40,21.74,74.02
72.33,72.33,35.13,28.25,71.82
72.30,72.30,33.51,25.16,71.22
71.30,71.30,33.30,28.76,72.30
72.20,72.20,33.78,23.20,70.03
71.26,71.26,32.55,17.95,73.03
72.75,72.75,32.15,19.95,69.65
70.37,70.37,30.49,23.52,72.69
67.83,67.83,25.12,30.18,70.76
68.16,68.16,20.87,28.11,68.35
72.19,72.19,15.76,23.18,70.54
76.07,76.07,18.00,25.74,71.56
79.59,79.59,18.57,27.67,68.96
77.49,77.49,19.79,19.86,71.77
77.30,77.30,20.37,21.91,74.07
77.94,77.94,20.39,17.65,76.96
78.22,78.22,20.46,19.90,75.93
78.26,78.26,25.60,26.26,75.38
75.73,75.73,26.42,22.95,76.63
72.95,72.95,24.08,24.48,74.12
72.41,72.41,20.97,21.76,74.50
72.44,72.44,23.40,18.95,74.28
71.70,71.70,30.05,22.82,76.09
66.75,66.75,30.91,17.20,73.82
62.63,62.63,30.05,18.23,75.07
61.29,61.29,25.98,24.94,75.07
53.89,53.89,27.71,26.77,73.87
56.23,56.23,30.31,18.14,76.10
49.06,49.06,32.15,24.90,74.94
59.62,59.62,40.55,21.24,74.97
65.12,65.12,44.91,26.96,75.60
67.42,67.42,49.06,26.85,74.04
67.42,67.42,47.18,28.08,76.03
66.00,66.00,42.70,26.28,79.77
71.88,71.88,38.23,24.20,77.66
68.73,68.73,37.35,24.54,74.86
67.17,67.17,36.01,24.53,74.53
72.49,72.49,33.37,26.48,76.17
79.68,79.68,35.87,19.43,76.85
80.62,80.62,38.22,25.45,73.55
79.86,79.86,38.64,19.64,76.48
79.25,79.25,38.38,23.44,75.66
80.72,80.72,39.78,26.56,75.23
80.74,80.74,40.65,17.95,74.81
76.72,76.72,41.61,21.29,76.54
72.03,72.03,42.56,22.35,75.46
73.81,73.81,42.15,24.78,77.27
72.16,72.16,42.09,28.03,73.40
73.73,73.73,40.76,26.81,75.60
72.76,72.76,40.21,29.95,75.75
71.76,71.76,39.17,22.62,75.58
73.20,73.20,38.69,25.48,74.62
71.07,71.07,37.23,28.16,74.93
73.34,73.34,33.54,19.66,77.87
73.60,73.60,30.21,29.87,76.58
73.17,73.17,27.36,27.53,77.11
76.08,76.08,27.13,27.51,77.46
76.35,76.35,24.69,29.19,75.38
76.68,76.68,26.13,29.14,77.25
76.31,76.31,24.10,26.84,76.19
75.93,75.93,25.24,27.02,75.53
75.89,75.89,25.73,32.19,77.44
75.35,75.35,23.50,29.83,75.41
73.85,73.85,24.04,25.63,76.14
74.04,74.04,20.05,27.84,77.29
73.73,73.73,22.11,25.36,74.07
72.25,72.25,22.52,18.78,77.77
73.24,73.24,22.05,25.08,74.48
74.14,74.14,21.06,33.18,74.13
72.64,72.64,22.59,33.05,78.28
72.98,72.98,23.89,30.67,75.10
73.51,73.51,25.31,28.19,78.55
70.84,70.84,23.75,32.69,75.40
74.56,74.56,23.00,35.05,75.17
76.33,76.33,23.33,33.89,77.83
75.58,75.58,21.12,34.56,75.96
73.20,73.20,23.42,35.70,77.75
72.31,72.31,22.07,29.73,76.05
72.76,72.76,22.16,31.51,74.82
74.16,74.16,21.06,34.65,77.30
73.54,73.54,21.26,31.94,74.75
73.72,73.72,23.09,29.00,74.32
73.66,73.66,23.44,28.08,74.71
72.92,72.92,22.30,31.73,75.84
72.80,72.80,21.32,34.35,76.89
73.17,73.17,20.71,32.58,76.52
72.52,72.52,20.54,32.65,76.84
72.19,72.19,20.39,34.73,78.12
72.76,72.76,21.72,29.59,76.69
72.32,72.32,22.88,31.50,77.60
72.49,72.49,22.75,37.26,77.75
73.07,73.07,23.44,36.57,76.69
72.86,72.86,23.09,39.10,77.50
73.27,73.27,22.24,32.47,78.11
73.37,73.37,21.58,33.52,75.35
72.40,72.40,22.25,29.96,77.56
72.62,72.62,25.13,34.22,74.46
73.48,73.48,26.35,39.02,77.38
72.24,72.24,26.36,35.96,77.78
72.92,72.92,27.07,32.79,75.89
73.14,73.14,27.12,31.71,77.45
72.64,72.64,25.59,32.27,76.87
72.67,72.67,24.78,38.63,74.94
71.78,71.78,23.51,35.72,78.12
71.58,71.58,20.43,38.80,73.03
72.56,72.56,22.46,38.40,74.85
72.49,72.49,24.90,35.65,77.90
70.98,70.98,30.83,31.94,77.73
70.62,70.62,38.66,28.21,79.93
67.84,67.84,47.42,38.03,79.11
68.05,68.05,40.93,36.18,77.75
66.51,66.51,38.55,27.76,80.83
59.24,59.24,39.35,30.33,78.25
57.63,57.63,36.98,35.22,78.22
56.91,56.91,32.94,37.33,78.90
56.20,56.20,31.87,32.32,76.21
50.05,50.05,29.64,31.75,79.20
44.91,44.91,30.11,33.39,73.58
41.03,41.03,27.83,30.36,76.91
43.35,43.35,24.68,36.82,76.39
40.53,40.53,25.30,31.42,73.87
36.68,36.68,28.94,33.95,77.80
34.68,34.68,32.76,34.64,75.92
35.06,35.06,40.66,36.81,76.60
36.33,36.33,43.57,36.24,78.70
35.16,35.16,35.00,40.94,73.90
33.95,33.95,32.30,36.87,77.94
33.00,33.00,31.15,34.65,77.04
33.19,33.19,29.77,31.88,73.88
32.44,32.44,32.08,31.40,77.25
29.18,29.18,28.70,37.76,72.22
26.72,26.72,29.74,35.84,72.96
30.61,30.61,30.63,37.57,76.43
28.20,28.20,29.36,33.42,72.97
28.45,28.45,29.26,38.80,77.14
25.50,25.50,27.05,38.86,74.79
25.72,25.72,26.48,41.20,74.52
24.47,24.47,26.19,42.30,78.22
25.83,25.83,26.72,42.41,74.21
24.89,24.89,24.90,41.96,75.09
25.37,25.37,24.52,44.70,76.22
24.64,24.64,23.44,40.47,72.80
25.69,25.69,24.61,42.08,75.08
26.00,26.00,23.45,44.02,75.43
25.59,25.59,20.97,39.46,72.85
30.27,30.27,27.54,38.01,74.50
32.27,32.27,40.65,31.32,77.14
22.80,22.80,50.69,33.42,75.53
19.28,19.28,59.00,32.31,75.88
18.61,18.61,65.07,25.37,78.01
21.48,21.48,64.13,29.16,73.95
19.42,19.42,56.48,23.96,76.27
16.33,16.33,54.32,29.00,74.53
16.68,16.68,48.19,20.35,74.96
17.49,17.49,45.33,23.68,75.39
16.42,16.42,44.72,28.89,77.81
18.43,18.43,42.67,31.52,74.76
18.62,18.62,42.20,33.03,75.90
18.66,18.66,38.78,26.78,72.52
18.61,18.61,39.03,32.48,73.90
19.79,19.79,36.77,30.11,76.00
20.19,20.19,34.37,35.91,75.32
21.54,21.54,34.13,31.19,74.22
23.46,23.46,33.02,29.05,74.96
24.88,24.88,31.69,33.46,76.27
26.09,26.09,32.10,37.43,74.50
29.37,29.37,29.06,28.71,74.62
29.36,29.36,28.78,30.13,74.37
26.92,26.92,28.75,34.01,73.39
26.42,26.42,30.46,26.97,73.09
21.88,21.88,29.04,32.23,76.17
22.10,22.10,29.13,27.71,76.51
23.80,23.80,28.56,32.65,75.29
25.04,25.04,28.04,34.40,76.13
25.86,25.86,29.01,35.58,76.78
27.87,27.87,29.31,32.31,77.34
26.73,26.73,29.97,32.43,76.46
26.86,26.86,29.94,28.26,73.95
27.01,27.01,30.14,32.27,74.29
27.79,27.79,30.27,31.66,73.46
27.49,27.49,28.51,27.28,74.11
27.05,27.05,26.39,27.68,73.01
26.66,26.66,23.74,26.03,72.58
26.31,26.31,29.78,31.19,74.19
33.28,33.28,37.47,35.71,74.66
28.28,28.28,37.58,32.83,75.99
22.82,22.82,39.77,25.76,73.92
24.95,24.95,47.15,34.46,72.02
21.79,21.79,46.73,34.30,79.08
18.65,18.65,45.10,29.79,75.79
17.09,17.09,42.55,30.80,79.64
17.96,17.96,39.08,27.78,74.28
19.81,19.81,35.60,34.84,76.41
22.21,22.21,33.57,36.78,74.55
21.03,21.03,34.60,37.26,73.45
19.80,19.80,31.81,28.80,74.83
21.63,21.63,33.08,23.08,71.94
19.71,19.71,31.33,29.93,72.26
21.37,21.37,31.23,31.34,72.56
21.45,21.45,33.60,31.14,72.53
21.94,21.94,29.71,33.69,75.02
22.27,22.27,28.39,35.89,74.87
21.21,21.21,28.42,32.48,71.94
18.96,18.96,27.67,32.34,73.26
26.39,26.39,32.28,26.98,70.99
20.93,20.93,27.96,28.91,74.79
19.75,19.75,26.20,33.90,75.39
19.43,19.43,28.10,29.84,76.21
16.20,16.20,24.11,28.21,75.56
13.22,13.22,22.27,28.51,75.49
14.52,14.52,21.77,27.57,77.22
15.44,15.44,20.90,23.80,77.44
16.70,16.70,22.28,32.87,78.50
18.72,18.72,20.34,32.82,78.05
19.23,19.23,19.55,36.66,74.64
21.42,21.42,19.35,32.08,77.11
22.00,22.00,19.77,25.32,75.69
22.75,22.75,17.81,27.78,76.27
24.71,24.71,16.82,33.60,75.97
24.99,24.99,18.10,27.32,76.04
25.16,25.16,19.32,22.65,72.09
25.87,25.87,21.98,31.06,75.65
24.13,24.13,23.93,34.12,72.80
24.88,24.88,23.22,31.45,73.86
26.02,26.02,23.29,32.08,73.08
27.55,27.55,24.21,27.42,72.42
26.05,26.05,23.68,34.02,73.98
25.40,25.40,24.10,32.12,71.55
27.17,27.17,25.26,31.74,72.20
25.68,25.68,24.19,29.06,73.18
27.54,27.54,24.17,29.14,73.88
27.38,27.38,26.50,26.07,72.44
28.28,28.28,27.58,29.60,73.00
28.96,28.96,30.35,27.38,73.22
28.83,28.83,29.04,30.82,73.59
27.52,27.52,27.98,26.42,73.42
26.68,26.68,29.63,25.62,73.71
25.92,25.92,27.82,27.91,72.78
31.45,31.45,31.03,31.65,73.86
30.22,30.22,29.87,31.86,72.11
27.91,27.91,28.66,35.01,72.53
27.79,27.79,28.02,36.13,72.26
27.28,27.28,29.40,34.62,72.21
27.01,27.01,28.99,32.44,72.46
27.91,27.91,29.59,29.17,72.50
30.60,30.60,26.61,23.87,74.22
30.90,30.90,29.69,23.79,73.29
31.59,31.59,31.53,20.96,73.22
25.80,25.80,27.38,21.15,70.68
25.21,25.21,26.82,21.58,69.84
25.57,25.57,27.94,30.35,71.01
25.58,25.58,26.82,34.54,69.92
26.04,26.04,26.39,33.95,72.09
26.42,26.42,30.11,32.24,71.29
27.18,27.18,31.86,31.18,71.11
27.70,27.70,30.23,32.93,70.27
26.30,26.30,29.28,26.47,69.79
26.99,26.99,31.15,27.10,71.47
25.24,25.24,29.66,23.80,71.86
25.32,25.32,30.30,21.10,70.94
26.42,26.42,28.87,34.15,70.27
27.39,27.39,33.20,32.03,69.90
28.79,28.79,33.51,27.25,70.72
24.84,24.84,31.76,21.09,70.96
25.61,25.61,38.46,22.39,70.17
27.52,27.52,46.65,22.73,72.40
17.03,17.03,52.74,19.07,76.11
18.73,18.73,61.42,21.72,79.01
16.48,16.48,55.97,20.40,76.62
14.09,14.09,51.41,23.74,76.16
14.56,14.56,45.43,23.06,74.37
17.40,17.40,43.63,25.70,74.09
20.70,20.70,38.71,25.31,74.42
22.45,22.45,35.96,26.03,71.49
23.21,23.21,34.21,18.46,73.69
24.75,24.75,33.95,27.36,69.34
22.96,22.96,30.91,25.94,72.75
22.23,22.23,29.41,28.76,71.46
22.77,22.77,28.80,30.46,73.17
24.15,24.15,26.67,25.84,74.09
24.35,24.35,27.80,27.01,68.85
25.47,25.47,27.56,23.50,72.70
26.50,26.50,27.61,21.90,70.65
26.60,26.60,29.76,18.67,70.89
22.36,22.36,29.45,19.90,71.68
18.51,18.51,25.16,26.74,67.96
18.51,18.51,30.02,28.15,73.37
16.89,16.89,28.58,31.42,72.32
15.17,15.17,24.01,30.00,73.35
17.87,17.87,23.97,28.60,72.72
20.89,20.89,25.38,31.30,72.84
22.62,22.62,25.87,24.62,71.88
23.93,23.93,27.23,25.91,70.74
25.51,25.51,27.56,28.13,72.16
24.57,24.57,27.84,20.57,73.80
24.44,24.44,26.53,28.91,71.90
26.05,26.05,28.81,25.16,66.64
26.01,26.01,28.36,26.71,70.56
26.77,26.77,29.10,26.41,71.38
28.44,28.44,29.24,27.50,72.66
29.71,29.71,30.53,30.42,70.24
32.53,32.53,31.59,30.61,70.48
33.24,33.24,28.87,23.85,72.02
31.85,31.85,25.26,34.02,71.44
31.15,31.15,23.91,29.98,71.20
30.92,30.92,20.72,23.61,70.46
28.24,28.24,21.54,26.57,71.28
29.48,29.48,21.89,32.16,72.42
30.58,30.58,22.73,27.47,72.31
32.47,32.47,24.66,33.69,70.99
36.44,36.44,25.24,32.38,73.12
33.94,33.94,24.36,30.96,71.02
32.57,32.57,23.88,38.33,70.13
32.73,32.73,25.98,34.29,72.22
32.68,32.68,26.47,37.53,69.51
31.81,31.81,25.73,34.99,70.24
32.62,32.62,27.81,36.06,69.45
32.69,32.69,28.62,34.01,71.39
31.98,31.98,27.57,33.58,69.54
31.29,31.29,29.74,36.37,70.33
31.34,31.34,29.17,36.55,67.33
30.58,30.58,32.35,34.57,69.36
29.45,29.45,31.12,37.29,69.99
29.39,29.39,29.91,32.95,69.69
30.12,30.12,28.36,37.14,69.48
32.64,32.64,32.25,32.78,69.60
32.34,32.34,29.98,34.82,70.83
29.18,29.18,31.53,32.42,71.48
30.81,30.81,26.24,32.68,73.31
26.92,26.92,30.10,34.88,70.13
27.27,27.27,27.91,36.67,69.89
28.31,28.31,32.32,37.50,69.19
29.67,29.67,26.96,36.44,71.03
30.68,30.68,28.32,35.26,69.82
29.22,29.22,25.08,36.92,69.49
31.24,31.24,26.77,36.64,69.04
31.49,31.49,27.83,36.72,69.27
29.80,29.80,27.46,35.59,67.79
30.23,30.23,27.54,37.42,69.03
30.08,30.08,27.48,36.85,69.83
30.82,30.82,26.65,37.21,68.43
30.13,30.13,26.62,37.97,69.29
27.67,27.67,30.89,38.91,68.13
23.73,23.73,32.49,35.77,69.48
34.35,34.35,43.18,33.56,68.47
18.73,18.73,49.12,25.42,72.90
16.21,16.21,58.60,30.27,78.27
14.34,14.34,53.26,24.44,76.52
11.86,11.86,49.53,29.21,74.49
13.94,13.94,45.66,27.02,72.71
19.44,19.44,39.08,26.44,75.49
21.28,21.28,37.24,26.34,75.59
21.09,21.09,36.38,27.98,73.07
23.38,23.38,34.79,25.89,73.27
25.27,25.27,34.22,34.04,73.92
26.22,26.22,33.43,25.33,70.30
27.11,27.11,32.29,33.01,72.25
29.62,29.62,32.78,28.32,67.29
31.12,31.12,33.36,28.01,73.81
30.24,30.24,33.61,29.86,71.44
30.40,30.40,32.94,29.59,74.44
30.84,30.84,33.07,27.06,73.08
31.85,31.85,31.22,30.82,71.52
28.73,28.73,32.10,29.46,72.95
20.15,20.15,34.06,28.31,72.01
20.96,20.96,27.38,29.71,71.40
19.09,19.09,35.76,34.66,76.79
18.65,18.65,32.54,30.46,75.58
18.94,18.94,25.50,24.94,76.65
20.67,20.67,24.63,25.84,77.12
21.61,21.61,24.88,28.16,77.24
20.63,20.63,25.78,30.32,76.64
22.11,22.11,25.17,32.48,77.27
21.71,21.71,28.06,27.33,78.74
21.66,21.66,29.37,33.01,74.80
22.05,22.05,28.43,34.67,76.97
22.00,22.00,27.04,26.58,74.60
21.62,21.62,26.54,29.99,76.95
21.54,21.54,27.93,27.40,73.81
20.60,20.60,26.64,26.44,74.17
19.32,19.32,29.34,31.21,73.68
21.22,21.22,30.60,29.72,75.43
23.72,23.72,28.96,29.05,74.03
22.36,22.36,30.38,33.99,75.17
21.29,21.29,33.47,31.97,75.76
24.25,24.25,24.49,32.94,75.05
22.02,22.02,26.05,29.83,77.71
21.94,21.94,27.68,24.37,76.59
25.21,25.21,24.59,24.61,76.41
25.16,25.16,26.74,29.91,74.93
25.30,25.30,29.43,27.29,73.29
25.83,25.83,29.73,23.86,73.41
27.29,27.29,26.37,25.51,73.77
27.73,27.73,28.80,24.08,75.11
29.19,29.19,28.52,23.56,74.74
28.84,28.84,29.81,31.30,73.51
28.31,28.31,29.30,29.54,72.50
29.16,29.16,28.25,24.02,73.22
29.80,29.80,29.36,31.62,73.36
29.82,29.82,28.81,30.01,72.56
29.05,29.05,28.75,34.44,74.37
27.76,27.76,28.45,29.01,73.22
27.47,27.47,28.14,33.69,72.67
26.34,26.34,28.28,35.25,74.09
26.39,26.39,28.61,31.90,74.16
25.72,25.72,28.08,35.40,74.75
26.21,26.21,28.01,34.12,73.58
27.37,27.37,28.51,34.25,73.21
26.90,26.90,28.35,23.85,72.92
27.48,27.48,28.44,29.88,74.67
27.13,27.13,29.44,28.76,72.92
25.71,25.71,27.07,29.95,72.91
25.78,25.78,27.51,29.83,72.28
25.94,25.94,26.44,33.04,72.06
24.52,24.52,24.68,33.68,71.10
24.50,24.50,25.52,35.52,72.40
24.88,24.88,25.45,36.07,72.24
24.03,24.03,24.10,31.61,72.12
25.27,25.27,24.14,32.60,72.37
25.27,25.27,24.59,35.08,70.50
25.57,25.57,25.79,35.89,71.14
24.21,24.21,29.51,32.04,71.17
34.55,34.55,37.58,29.55,71.13
32.00,32.00,40.05,21.02,71.84
23.78,23.78,43.53,17.21,77.45
24.88,24.88,47.35,27.42,77.21
22.97,22.97,47.84,30.42,78.90
22.89,22.89,45.11,31.07,76.95
22.18,22.18,42.79,28.33,77.69
22.21,22.21,39.90,31.23,79.29
23.22,23.22,37.68,29.95,75.21
23.67,23.67,36.80,30.48,77.98
23.97,23.97,38.49,31.54,75.78
23.09,23.09,37.97,23.79,74.61
25.16,25.16,37.58,27.74,75.44
25.36,25.36,37.62,29.97,74.00
24.98,24.98,37.08,31.90,75.51
24.38,24.38,35.48,27.02,74.31
23.37,23.37,35.32,29.04,74.69
21.11,21.11,34.09,31.98,76.05
21.12,21.12,32.59,35.08,75.39
22.94,22.94,33.23,32.34,76.04
24.41,24.41,34.15,28.41,77.05
24.29,24.29,34.09,28.54,75.29
22.83,22.83,33.80,26.55,75.20
23.81,23.81,34.07,24.34,76.90
22.41,22.41,32.37,28.56,75.08
23.84,23.84,33.33,32.67,76.60
25.31,25.31,34.45,32.08,76.62
25.39,25.39,34.21,32.80,74.17
24.45,24.45,32.62,34.20,75.68
24.49,24.49,31.89,33.22,74.52
25.75,25.75,31.71,33.57,76.16
27.03,27.03,32.82,29.04,74.56
27.01,27.01,32.42,32.44,71.84
27.72,27.72,32.08,32.66,74.06
27.95,27.95,31.07,34.79,71.82
28.00,28.00,30.85,30.06,71.79
27.43,27.43,29.29,30.69,71.52
27.26,27.26,28.15,36.59,71.17
26.64,26.64,29.02,34.83,73.47
30.25,30.25,37.31,27.32,73.49
26.47,26.47,44.89,28.59,72.54
23.83,23.83,52.87,34.81,72.00
20.64,20.64,63.91,35.88,76.68
20.17,20.17,63.65,32.61,75.38
23.31,23.31,62.29,36.36,76.11
21.68,21.68,57.56,37.90,75.37
19.39,19.39,55.58,36.50,74.90
19.69,19.69,51.09,39.47,72.66
19.10,19.10,48.82,39.01,72.91
18.18,18.18,46.12,39.85,72.06
17.27,17.27,45.42,40.57,72.45
19.56,19.56,44.81,41.00,70.68
22.28,22.28,44.32,39.32,72.30
23.89,23.89,43.02,34.34,71.77
23.62,23.62,42.76,34.92,70.28
23.74,23.74,43.10,39.53,72.18
23.24,23.24,42.30,39.26,72.09
23.18,23.18,40.93,41.76,73.90
23.93,23.93,40.01,40.40,72.89
22.23,22.23,37.57,40.87,72.47
21.55,21.55,37.02,42.24,75.39
20.60,20.60,36.37,38.37,73.27
20.10,20.10,35.44,34.64,74.55
21.86,21.86,35.33,40.62,76.00
25.92,25.92,32.15,44.56,71.99
26.71,26.71,34.40,40.90,75.14
21.04,21.04,33.80,34.80,74.60
18.06,18.06,33.76,39.01,74.43
15.02,15.02,32.09,38.18,74.50
15.69,15.69,31.77,36.04,71.72
18.07,18.07,31.21,38.17,74.09
18.31,18.31,32.51,39.65,72.50
18.09,18.09,29.24,42.66,73.55
18.19,18.19,29.06,43.29,73.07
19.33,19.33,30.47,41.39,72.82
20.51,20.51,30.41,42.62,72.00
18.69,18.69,29.97,48.37,73.98
20.43,20.43,28.23,46.35,72.81
20.59,20.59,28.69,46.70,72.69
19.17,19.17,27.47,43.94,72.49
21.50,21.50,30.60,41.89,73.08
17.17,17.17,32.98,40.28,74.62
20.06,20.06,40.99,43.52,75.62
26.91,26.91,49.47,43.10,77.03
27.69,27.69,45.25,46.14,75.46
23.37,23.37,44.68,41.38,71.68
19.18,19.18,38.93,37.79,73.49
20.87,20.87,36.53,32.96,76.51
23.05,23.05,33.43,29.33,73.41
24.83,24.83,31.87,24.85,76.08
24.18,24.18,31.00,29.27,72.71
24.39,24.39,31.68,33.97,73.36
24.65,24.65,31.60,39.64,72.66
23.84,23.84,31.03,43.48,70.40
23.79,23.79,31.27,43.05,74.67
22.19,22.19,30.64,36.18,71.30
21.97,21.97,29.75,38.67,71.98
22.34,22.34,29.85,31.83,73.51
23.32,23.32,30.97,27.67,71.23
22.28,22.28,31.33,29.71,73.34
24.54,24.54,35.29,25.12,69.19
17.88,17.88,31.53,29.95,70.06
16.24,16.24,29.05,28.52,71.64
19.27,19.27,29.53,20.92,73.78
20.38,20.38,30.34,20.17,75.46
18.14,18.14,29.30,21.27,75.15
18.53,18.53,33.78,22.30,75.40
17.06,17.06,33.75,27.89,74.29
18.68,18.68,33.07,27.75,74.56
20.13,20.13,34.86,19.13,73.56
20.71,20.71,30.51,21.94,74.05
21.41,21.41,28.86,27.49,73.67
22.33,22.33,29.64,19.12,71.36
22.01,22.01,29.41,33.16,74.67
23.27,23.27,29.76,31.84,72.23
23.64,23.64,29.98,30.63,75.18
23.60,23.60,30.21,26.68,72.67
24.16,24.16,30.23,29.27,74.20
22.82,22.82,31.69,36.94,72.36
23.18,23.18,31.07,29.75,72.30
24.41,24.41,32.01,34.03,73.00
22.86,22.86,30.31,31.57,74.25
24.68,24.68,31.32,33.25,72.96
25.55,25.55,30.69,28.11,72.87
26.57,26.57,30.56,28.42,70.89
27.53,27.53,30.39,33.31,73.45
28.03,28.03,31.03,30.99,72.54
28.50,28.50,31.62,27.27,69.16
30.64,30.64,32.96,30.01,70.58
29.20,29.20,32.34,33.47,69.66
29.27,29.27,32.16,34.63,71.62
29.56,29.56,32.50,31.59,71.67
29.02,29.02,33.34,30.37,71.54
27.69,27.69,33.22,36.09,69.81
27.88,27.88,37.39,32.76,70.87
27.24,27.24,33.61,34.59,70.49
27.81,27.81,31.57,34.33,71.40
27.47,27.47,33.79,37.59,70.44
28.75,28.75,36.69,36.17,69.58
29.28,29.28,35.14,31.41,69.95
28.71,28.71,33.38,34.13,70.64
30.53,30.53,31.97,26.31,72.32
26.50,26.50,32.91,22.44,71.48
21.76,21.76,35.14,24.29,76.04
19.48,19.48,35.59,24.28,70.41
18.01,18.01,31.27,25.22,75.44
18.04,18.04,30.07,25.23,74.56
19.82,19.82,30.01,27.49,75.56
22.31,22.31,31.15,26.30,72.14
21.43,21.43,32.09,22.79,75.16
21.15,21.15,32.63,27.86,72.83
20.16,20.16,31.25,20.91,75.25
19.28,19.28,29.57,24.42,73.76
19.37,19.37,29.73,29.56,73.75
19.35,19.35,30.26,26.85,74.68
20.96,20.96,32.21,23.13,72.35
19.85,19.85,31.28,25.35,73.80
22.47,22.47,33.26,27.40,73.66
23.82,23.82,31.84,25.72,73.43
24.84,24.84,30.55,31.80,73.09
22.89,22.89,36.54,28.01,74.19
24.42,24.42,44.59,14.69,74.51
24.38,24.38,52.40,26.27,71.86
20.90,20.90,60.29,16.20,76.98
20.66,20.66,61.03,11.24,77.01
21.32,21.32,57.01,12.97,72.97
18.16,18.16,53.99,10.67,77.95
20.65,20.65,47.41,17.92,73.05
22.90,22.90,46.04,21.14,76.57
25.00,25.00,41.32,26.22,74.86
24.76,24.76,39.81,21.46,74.72
25.90,25.90,36.66,25.67,75.21
26.63,26.63,37.38,23.02,75.35
28.19,28.19,37.14,22.62,76.38
28.27,28.27,36.02,21.95,73.35
29.69,29.69,37.85,24.95,74.18
27.48,27.48,36.14,17.75,70.01
30.05,30.05,37.62,21.42,76.07
30.55,30.55,38.04,22.43,71.73
28.42,28.42,39.56,25.38,73.66
27.13,27.13,42.67,20.96,74.51
24.92,24.92,36.58,23.44,73.70
21.56,21.56,40.64,27.23,78.40
20.01,20.01,37.65,22.05,75.45
17.05,17.05,32.61,18.42,75.69
16.92,16.92,38.91,14.14,76.55
20.07,20.07,32.88,7.68,78.22
19.57,19.57,35.39,7.49,76.11
19.40,19.40,40.73,6.09,74.85
21.79,21.79,38.18,6.24,74.79
24.32,24.32,35.29,3.66,76.47
25.18,25.18,38.97,3.98,76.31
23.40,23.40,41.77,7.46,72.98
23.69,23.69,39.64,5.38,74.62
26.06,26.06,36.53,0.98,76.25
25.98,25.98,44.67,-0.00,77.39
23.85,23.85,41.98,8.91,75.10
23.75,23.75,47.00,31.09,75.92
22.89,22.89,45.55,39.47,75.97
19.31,19.31,41.08,53.99,77.39
19.02,19.02,64.73,71.19,75.84
17.43,17.43,64.06,76.18,76.74
14.75,14.75,51.11,73.05,75.75
16.24,16.24,47.03,72.83,80.63
19.19,19.19,34.93,72.14,81.22
26.83,26.83,35.99,71.40,83.81
25.64,25.64,29.85,71.59,82.90
23.81,23.81,36.34,72.63,82.09
17.82,17.82,17.65,71.40,82.33
15.24,15.24,26.90,71.78,83.10
15.66,15.66,20.56,71.88,81.40
16.11,16.11,21.97,71.97,78.30
15.09,15.09,16.15,72.47,77.13
15.56,15.56,20.76,71.63,79.16
15.48,15.48,18.60,70.35,78.95
15.76,15.76,20.00,71.65,77.77
16.42,16.42,16.76,72.74,80.26
16.03,16.03,11.80,70.58,76.11
15.38,15.38,15.11,70.10,78.68
13.79,13.79,28.98,71.45,76.08
15.04,15.04,34.79,71.77,78.73
17.43,17.43,36.52,70.38,76.05
18.52,18.52,44.94,68.79,79.30
15.73,15.73,46.46,70.93,79.49
16.12,16.12,39.78,71.90,79.25
15.89,15.89,49.67,72.28,80.83
16.09,16.09,53.21,72.47,80.06
18.83,18.83,52.27,70.48,78.45
20.09,20.09,47.10,70.88,80.59
21.83,21.83,47.54,72.60,78.95
20.91,20.91,41.13,70.59,81.81
20.78,20.78,42.17,68.80,77.85
18.32,18.32,39.56,69.45,77.62
16.01,16.01,33.87,69.48,79.69
15.65,15.65,32.61,68.94,78.01
15.00,15.00,32.53,68.85,78.81
14.63,14.63,46.31,67.98,77.69
12.33,12.33,62.05,68.34,76.66
16.10,16.10,67.51,68.27,76.88
14.35,14.35,74.29,65.98,72.57
12.02,12.02,89.01,63.17,79.61
9.94,9.94,83.15,62.28,79.53
3.74,3.74,79.39,64.19,78.65
4.29,4.29,72.65,61.55,80.47
7.55,7.55,66.43,60.01,76.93
13.60,13.60,62.42,62.39,79.70
17.79,17.79,57.29,64.34,78.96
18.89,18.89,52.36,65.07,76.30
17.66,17.66,47.49,65.68,80.43
19.08,19.08,45.89,63.51,79.59
20.34,20.34,43.27,60.55,78.61
20.00,20.00,39.34,58.84,80.32
20.85,20.85,37.48,56.17,76.88
21.12,21.12,36.77,49.31,77.35
22.82,22.82,36.45,49.36,77.28
22.29,22.29,36.98,46.15,79.08
21.17,21.17,37.85,40.70,77.89
22.92,22.92,37.94,31.66,77.97
17.38,17.38,42.34,35.95,77.87
19.96,19.96,51.93,31.73,76.69
20.22,20.22,61.30,40.90,75.55
15.49,15.49,67.57,49.18,77.25
19.09,19.09,85.74,55.88,78.29
20.76,20.76,85.20,58.84,78.06
24.29,24.29,81.48,55.45,77.68
25.55,25.55,77.09,57.73,77.05
23.44,23.44,77.21,59.16,78.12
22.42,22.42,75.12,57.27,80.13
23.25,23.25,70.84,57.22,80.52
22.17,22.17,68.03,55.72,82.05
21.55,21.55,61.68,48.62,80.86
21.29,21.29,60.63,47.65,81.89
20.50,20.50,64.68,49.60,80.74
20.88,20.88,56.60,45.04,80.71
19.61,19.61,53.66,33.76,81.99
21.40,21.40,59.96,32.83,81.07
18.44,18.44,64.14,35.39,80.08
18.74,18.74,63.66,37.98,80.94
17.73,17.73,70.48,44.49,79.58
18.85,18.85,70.12,45.04,79.23
15.50,15.50,92.19,62.77,77.37
13.84,13.84,91.25,63.78,79.49
15.40,15.40,83.49,68.45,79.99
16.90,16.90,84.95,70.44,79.22
16.10,16.10,77.58,72.66,81.98
16.61,16.61,72.99,72.94,80.80
16.15,16.15,71.88,70.01,80.90
17.59,17.59,73.18,70.96,80.83
18.00,18.00,70.96,73.96,79.47
17.43,17.43,70.30,74.34,79.37
16.65,16.65,64.45,75.18,80.39
16.35,16.35,64.90,73.24,79.66
16.47,16.47,58.40,75.18,77.86
16.35,16.35,61.97,72.40,78.60
16.20,16.20,63.24,73.49,77.25
14.97,14.97,58.13,71.53,76.79
14.63,14.63,58.11,74.44,77.37
15.42,15.42,60.92,71.84,76.15
16.68,16.68,54.79,73.46,76.72
21.05,21.05,45.72,71.71,76.70
19.99,19.99,32.60,72.99,77.17
17.04,17.04,43.41,71.57,75.65
15.93,15.93,52.47,73.44,78.61
19.57,19.57,48.39,73.06,77.01
20.11,20.11,51.64,72.47,77.97
18.77,18.77,49.27,73.24,78.12
20.55,20.55,48.47,72.31,78.69
22.90,22.90,51.41,73.82,77.71
21.65,21.65,49.04,72.58,77.05
21.93,21.93,45.07,73.44,77.75
21.15,21.15,42.50,72.38,78.47
21.10,21.10,40.73,73.91,77.00
22.14,22.14,37.61,71.57,77.89
21.52,21.52,36.14,73.88,77.58
24.32,24.32,46.34,72.01,78.80
23.79,23.79,45.66,74.41,79.06
23.85,23.85,40.04,71.58,78.30
24.49,24.49,52.33,73.08,77.94
22.87,22.87,68.36,72.71,77.11
17.61,17.61,78.40,71.86,77.51
9.83,9.83,87.43,68.30,80.18
15.37,15.37,86.30,68.80,76.49
22.43,22.43,76.95,70.70,78.71
24.93,24.93,74.97,70.31,80.22
26.71,26.71,67.87,73.19,79.89
29.41,29.41,61.62,70.95,78.77
30.10,30.10,58.52,72.60,81.44
29.21,29.21,56.51,70.98,78.04
29.95,29.95,58.49,73.67,79.93
29.14,29.14,49.15,70.26,78.36
26.56,26.56,44.55,72.77,76.92
25.14,25.14,38.65,71.10,76.42
24.54,24.54,40.08,72.79,75.47
24.48,24.48,34.22,72.22,77.08
24.11,24.11,35.47,71.42,74.71
22.93,22.93,32.60,73.20,76.56
23.32,23.32,26.26,72.13,77.44
25.13,25.13,25.40,72.45,77.08
30.34,30.34,28.82,72.09,78.37
33.62,33.62,29.31,72.97,78.19
30.81,30.81,28.00,71.07,79.10
28.41,28.41,24.41,73.88,77.73
27.42,27.42,23.66,71.44,79.04
26.54,26.54,17.92,73.84,79.08
26.96,26.96,21.88,71.11,76.58
26.49,26.49,21.14,72.68,79.93
29.66,29.66,23.34,71.30,76.61
32.87,32.87,22.16,72.54,78.66
31.50,31.50,19.93,72.80,78.30
30.91,30.91,20.25,71.49,76.82
30.59,30.59,20.63,72.55,78.35
29.87,29.87,20.98,70.61,77.56
31.05,31.05,20.95,71.39,76.29
33.08,33.08,23.54,69.83,78.49
39.87,39.87,33.79,70.64,76.33
49.23,49.23,49.34,68.31,78.26
55.34,55.34,59.96,68.48,78.16
59.02,59.02,71.23,61.51,76.45
68.33,68.33,80.98,56.03,75.38
70.61,70.61,93.68,57.56,73.82
83.12,83.12,91.16,61.41,75.68
84.95,84.95,81.83,66.09,78.60
83.55,83.55,81.62,69.76,74.84
81.97,81.97,77.82,68.00,77.28
82.66,82.66,66.07,62.31,76.16
81.88,81.88,72.90,60.29,75.62
81.77,81.77,68.90,57.79,75.77
80.87,80.87,70.86,64.21,76.67
82.14,82.14,70.28,69.20,76.12
80.77,80.77,67.52,70.73,74.09
80.50,80.50,65.23,70.90,75.11
79.22,79.22,60.74,71.35,75.28
80.30,80.30,66.44,68.31,76.42
79.89,79.89,62.38,67.41,73.73
79.49,79.49,59.75,65.31,76.09
77.93,77.93,59.27,68.91,74.14
78.65,78.65,61.51,66.83,71.80
77.22,77.22,55.76,69.72,77.98
67.28,67.28,46.83,67.12,74.67
71.07,71.07,41.61,69.19,75.18
75.62,75.62,53.30,69.53,77.25
81.24,81.24,52.14,70.29,73.51
81.84,81.84,48.17,68.89,76.70
80.68,80.68,41.79,69.79,75.68
80.92,80.92,42.47,69.91,75.49
81.68,81.68,38.89,68.91,77.19
81.54,81.54,39.23,70.38,74.77
82.31,82.31,41.59,69.79,76.34
81.32,81.32,37.02,70.35,74.68
82.65,82.65,41.21,68.88,75.76
83.04,83.04,42.80,71.00,75.86
81.66,81.66,37.86,68.63,76.02
82.23,82.23,33.36,71.33,76.53
81.31,81.31,32.90,69.06,77.04
81.57,81.57,33.51,69.70,77.79
81.19,81.19,48.43,68.95,76.50
78.39,78.39,59.46,69.55,77.61
71.58,71.58,64.79,67.70,75.82
71.92,71.92,78.43,60.49,71.83
74.78,74.78,90.43,58.07,71.87
79.94,79.94,79.78,60.40,70.58
78.35,78.35,77.75,66.56,72.85
76.53,76.53,72.49,65.07,74.26
72.89,72.89,68.39,66.47,73.58
61.19,61.19,63.35,63.93,75.37
55.82,55.82,58.50,63.85,75.44
48.42,48.42,55.49,62.42,75.92
46.99,46.99,50.21,64.95,79.16
50.61,50.61,45.39,62.84,76.13
47.95,47.95,39.72,63.32,75.20
50.36,50.36,35.65,60.26,75.46
46.48,46.48,33.89,60.43,76.51
47.90,47.90,31.60,59.05,73.63
48.05,48.05,28.84,60.44,76.74
52.75,52.75,39.06,59.83,76.89
52.42,52.42,56.92,61.12,76.21
66.18,66.18,64.64,57.15,72.66
75.74,75.74,64.75,50.38,68.64
80.78,80.78,88.79,50.74,74.62
82.97,82.97,91.15,48.70,72.12
81.25,81.25,85.77,48.79,73.15
80.69,80.69,82.08,47.78,74.84
79.83,79.83,80.59,55.74,76.47
78.81,78.81,73.66,53.25,74.78
78.49,78.49,72.75,53.88,76.96
78.21,78.21,71.79,54.62,78.39
78.72,78.72,68.11,46.55,75.69
78.66,78.66,71.07,39.52,74.91
80.00,80.00,67.24,31.39,78.85
80.05,80.05,64.71,34.87,76.05
79.81,79.81,61.82,30.48,76.96
80.33,80.33,61.40,22.13,78.61
80.49,80.49,61.84,18.06,77.00
80.23,80.23,61.18,23.99,77.69
80.20,80.20,62.20,28.64,72.58
79.79,79.79,62.43,41.75,74.50
79.47,79.47,64.48,43.03,72.83
79.59,79.59,71.37,55.69,71.48
79.49,79.49,92.60,64.91,74.48
79.28,79.28,88.35,66.84,75.46
80.02,80.02,77.28,67.33,76.94
80.16,80.16,83.29,75.07,77.48
79.78,79.78,77.62,72.24,77.92
79.62,79.62,73.90,77.25,74.26
77.49,77.49,68.44,75.09,72.63
79.03,79.03,69.80,75.63,72.86
77.78,77.78,71.10,80.08,76.08
70.83,70.83,65.27,76.75,76.22
67.90,67.90,55.74,73.20,73.35
69.37,69.37,55.04,74.23,76.35
69.73,69.73,38.50,74.93,76.27
70.54,70.54,54.99,77.64,76.99
70.25,70.25,47.12,79.25,75.96
67.89,67.89,46.55,74.33,76.18
65.59,65.59,43.68,75.37,76.78
64.63,64.63,34.67,76.21,76.60
65.73,65.73,43.24,75.49,77.76
61.27,61.27,38.15,77.53,78.04
60.37,60.37,41.97,79.66,77.48
58.68,58.68,36.00,76.15,77.97
62.04,62.04,35.99,77.50,75.18
80.67,80.67,29.86,76.46,76.46
81.91,81.91,30.77,76.96,74.85
79.38,79.38,28.44,78.00,74.24
76.74,76.74,26.77,78.65,73.28
79.01,79.01,27.28,75.67,71.34
76.89,76.89,26.42,77.94,71.90
76.41,76.41,27.17,76.60,70.45
77.41,77.41,27.30,76.45,69.95
76.57,76.57,27.07,78.20,69.56
77.66,77.66,25.29,77.29,69.83
74.70,74.70,25.03,75.64,71.21
70.81,70.81,31.00,77.70,70.76
65.97,65.97,45.76,76.68,72.62
62.32,62.32,65.24,76.22,69.18
53.79,53.79,68.19,77.66,68.91
53.07,53.07,78.15,74.67,71.61
51.47,51.47,90.49,73.58,74.72
50.49,50.49,78.12,77.16,71.81
49.06,49.06,78.94,74.17,78.07
49.36,49.36,73.59,74.80,74.38
50.57,50.57,65.81,76.80,76.29
51.81,51.81,63.11,74.11,74.43
49.39,49.39,57.85,74.69,76.17
48.70,48.70,56.97,75.80,76.39
43.81,43.81,51.86,74.29,73.85
45.15,45.15,48.13,75.51,75.68
41.88,41.88,41.72,77.20,74.97
40.22,40.22,38.49,73.36,75.26
44.46,44.46,35.16,75.20,72.57
48.09,48.09,33.49,75.01,73.47
54.89,54.89,33.49,74.40,74.94
68.26,68.26,37.33,76.15,72.61
64.55,64.55,31.47,76.99,75.48
65.99,65.99,33.79,73.52,74.91
66.57,66.57,30.20,75.29,73.39
65.70,65.70,26.13,74.21,72.11
72.47,72.47,29.49,74.22,76.30
84.93,84.93,34.67,76.12,76.36
82.60,82.60,36.70,75.62,75.43
80.67,80.67,36.58,74.40,76.35
80.89,80.89,36.07,76.69,77.48
79.45,79.45,35.00,74.16,76.57
79.84,79.84,32.92,74.17,74.55
80.20,80.20,31.05,76.30,77.81
80.94,80.94,29.92,73.34,77.10
81.65,81.65,27.45,73.27,74.85
81.47,81.47,24.88,76.16,73.54
80.18,80.18,24.79,73.77,75.08
78.82,78.82,25.68,73.34,73.58
79.13,79.13,26.11,76.45,74.56
79.53,79.53,25.51,73.60,75.52
79.39,79.39,27.13,74.49,71.42
81.00,81.00,40.83,75.79,75.43
80.91,80.91,60.17,70.26,75.34
79.89,79.89,69.18,64.75,70.49
79.92,79.92,79.84,54.26,68.88
79.99,79.99,92.74,57.57,67.28
78.91,78.91,89.25,57.56,67.99
79.58,79.58,80.58,56.65,71.47
78.25,78.25,78.75,63.28,74.21
64.05,64.05,78.33,69.84,69.78
59.51,59.51,67.95,67.19,71.52
58.05,58.05,74.03,68.37,72.02
64.83,64.83,72.45,72.36,73.43
68.45,68.45,67.88,70.20,73.21
69.34,69.34,62.14,68.52,71.85
65.75,65.75,58.36,60.82,70.03
62.36,62.36,58.05,63.87,68.78
73.67,73.67,55.16,66.55,71.21
81.65,81.65,47.19,68.92,70.64
82.96,82.96,50.08,67.41,68.82
81.80,81.80,47.95,70.11,68.72
81.38,81.38,37.72,72.68,69.42
80.43,80.43,40.90,69.19,69.08
78.18,78.18,37.04,70.18,71.67
74.79,74.79,40.94,74.29,74.13
75.49,75.49,36.80,72.42,69.69
78.22,78.22,34.86,72.08,69.79
78.02,78.02,36.47,73.68,71.54
78.66,78.66,34.15,71.13,69.89
73.94,73.94,37.80,72.84,68.72
70.46,70.46,27.69,74.24,69.19
60.38,60.38,28.64,70.35,70.26
56.14,56.14,22.19,70.09,71.06
53.66,53.66,28.84,71.65,68.20
47.15,47.15,28.28,69.04,69.73
47.73,47.73,23.12,70.75,69.83
47.84,47.84,25.04,72.07,67.14
49.97,49.97,23.05,69.67,70.55
62.52,62.52,36.23,72.72,68.11
70.48,70.48,48.72,70.65,67.91
65.64,65.64,64.31,69.61,65.34
62.05,62.05,70.73,72.80,65.81
62.96,62.96,86.66,69.78,73.58
63.95,63.95,86.86,66.45,67.43
65.04,65.04,79.07,70.52,73.40
75.56,75.56,76.18,68.96,70.34
79.09,79.09,67.94,67.25,71.39
78.05,78.05,63.08,70.23,77.31
77.37,77.37,61.88,68.47,71.76
75.78,75.78,57.58,68.48,71.07
74.71,74.71,56.51,70.72,73.12
75.24,75.24,52.26,67.38,72.96
76.90,76.90,48.26,68.43,75.99
76.60,76.60,46.86,70.28,71.47
76.95,76.95,44.99,69.00,71.97
76.84,76.84,41.97,67.58,74.82
77.32,77.32,41.55,70.20,74.55
76.29,76.29,38.53,68.41,70.71
76.48,76.48,38.55,69.40,74.47
76.99,76.99,53.62,71.24,72.05
77.17,77.17,57.70,67.59,67.55
77.98,77.98,67.27,68.90,72.25
75.97,75.97,86.11,64.07,76.18
73.97,73.97,88.88,63.15,74.94
73.25,73.25,83.81,60.84,74.04
73.22,73.22,75.67,55.63,74.53
73.95,73.95,77.11,60.01,76.66
74.50,74.50,75.19,59.28,75.13
75.46,75.46,69.56,55.59,73.81
74.48,74.48,68.13,54.22,78.62
74.18,74.18,68.13,58.66,79.18
74.05,74.05,65.94,60.94,76.64
74.30,74.30,58.97,57.55,76.29
72.60,72.60,45.32,59.48,75.93
72.89,72.89,56.70,59.63,77.83
73.46,73.46,53.90,60.49,77.42
74.89,74.89,51.81,63.82,76.96
74.85,74.85,45.51,62.97,75.43
74.02,74.02,56.12,61.80,76.88
74.65,74.65,56.74,56.37,75.88
77.39,77.39,63.59,49.36,77.38
79.32,79.32,79.28,50.75,76.37
68.19,68.19,94.01,67.80,78.97
68.16,68.16,90.00,69.52,80.38
77.96,77.96,84.97,66.65,77.43
76.96,76.96,81.30,68.31,80.19
65.89,65.89,73.32,69.48,77.10
69.02,69.02,71.60,67.79,78.86
74.52,74.52,69.83,73.02,78.90
72.60,72.60,72.87,74.61,77.46
61.53,61.53,69.10,76.26,77.58
66.41,66.41,68.92,74.48,77.35
72.55,72.55,65.85,75.93,76.40
70.62,70.62,62.09,75.32,77.00
61.95,61.95,65.24,73.35,73.94
67.17,67.17,62.45,74.08,75.05
72.51,72.51,62.29,73.94,75.30
71.54,71.54,62.61,76.04,76.24
64.44,64.44,61.61,74.86,75.76
55.77,55.77,62.17,76.33,75.60
60.57,60.57,60.21,75.05,76.43
58.09,58.09,47.02,76.45,77.01
47.14,47.14,36.54,74.91,77.25
56.12,56.12,34.33,77.28,76.93
59.19,59.19,46.53,74.75,76.85
55.20,55.20,49.13,75.44,75.75
45.97,45.97,53.90,73.63,76.46
54.23,54.23,54.28,75.51,76.52
53.02,53.02,54.33,73.34,75.07
45.57,45.57,54.87,75.35,74.23
49.57,49.57,56.77,73.06,74.23
52.17,52.17,51.87,74.07,75.26
46.90,46.90,49.70,73.80,74.27
43.68,43.68,49.52,72.98,73.44
56.21,56.21,43.22,74.44,75.12
56.97,56.97,39.41,72.63,74.35
55.06,55.06,46.62,74.78,73.34
55.16,55.16,55.20,73.84,71.99
56.74,56.74,67.91,75.91,72.88
56.21,56.21,77.02,72.68,71.02
52.44,52.44,91.88,73.30,71.12
53.32,53.32,79.10,72.03,72.36
50.97,50.97,79.86,75.06,74.90
49.15,49.15,70.20,72.80,71.09
46.54,46.54,63.59,74.12,76.52
47.35,47.35,61.44,72.25,76.64
44.06,44.06,57.97,73.78,74.43
40.73,40.73,54.38,72.16,73.61
35.03,35.03,49.82,71.93,73.53
34.67,34.67,45.87,71.57,73.76
36.59,36.59,42.97,70.01,73.67
37.97,37.97,38.55,72.21,74.05
42.60,42.60,37.33,70.60,74.81
48.80,48.80,33.33,71.93,75.68
53.99,53.99,32.60,69.50,74.89
57.77,57.77,33.66,70.87,72.77
59.45,59.45,32.64,69.24,74.31
61.84,61.84,33.76,70.97,75.22
62.98,62.98,34.08,69.38,74.62
64.10,64.10,33.54,71.95,77.58
64.70,64.70,34.70,70.21,74.92
66.27,66.27,36.05,70.17,71.20
66.58,66.58,37.85,68.80,76.14
66.89,66.89,38.52,72.54,75.28
67.06,67.06,37.07,69.98,73.36
65.91,65.91,38.69,73.09,73.47
63.67,63.67,35.15,70.00,75.62
61.41,61.41,32.88,72.58,73.55
60.74,60.74,29.72,72.79,74.74
59.38,59.38,30.53,71.80,74.12
60.44,60.44,30.07,73.14,75.83
57.83,57.83,30.86,70.69,74.22
49.85,49.85,27.94,72.91,74.12
42.37,42.37,23.68,71.39,74.62
48.33,48.33,25.62,72.03,75.28
58.55,58.55,33.04,71.12,72.97
63.49,63.49,42.36,72.01,75.34
82.68,82.68,58.57,67.87,70.47
84.66,84.66,67.46,67.74,72.99
82.49,82.49,77.15,63.87,70.61
82.29,82.29,93.91,62.06,69.03
82.60,82.60,91.11,59.73,70.84
80.38,80.38,83.13,59.25,72.29
78.07,78.07,78.61,63.87,73.78
77.14,77.14,75.71,64.75,72.20
77.59,77.59,70.63,68.20,72.35
78.51,78.51,71.80,72.17,74.38
80.07,80.07,70.59,72.29,68.81
80.01,80.01,65.85,72.05,72.11
79.63,79.63,67.20,73.28,74.40
82.67,82.67,68.62,69.78,72.30
82.10,82.10,62.88,69.79,76.12
82.07,82.07,63.24,67.65,73.32
80.01,80.01,67.09,69.65,73.97
80.32,80.32,63.05,68.35,74.55
74.78,74.78,63.95,70.89,73.84
71.24,71.24,65.65,68.43,74.12
69.55,69.55,63.53,69.05,73.69
70.18,70.18,59.78,69.63,72.44
82.64,82.64,55.10,68.46,72.34
84.68,84.68,50.06,69.81,77.51
81.90,81.90,42.58,68.43,72.34
83.62,83.62,36.81,68.54,72.17
83.22,83.22,32.73,67.24,76.67
82.76,82.76,39.91,69.17,76.44
83.07,83.07,40.43,67.71,76.52
83.42,83.42,45.37,68.74,77.07
85.00,85.00,50.62,67.19,79.13
84.96,84.96,42.70,67.61,76.28
85.11,85.11,38.88,66.03,80.07
84.96,84.96,44.60,67.85,76.68
84.45,84.45,43.75,65.80,77.31
84.79,84.79,43.63,69.73,78.70
85.54,85.54,37.25,67.63,72.95
85.33,85.33,44.43,70.32,75.26
85.16,85.16,57.53,69.18,71.79
84.69,84.69,63.72,68.73,70.01
83.62,83.62,72.79,63.51,72.38
80.78,80.78,90.64,61.46,75.53
82.53,82.53,81.45,65.80,75.38
83.01,83.01,81.22,65.87,77.85
83.63,83.63,76.23,68.16,75.63
84.72,84.72,68.73,68.77,76.70
85.06,85.06,66.05,70.73,76.59
84.08,84.08,63.42,68.80,75.30
79.39,79.39,59.57,69.87,75.34
80.40,80.40,57.20,67.71,72.99
80.39,80.39,50.26,69.78,72.06
79.76,79.76,43.67,68.51,73.97
79.42,79.42,41.38,68.54,72.37
79.30,79.30,37.90,66.90,75.35
78.97,78.97,38.15,69.54,74.85
78.80,78.80,35.43,66.91,72.35
77.93,77.93,36.27,69.08,75.49
78.31,78.31,46.62,67.80,75.80
78.09,78.09,56.45,65.20,75.29
79.54,79.54,67.85,56.92,74.26
77.36,77.36,83.88,56.70,72.15
81.18,81.18,92.85,50.46,71.42
80.37,80.37,85.92,48.31,72.86
79.27,79.27,81.48,51.95,74.93
79.50,79.50,80.86,50.49,74.63
79.47,79.47,75.92,57.65,75.88
78.54,78.54,71.53,59.75,73.42
78.74,78.74,73.29,60.56,74.17
79.54,79.54,69.91,53.80,75.01
79.99,79.99,68.35,56.82,76.03
79.85,79.85,69.12,56.08,74.33
80.14,80.14,64.78,58.84,74.68
80.04,80.04,62.66,58.09,72.89
78.62,78.62,66.15,56.67,72.91
80.43,80.43,58.87,52.94,74.26
81.34,81.34,58.21,59.28,73.67
80.55,80.55,59.31,61.32,71.21
81.09,81.09,57.35,54.24,74.23
82.10,82.10,62.74,48.22,73.93
83.43,83.43,65.82,54.77,73.23
81.72,81.72,88.41,60.79,77.75
80.14,80.14,92.96,70.51,74.06
79.52,79.52,88.10,73.32,74.72
79.32,79.32,78.94,74.33,74.88
79.37,79.37,67.88,75.20,77.99
79.54,79.54,73.31,78.95,75.56
79.68,79.68,70.65,76.18,75.58
79.43,79.43,66.53,77.84,70.93
79.53,79.53,65.08,77.36,74.47
80.07,80.07,65.64,76.02,71.13
79.17,79.17,62.82,80.36,76.49
79.71,79.71,54.21,80.17,76.85
78.75,78.75,50.66,77.77,75.17
77.16,77.16,50.85,79.23,72.97
70.61,70.61,52.52,78.37,72.41
68.74,68.74,41.93,76.48,73.89
67.41,67.41,45.98,79.38,73.64
64.95,64.95,38.97,79.54,75.94
61.49,61.49,33.13,75.14,72.85
74.72,74.72,39.74,76.43,75.98
84.13,84.13,34.39,74.93,75.29
81.47,81.47,32.03,76.14,77.57
79.66,79.66,32.12,79.44,79.27
79.67,79.67,32.12,77.37,76.62
78.17,78.17,27.07,74.85,76.40
78.58,78.58,24.26,77.64,76.15
78.11,78.11,31.35,75.78,75.63
78.66,78.66,28.25,78.04,74.35
78.86,78.86,26.08,79.65,74.30
78.98,78.98,29.55,76.41,75.30
79.48,79.48,27.58,76.78,73.59
80.04,80.04,27.05,78.38,71.04
78.30,78.30,24.98,77.46,71.60
80.11,80.11,23.94,77.56,70.53
80.26,80.26,31.33,79.47,73.33
78.34,78.34,56.01,75.70,70.85
75.34,75.34,64.99,76.93,71.96
76.50,76.50,68.12,75.80,71.08
75.06,75.06,88.53,73.26,74.99
79.69,79.69,83.20,74.62,76.78
79.09,79.09,79.29,76.39,72.07
80.32,80.32,76.37,75.14,72.94
79.28,79.28,70.43,78.67,74.48
77.91,77.91,63.77,76.77,76.58
73.05,73.05,56.99,75.90,73.40
60.76,60.76,56.58,76.84,70.51
57.20,57.20,50.62,77.45,72.49
61.55,61.55,45.46,74.53,76.16
68.91,68.91,45.27,77.44,71.56
72.55,72.55,41.32,76.06,73.03
71.64,71.64,40.39,76.11,71.20
71.39,71.39,35.56,76.97,73.05
67.95,67.95,35.88,75.80,73.95
67.79,67.79,31.36,75.29,73.99
72.27,72.27,21.68,77.71,72.78
75.18,75.18,21.09,75.29,72.05
80.27,80.27,18.19,75.45,74.97
79.28,79.28,23.44,77.32,75.21
76.93,76.93,30.56,74.33,75.44
76.16,76.16,30.10,74.90,74.28
76.93,76.93,25.49,76.75,75.56
77.70,77.70,22.61,75.69,76.13
78.70,78.70,23.23,74.38,76.76
77.01,77.01,22.69,76.70,76.31
75.19,75.19,23.05,74.28,79.52
79.41,79.41,22.73,76.64,76.88
78.83,78.83,22.49,75.93,77.71
76.98,76.98,22.29,74.53,77.59
77.53,77.53,23.15,75.19,77.89
76.01,76.01,25.39,75.63,77.28
76.50,76.50,25.30,73.40,76.83
77.55,77.55,23.78,76.54,76.16
77.16,77.16,23.73,74.46,74.73
76.43,76.43,25.97,74.21,74.76
76.98,76.98,35.11,75.93,76.53
77.49,77.49,55.84,73.68,76.65
78.90,78.90,65.31,67.91,74.18
76.99,76.99,75.73,62.84,72.87
75.17,75.17,92.09,62.90,74.28
70.63,70.63,88.49,60.43,73.33
68.01,68.01,82.83,62.89,73.75
67.12,67.12,80.54,59.81,74.49
59.78,59.78,77.63,70.46,71.79
57.65,57.65,73.79,73.09,73.62
57.88,57.88,69.75,70.41,74.41
61.18,61.18,69.12,64.22,75.59
72.56,72.56,72.64,74.07,75.87
70.97,70.97,67.21,71.49,76.40
67.51,67.51,58.13,71.07,75.97
69.40,69.40,51.68,70.82,76.74
80.71,80.71,54.91,71.93,76.49
78.34,78.34,47.76,72.86,77.03
73.43,73.43,45.24,71.66,75.75
67.09,67.09,42.46,72.40,76.01
58.16,58.16,49.69,76.49,77.83
65.96,65.96,44.91,74.19,75.70
61.31,61.31,39.57,72.33,74.23
61.69,61.69,38.48,73.17,75.32
76.07,76.07,34.98,70.58,73.24
81.71,81.71,35.88,71.31,75.27
78.36,78.36,36.62,74.75,74.12
77.82,77.82,33.08,71.88,73.36
78.02,78.02,33.16,69.88,73.53
75.81,75.81,33.47,70.88,74.44
76.08,76.08,36.93,65.08,70.21
79.01,79.01,34.33,51.32,72.70
78.59,78.59,29.25,42.41,73.67
80.42,80.42,30.39,41.63,71.61
78.23,78.23,36.12,42.08,69.37
76.43,76.43,41.98,45.45,69.27
73.39,73.39,44.36,47.08,73.07
73.39,73.39,39.69,41.12,72.86
71.73,71.73,38.25,45.84,68.00
64.03,64.03,55.88,53.29,70.29
65.61,65.61,69.78,55.94,66.51
64.37,64.37,73.31,68.15,69.60
67.22,67.22,89.19,80.04,75.34
65.51,65.51,82.05,81.69,75.04
75.91,75.91,75.79,80.10,78.33
78.48,78.48,74.67,79.82,73.05
75.21,75.21,67.13,80.15,74.52
73.97,73.97,62.67,79.38,76.35
76.63,76.63,56.96,78.42,77.07
78.49,78.49,53.34,77.78,74.66
75.33,75.33,46.23,76.68,74.86
78.34,78.34,44.33,77.23,75.63
78.14,78.14,39.17,76.85,75.47
77.09,77.09,37.71,73.76,77.03
79.41,79.41,35.10,74.55,75.29
78.40,78.40,32.75,75.39,71.31
77.30,77.30,31.64,75.70,75.51
77.71,77.71,32.49,74.95,75.50
76.14,76.14,36.48,74.97,73.46
76.36,76.36,53.48,74.09,73.60
78.17,78.17,64.05,73.76,73.12
80.27,80.27,76.77,74.73,75.45
80.18,80.18,85.38,74.02,75.27
78.54,78.54,82.11,70.71,74.35
78.06,78.06,82.74,74.22,78.67
78.02,78.02,81.96,75.68,77.32
75.60,75.60,78.89,74.99,75.16
75.26,75.26,74.64,75.01,76.53
72.95,72.95,69.36,74.77,76.81
70.92,70.92,66.09,72.20,73.67
71.00,71.00,62.90,68.67,76.35
70.61,70.61,59.40,65.36,77.14
71.06,71.06,60.10,69.95,77.21
73.07,73.07,63.17,72.31,77.79
72.83,72.83,64.13,73.02,76.01
72.85,72.85,62.12,72.04,74.73
73.52,73.52,59.42,71.45,75.53
73.00,73.00,60.98,71.72,76.54
74.91,74.91,63.14,67.86,79.11
71.63,71.63,68.16,66.07,76.71
70.18,70.18,78.14,61.59,76.66
72.06,72.06,88.64,62.50,78.53
70.94,70.94,90.08,72.64,78.52
71.72,71.72,84.83,72.59,79.33
75.36,75.36,82.71,76.17,77.89
75.68,75.68,76.36,75.65,80.46
75.47,75.47,72.35,76.30,79.80
74.20,74.20,68.91,76.07,79.74
71.75,71.75,70.45,78.06,80.34
62.17,62.17,69.03,78.71,79.43
60.54,60.54,67.78,76.70,78.84
53.98,53.98,65.90,79.47,77.13
50.38,50.38,63.68,78.14,78.15
49.22,49.22,60.41,78.67,74.66
42.68,42.68,62.25,75.64,76.45
46.03,46.03,64.13,77.99,78.53
53.33,53.33,56.82,75.63,74.56
64.31,64.31,56.92,77.68,77.79
67.49,67.49,62.04,74.46,75.52
68.94,68.94,58.98,75.87,77.62
68.51,68.51,56.85,77.25,78.02
68.23,68.23,56.57,76.92,79.24
69.19,69.19,58.38,78.11,79.74
67.41,67.41,54.52,77.26,79.13
68.72,68.72,49.63,79.01,80.45
67.19,67.19,47.61,77.13,81.56
65.38,65.38,51.56,78.82,79.94
62.25,62.25,44.70,76.42,81.00
60.43,60.43,45.88,78.09,80.22
55.13,55.13,35.22,75.83,77.87
51.15,51.15,24.36,77.47,80.30
45.60,45.60,33.12,75.24,79.68
42.21,42.21,47.09,76.26,77.59
37.84,37.84,48.72,73.79,79.48
37.49,37.49,44.43,76.41,77.53
39.11,39.11,49.73,75.38,76.94
45.44,45.44,58.62,75.57,76.64
50.15,50.15,69.33,75.33,74.73
49.49,49.49,74.50,72.84,78.24
46.27,46.27,90.27,73.49,80.06
45.63,45.63,85.09,72.37,76.80
48.33,48.33,80.63,74.87,80.86
47.49,47.49,75.42,72.59,78.86
44.77,44.77,67.01,74.76,79.94
43.93,43.93,61.30,72.49,81.96
42.88,42.88,58.39,73.34,79.93
37.37,37.37,51.96,71.19,81.13
37.77,37.77,47.84,72.78,81.24
38.48,38.48,44.04,71.10,77.20
38.88,38.88,39.69,72.50,80.76
42.30,42.30,35.02,71.24,77.10
46.48,46.48,32.46,71.36,76.91
52.94,52.94,31.48,71.63,78.61
57.25,57.25,32.85,71.22,75.73
60.70,60.70,32.53,72.14,80.97
62.33,62.33,32.72,70.02,79.35
63.25,63.25,32.65,71.19,80.02
63.60,63.60,35.43,69.51,83.05
65.03,65.03,35.76,70.43,79.98
66.76,66.76,35.46,68.14,81.13
65.20,65.20,34.68,70.56,83.27
66.13,66.13,33.71,67.97,81.05
64.20,64.20,33.05,69.55,81.60
62.64,62.64,33.21,67.93,83.47
58.65,58.65,31.44,68.74,80.45
55.13,55.13,30.93,69.23,80.30
49.68,49.68,27.96,70.30,81.80
42.10,42.10,25.79,69.33,79.83
36.98,36.98,22.47,70.58,80.03
43.88,43.88,21.55,71.70,78.80
58.05,58.05,28.47,68.53,75.87
69.06,69.06,31.06,70.09,80.30
72.78,72.78,31.52,68.31,78.61
72.99,72.99,33.65,70.39,76.46
73.75,73.75,45.03,69.89,82.60
72.50,72.50,58.29,69.17,76.76
74.30,74.30,69.56,60.77,79.48
71.18,71.18,74.58,55.40,78.85
69.01,69.01,92.08,61.29,72.61
75.33,75.33,90.16,61.45,78.80
83.28,83.28,84.85,64.46,77.71
84.59,84.59,79.03,67.06,81.96
82.60,82.60,73.38,63.82,77.96
82.78,82.78,72.91,68.45,77.14
82.83,82.83,73.79,69.73,78.36
81.91,81.91,74.09,68.85,76.52
82.14,82.14,69.57,69.85,74.32
82.19,82.19,67.49,69.23,77.06
82.29,82.29,66.99,71.53,71.38
82.03,82.03,62.19,72.15,76.75
81.88,81.88,63.21,73.73,75.71
80.96,80.96,64.02,72.03,75.68
79.66,79.66,62.80,74.60,80.71
79.05,79.05,61.15,71.13,76.14
77.27,77.27,65.01,74.15,77.87
76.73,76.73,62.08,72.68,79.30
78.66,78.66,62.35,73.64,74.25
78.73,78.73,55.69,72.14,79.83
78.30,78.30,50.37,72.71,75.27
83.75,83.75,51.78,72.10,78.80
82.72,82.72,52.29,73.24,79.08
82.26,82.26,50.69,73.31,72.56
83.20,83.20,48.78,72.14,75.84
83.58,83.58,48.97,74.22,73.73
83.04,83.04,45.22,72.62,73.67
84.32,84.32,49.05,73.88,74.10
83.40,83.40,49.56,73.11,73.73
83.83,83.83,48.97,74.84,74.42
83.63,83.63,48.28,72.64,72.20
84.61,84.61,48.90,75.85,75.50
83.39,83.39,50.27,73.68,77.59
84.58,84.58,42.44,75.53,71.71
84.46,84.46,56.29,74.55,76.13
83.75,83.75,66.59,74.70,74.56
79.94,79.94,67.89,74.86,71.08
75.45,75.45,83.57,70.91,76.40
74.94,74.94,87.99,72.08,71.44
81.64,81.64,80.75,72.27,72.84
80.89,80.89,79.84,72.71,76.86
81.25,81.25,71.72,69.33,75.66
81.17,81.17,66.73,72.66,73.52
81.26,81.26,63.98,70.34,77.02
80.81,80.81,60.66,71.69,74.08
80.55,80.55,56.01,70.43,75.72
81.07,81.07,50.90,71.27,75.31
78.84,78.84,48.47,73.19,74.44
75.93,75.93,45.02,70.56,76.43
62.54,62.54,39.84,72.41,76.58
58.92,58.92,39.01,69.95,77.56
59.83,59.83,35.15,72.09,81.55
61.17,61.17,33.65,71.32,79.18
61.16,61.16,30.42,73.75,79.56
59.52,59.52,37.16,72.22,77.57
59.04,59.04,49.26,71.59,76.20
58.75,58.75,62.03,69.38,78.61
63.95,63.95,71.49,63.74,77.62
78.43,78.43,87.64,61.67,75.38
83.61,83.61,87.01,53.40,76.11
82.96,82.96,83.27,42.93,74.94
82.76,82.76,77.64,42.98,74.88
82.61,82.61,74.92,54.32,74.92
82.08,82.08,72.15,43.37,77.51
81.18,81.18,70.84,35.12,76.06
80.98,80.98,73.38,49.97,74.60
81.11,81.11,71.34,47.92,75.55
80.44,80.44,63.89,33.74,73.97
79.46,79.46,56.20,35.74,74.21
79.63,79.63,52.25,49.13,74.53
80.12,80.12,57.59,49.01,76.08
79.11,79.11,58.07,51.86,74.89
77.94,77.94,55.39,56.62,76.75
77.73,77.73,52.49,57.47,74.44
77.98,77.98,53.31,63.08,75.26
78.60,78.60,53.89,61.11,75.11
78.57,78.57,68.82,71.85,73.48
77.25,77.25,80.31,73.78,78.48
73.97,73.97,92.46,77.21,73.43
74.76,74.76,89.71,76.67,74.77
74.59,74.59,81.80,75.16,75.83
75.91,75.91,75.41,75.45,74.15
77.05,77.05,71.67,70.41,76.48
77.61,77.61,72.02,69.99,75.57
79.29,79.29,72.24,79.91,77.26
79.06,79.06,65.45,77.92,77.69
78.60,78.60,63.00,68.98,77.75
78.01,78.01,65.47,77.95,75.78
76.19,76.19,60.05,77.33,77.46
76.67,76.67,52.47,77.69,77.19
77.34,77.34,52.72,80.00,76.52
78.77,78.77,53.77,78.40,76.69
78.42,78.42,43.68,77.31,76.46
77.17,77.17,41.16,78.57,74.05
73.29,73.29,39.87,75.82,74.36
71.48,71.48,36.80,76.66,73.48
69.54,69.54,43.70,80.42,75.76
68.04,68.04,38.64,76.48,75.44
65.12,65.12,39.26,72.46,72.79
59.76,59.76,38.68,75.39,74.09
66.94,66.94,32.18,73.44,73.48
76.97,76.97,31.26,75.43,75.90
80.64,80.64,30.23,77.48,74.46
82.05,82.05,32.96,73.20,75.07
79.88,79.88,26.06,77.21,76.53
80.13,80.13,28.06,75.60,75.63
80.48,80.48,25.45,76.59,75.41
78.69,78.69,26.73,78.02,74.13
78.00,78.00,30.67,78.16,71.86
78.63,78.63,30.30,76.27,73.20
77.42,77.42,30.26,78.69,75.42
77.57,77.57,35.87,76.55,72.47
76.94,76.94,49.74,77.18,70.71
74.90,74.90,60.09,77.73,69.80
72.43,72.43,73.08,77.01,72.51
68.24,68.24,85.87,74.83,78.54
59.56,59.56,84.78,77.43,73.64
61.87,61.87,79.23,75.45,76.12
54.53,54.53,75.91,76.30,73.06
48.69,48.69,68.12,78.40,73.23
49.63,49.63,62.85,75.15,74.48
53.18,53.18,57.79,75.45,75.90
55.68,55.68,56.91,77.62,78.31
59.20,59.20,53.98,76.01,76.49
60.62,60.62,48.68,76.58,75.69
61.08,61.08,42.81,77.73,75.09
61.17,61.17,42.38,75.51,77.07
61.41,61.41,40.07,77.43,76.67
57.76,57.76,37.03,76.86,76.11
55.21,55.21,35.35,76.77,75.88
52.55,52.55,34.94,75.99,74.77
46.48,46.48,34.83,76.88,76.69
44.24,44.24,33.62,74.58,76.04
48.22,48.22,31.34,77.20,74.97
55.04,55.04,28.96,75.79,74.89
61.93,61.93,27.40,74.55,73.99
70.94,70.94,28.45,75.86,72.72
79.05,79.05,31.96,75.95,75.95
83.54,83.54,29.61,75.42,75.03
83.03,83.03,27.14,77.49,72.78
81.22,81.22,26.16,75.48,75.28
78.07,78.07,26.04,74.58,72.60
77.45,77.45,26.18,77.18,74.37
78.77,78.77,25.24,74.52,73.92
77.17,77.17,26.00,73.91,73.95
76.25,76.25,25.26,76.71,75.49
69.41,69.41,26.09,74.08,73.88
72.12,72.12,25.71,73.91,75.26
72.15,72.15,23.59,76.04,74.28
73.62,73.62,21.31,73.28,75.10
72.36,72.36,23.90,74.01,74.82
70.54,70.54,27.10,75.68,76.06
71.10,71.10,44.22,73.91,75.36
69.17,69.17,63.60,73.44,74.51
65.23,65.23,70.43,67.23,74.48
63.86,63.86,79.28,57.15,72.27
74.21,74.21,92.14,66.10,75.00
79.24,79.24,88.95,64.56,72.43
79.50,79.50,80.27,67.43,73.00
80.12,80.12,75.95,71.46,69.96
78.69,78.69,77.01,75.30,74.08
78.65,78.65,72.32,72.33,71.26
79.04,79.04,69.72,71.17,72.11
79.12,79.12,69.55,73.12,71.57
76.33,76.33,68.14,73.84,72.51
77.41,77.41,63.84,75.02,72.39
77.81,77.81,51.68,70.08,72.54
76.69,76.69,53.86,73.56,71.20
76.88,76.88,59.59,75.06,72.33
75.99,75.99,45.06,73.78,71.99
77.81,77.81,40.36,73.13,73.88
77.12,77.12,49.50,77.12,71.58
77.99,77.99,39.84,74.50,70.83
79.71,79.71,38.31,76.95,72.71
79.91,79.91,43.28,75.67,77.74
81.32,81.32,41.53,74.38,76.07
79.24,79.24,43.68,72.57,68.46
79.60,79.60,41.18,73.83,73.74
80.73,80.73,39.02,72.11,71.28
81.88,81.88,39.34,74.11,74.31
82.26,82.26,35.63,75.01,73.05
82.21,82.21,34.79,70.87,71.60
81.91,81.91,34.52,70.84,71.59
82.11,82.11,31.65,68.66,71.37
81.31,81.31,30.67,70.42,72.41
80.84,80.84,29.08,73.68,74.58
80.95,80.95,29.44,72.68,71.05
79.87,79.87,29.61,70.71,72.84
79.77,79.77,33.75,73.03,72.36
79.74,79.74,50.13,70.83,74.57
79.37,79.37,59.98,70.84,72.92
78.46,78.46,67.44,72.62,68.40
77.65,77.65,79.09,69.43,70.09
78.28,78.28,90.55,68.58,74.03
80.18,80.18,80.00,74.16,75.06
80.94,80.94,79.85,71.38,76.16
82.08,82.08,73.71,69.27,73.71
82.28,82.28,67.01,72.33,72.98
81.28,81.28,60.43,68.99,71.08
81.79,81.79,59.01,70.60,75.91
83.24,83.24,53.94,72.69,74.40
84.26,84.26,50.01,71.28,74.02
83.86,83.86,46.47,71.35,73.38
83.99,83.99,43.53,72.71,75.55
84.37,84.37,42.44,70.73,73.36
83.90,83.90,37.08,70.38,74.14
83.64,83.64,36.03,72.37,74.40
82.98,82.98,35.79,68.63,69.88
82.96,82.96,33.71,71.81,72.35
82.98,82.98,31.12,70.41,73.76
82.13,82.13,37.08,72.22,75.77
83.17,83.17,47.62,69.68,73.36
83.80,83.80,65.55,68.63,76.92
83.59,83.59,66.35,65.07,73.66
82.10,82.10,89.48,67.33,74.49
83.03,83.03,88.09,59.36,75.08
82.99,82.99,83.79,56.46,77.68
83.29,83.29,77.39,51.50,76.39
83.16,83.16,72.98,56.78,76.94
83.67,83.67,71.11,53.73,76.97
83.86,83.86,72.22,49.75,76.57
84.11,84.11,73.70,59.09,75.93
83.34,83.34,70.15,50.43,76.16
82.46,82.46,62.96,43.80,77.05
81.66,81.66,52.52,40.26,76.49
83.27,83.27,48.43,46.17,76.82
83.13,83.13,58.18,54.81,77.31
81.30,81.30,57.11,57.43,75.31
80.58,80.58,48.61,62.98,78.29
80.36,80.36,51.16,65.34,78.43
80.86,80.86,57.56,66.95,78.23
81.97,81.97,61.18,59.93,77.56
81.16,81.16,73.63,60.60,77.04
79.23,79.23,85.36,68.85,77.86
80.01,80.01,93.05,71.76,74.75
81.21,81.21,88.19,68.60,75.30
81.50,81.50,76.95,67.92,74.88
81.07,81.07,77.95,75.07,75.56
81.46,81.46,78.50,76.50,75.92
80.29,80.29,73.60,69.22,75.39
81.30,81.30,69.83,76.48,74.43
80.52,80.52,58.49,77.73,75.96
81.63,81.63,54.31,71.41,74.76
80.53,80.53,52.99,73.34,71.89
80.93,80.93,47.96,75.84,76.60
80.65,80.65,58.12,72.65,72.94
81.51,81.51,61.53,72.04,73.32
80.86,80.86,56.52,80.07,74.25
81.01,81.01,51.74,73.52,75.53
79.55,79.55,46.06,71.73,72.26
80.46,80.46,45.72,76.42,73.47
80.41,80.41,48.94,76.53,74.96
79.75,79.75,47.56,72.44,72.06
80.24,80.24,44.40,76.91,70.26
80.52,80.52,42.18,77.60,75.03
80.82,80.82,40.13,74.32,73.53
80.37,80.37,39.19,76.34,75.50
79.16,79.16,39.00,79.16,72.12
76.68,76.68,39.73,74.97,75.33
75.29,75.29,38.38,76.04,74.34
74.94,74.94,40.12,78.73,72.76
74.65,74.65,40.01,74.56,74.48
75.14,75.14,40.55,75.14,70.94
75.20,75.20,36.76,78.24,71.93
76.72,76.72,35.72,75.92,71.66
69.87,69.87,36.78,74.68,73.40
67.37,67.37,37.12,77.43,70.72
66.43,66.43,37.47,76.68,68.68
63.12,63.12,48.01,73.77,74.38
53.16,53.16,60.06,75.50,67.77
46.07,46.07,70.13,77.31,69.88
49.26,49.26,80.04,69.36,71.78
48.63,48.63,88.47,73.82,74.53
44.87,44.87,78.75,75.29,74.03
44.34,44.34,78.28,72.47,77.24
45.94,45.94,72.01,73.23,72.84
48.34,48.34,69.02,76.31,76.64
47.41,47.41,61.73,72.68,78.91
43.89,43.89,61.88,71.35,77.18
48.40,48.40,59.12,77.58,77.83
41.91,41.91,53.29,72.53,76.88
43.49,43.49,49.63,72.86,76.34
40.17,40.17,46.39,76.66,78.22
38.86,38.86,42.98,73.97,75.94
37.82,37.82,38.29,71.16,75.30
38.72,38.72,34.45,74.07,76.96
37.22,37.22,33.72,76.61,73.95
35.68,35.68,29.24,71.79,75.89
40.04,40.04,30.14,73.10,76.38
40.86,40.86,28.19,77.25,76.40
45.88,45.88,31.77,70.80,75.24
49.72,49.72,35.51,71.33,74.09
51.61,51.61,36.68,76.86,75.24
54.17,54.17,37.52,70.83,77.67
55.05,55.05,36.73,71.20,76.65
56.35,56.35,35.56,76.10,74.51
58.97,58.97,37.31,71.00,79.92
59.64,59.64,38.10,72.37,77.01
57.91,57.91,38.46,74.32,75.08
58.33,58.33,36.67,70.47,72.90
55.48,55.48,35.51,68.63,76.88
53.09,53.09,34.40,72.77,70.87
49.09,49.09,33.57,75.49,76.11
44.99,44.99,34.79,70.20,78.39
40.64,40.64,31.39,69.38,72.37
35.39,35.39,29.67,77.00,73.11
33.70,33.70,28.75,70.57,74.31
48.11,48.11,26.81,72.35,74.49
61.58,61.58,31.39,76.15,76.04
74.93,74.93,45.93,72.24,72.10
80.57,80.57,65.64,66.67,77.04
80.21,80.21,69.11,67.59,76.07
79.32,79.32,78.93,66.03,75.79
77.00,77.00,93.41,64.87,70.30
78.57,78.57,89.37,57.64,71.16
78.81,78.81,82.27,60.74,69.46
78.30,78.30,77.60,62.01,74.09
77.24,77.24,74.44,61.96,72.24
76.68,76.68,62.74,68.24,73.09
77.54,77.54,67.60,64.26,67.19
76.66,76.66,63.62,72.97,72.82
78.40,78.40,63.06,72.29,72.54
80.52,80.52,57.82,71.51,70.33
79.91,79.91,65.97,73.17,72.44
79.56,79.56,55.38,73.45,73.09
79.10,79.10,39.81,63.71,69.41
76.52,76.52,40.27,65.41,74.81
73.45,73.45,56.15,72.66,70.96
73.70,73.70,57.52,74.28,70.27
68.92,68.92,48.58,72.61,75.28
72.18,72.18,45.57,70.90,69.54
81.15,81.15,48.67,73.25,71.47
81.02,81.02,50.53,65.83,75.44
81.20,81.20,48.73,65.78,71.16
80.34,80.34,52.94,75.92,73.86
81.15,81.15,47.86,67.12,75.39
80.08,80.08,44.36,65.93,74.26
78.72,78.72,44.49,72.79,75.87
80.12,80.12,46.42,67.45,71.07
78.84,78.84,48.14,69.59,76.23
78.88,78.88,41.95,72.68,72.62
79.28,79.28,36.60,71.84,71.64
79.97,79.97,39.01,67.42,76.63
80.84,80.84,36.26,71.70,69.62
79.96,79.96,35.66,69.56,71.69
77.97,77.97,37.98,63.81,78.32
76.98,76.98,38.41,66.81,70.98
77.57,77.57,45.03,72.57,71.48
78.17,78.17,64.15,68.67,74.17
77.44,77.44,73.27,69.17,71.58
73.65,73.65,80.35,73.34,71.01
75.49,75.49,90.74,63.17,74.69
77.10,77.10,79.31,63.90,75.58
79.48,79.48,78.39,70.44,77.40
79.33,79.33,69.98,67.04,76.27
76.99,76.99,65.41,64.25,72.45
76.80,76.80,61.20,71.27,74.06
76.71,76.71,57.53,69.23,77.07
76.68,76.68,53.22,67.39,76.31
76.59,76.59,50.42,72.42,77.95
76.88,76.88,47.60,68.37,75.76
75.96,75.96,44.18,66.47,77.44
73.70,73.70,42.94,69.94,74.20
66.54,66.54,44.09,70.17,72.45
57.85,57.85,41.50,68.62,78.46
60.04,60.04,38.53,68.51,76.09
59.16,59.16,36.75,70.67,75.68
57.13,57.13,48.11,66.87,77.54
59.00,59.00,52.14,66.37,75.49
62.95,62.95,67.94,67.74,74.80
66.73,66.73,70.64,60.03,76.00
73.80,73.80,90.30,58.35,75.16
82.70,82.70,87.06,49.18,76.14
84.14,84.14,83.42,49.35,77.71
83.81,83.81,76.82,59.95,78.61
82.18,82.18,75.55,57.59,77.57
81.98,81.98,74.25,56.41,73.05
81.38,81.38,70.91,59.36,76.20
81.83,81.83,73.23,65.69,78.67
81.55,81.55,69.50,60.13,77.22
81.97,81.97,63.32,53.14,80.01
81.48,81.48,59.61,54.60,79.00
81.17,81.17,52.08,65.15,79.13
80.32,80.32,60.88,64.52,83.16
80.54,80.54,58.41,65.58,78.41
80.61,80.61,52.80,65.48,78.84
80.27,80.27,47.72,64.01,78.23
78.60,78.60,53.49,66.67,77.56
77.50,77.50,58.28,57.91,78.33
79.06,79.06,61.28,50.74,76.15
80.07,80.07,71.60,54.98,76.11
79.39,79.39,91.25,68.38,76.39
78.84,78.84,88.13,73.76,76.16
78.57,78.57,85.37,76.99,79.58
79.22,79.22,79.88,76.90,79.49
79.11,79.11,75.83,75.01,78.34
77.99,77.99,71.70,75.09,80.60
78.61,78.61,72.25,74.91,81.24
78.60,78.60,72.34,74.14,79.47
78.45,78.45,72.25,72.96,81.30
79.11,79.11,66.91,73.40,78.38
79.90,79.90,59.59,73.92,80.97
78.30,78.30,53.42,71.37,78.42
78.77,78.77,60.42,72.80,78.16
79.05,79.05,56.87,72.39,76.68
78.05,78.05,53.48,73.03,74.96
78.92,78.92,51.58,72.51,76.08
79.42,79.42,59.75,73.39,76.43
79.89,79.89,54.75,72.39,78.17
79.68,79.68,48.39,72.84,74.81
77.66,77.66,49.12,73.57,77.26
78.89,78.89,49.67,74.67,78.95
80.01,80.01,43.14,73.53,77.17
73.99,73.99,51.10,72.78,76.73
76.23,76.23,44.43,73.78,79.01
76.67,76.67,42.29,73.65,77.57
77.07,77.07,41.97,71.62,79.06
74.36,74.36,41.37,72.02,78.09
76.50,76.50,36.41,72.35,78.91
74.21,74.21,37.18,71.51,76.94
76.77,76.77,44.54,72.29,77.23
74.23,74.23,41.91,71.93,78.93
70.27,70.27,40.57,71.76,77.96
65.20,65.20,37.27,70.80,78.99
55.87,55.87,34.34,72.15,78.47
53.27,53.27,44.56,72.29,80.75
58.01,58.01,60.08,71.18,78.51
67.25,67.25,70.74,71.26,76.84
70.99,70.99,77.68,70.57,73.47
68.39,68.39,91.32,67.64,75.44
67.47,67.47,76.58,67.96,77.55
68.65,68.65,79.50,72.20,80.48
81.92,81.92,71.80,71.51,80.07
82.64,82.64,63.59,67.53,76.34
79.70,79.70,61.73,68.71,78.92
78.13,78.13,58.18,71.92,78.72
78.08,78.08,53.58,69.95,76.53
78.08,78.08,48.75,70.08,75.24
73.44,73.44,45.51,69.42,75.17
67.59,67.59,42.74,66.05,76.45
72.93,72.93,41.49,55.77,76.44
73.52,73.52,40.98,53.84,77.56
73.80,73.80,41.17,55.22,76.66
72.13,72.13,39.34,50.39,76.98
70.39,70.39,43.95,52.08,77.02
58.19,58.19,46.16,42.15,75.38
49.51,49.51,62.56,41.85,74.36
58.53,58.53,74.90,54.88,79.16
59.68,59.68,74.95,67.40,81.48
67.08,67.08,91.38,69.48,73.51
82.07,82.07,88.46,73.71,80.60
84.90,84.90,84.03,74.02,79.41
84.02,84.02,79.16,74.10,75.52
81.83,81.83,76.84,73.10,81.25
78.74,78.74,72.61,71.22,78.02
76.84,76.84,71.65,71.10,79.29
76.37,76.37,74.27,71.73,79.98
78.63,78.63,72.31,72.38,76.94
76.86,76.86,66.00,71.85,78.07
72.55,72.55,62.61,71.63,83.37
60.83,60.83,53.66,71.22,75.42
56.37,56.37,60.79,70.95,80.16
55.45,55.45,57.38,70.23,79.35
57.87,57.87,51.59,68.64,74.46
67.98,67.98,56.30,66.98,81.87
68.07,68.07,67.21,63.94,77.17
69.75,69.75,67.30,63.74,78.50
66.11,66.11,69.83,63.78,79.13
67.39,67.39,83.23,65.92,77.00
69.82,69.82,92.95,68.29,72.60
72.51,72.51,85.13,68.52,80.87
82.72,82.72,80.72,67.06,74.92
83.22,83.22,77.70,67.80,77.93
81.80,81.80,76.80,68.08,76.19
81.29,81.29,68.61,67.44,72.78
80.76,80.76,74.28,69.42,80.68
80.30,80.30,70.19,69.63,77.05
79.54,79.54,68.87,69.13,74.84
78.45,78.45,66.60,68.56,80.90
78.08,78.08,65.51,67.80,74.01
76.80,76.80,61.14,66.80,74.28
75.07,75.07,64.76,65.83,81.07
71.83,71.83,62.77,65.29,75.67
67.75,67.75,60.89,64.45,75.39
62.77,62.77,66.63,63.69,79.97
56.75,56.75,68.93,61.45,71.78
63.03,63.03,79.53,60.81,80.09
70.11,70.11,88.50,56.17,76.43
75.60,75.60,80.11,58.00,76.67
72.87,72.87,76.46,61.74,81.52
66.45,66.45,65.54,55.61,74.99
71.77,71.77,63.80,57.23,80.75
70.80,70.80,57.43,49.98,78.13
73.60,73.60,52.91,59.88,75.10
75.81,75.81,48.05,54.99,79.15
77.17,77.17,47.96,58.92,79.59
78.10,78.10,41.97,58.31,77.66
77.75,77.75,43.71,56.31,80.05
78.36,78.36,41.12,59.00,76.94
76.66,76.66,42.26,55.66,76.65
77.92,77.92,35.01,59.61,79.30
78.03,78.03,41.34,53.02,74.94
73.34,73.34,42.61,61.68,81.02
62.66,62.66,43.89,57.63,77.30
57.81,57.81,62.05,61.54,75.10
50.69,50.69,65.63,56.35,75.74
54.45,54.45,84.95,56.81,74.40
53.62,53.62,86.74,53.92,76.13
56.27,56.27,79.02,61.27,79.39
65.53,65.53,80.47,60.61,79.56
71.25,71.25,71.72,59.93,79.21
74.44,74.44,66.05,62.56,79.30
73.09,73.09,61.74,62.78,80.18
80.66,80.66,58.92,62.34,78.16
81.83,81.83,53.71,61.76,78.09
82.73,82.73,48.10,62.35,78.03
78.46,78.46,42.77,61.41,77.89
77.48,77.48,38.53,62.50,78.46
75.99,75.99,34.91,61.53,78.53
79.15,79.15,32.73,60.82,79.24
77.68,77.68,32.00,63.24,79.79
76.12,76.12,32.73,62.03,78.48
77.08,77.08,32.41,65.23,77.14
75.75,75.75,42.10,62.69,74.88
78.04,78.04,57.43,58.83,74.42
79.16,79.16,65.31,57.62,78.06
78.00,78.00,74.20,59.24,77.97
73.02,73.02,88.08,59.44,77.57
73.67,73.67,86.43,62.94,79.98
76.32,76.32,81.47,64.64,81.49
76.84,76.84,82.03,62.34,79.19
76.54,76.54,79.99,62.73,78.52
76.06,76.06,78.54,66.68,78.35
75.77,75.77,74.98,64.38,78.45
76.73,76.73,73.19,65.06,77.80
77.60,77.60,72.14,62.26,77.23
77.02,77.02,70.34,61.98,77.44
79.47,79.47,66.29,60.83,79.01
79.80,79.80,55.11,57.52,79.88
78.58,78.58,62.85,57.31,77.87
78.53,78.53,64.05,57.34,77.41
78.99,78.99,61.32,61.20,77.50
76.16,76.16,60.46,60.67,75.86
76.10,76.10,61.11,61.53,77.72
75.05,75.05,62.67,61.02,77.26
71.93,71.93,56.72,53.84,74.46
74.26,74.26,79.18,57.40,75.22
76.23,76.23,93.60,62.75,77.41
72.87,72.87,91.05,67.76,77.88
72.64,72.64,83.50,69.92,78.46
72.61,72.61,78.31,75.36,77.15
74.23,74.23,75.71,75.46,79.35
72.18,72.18,71.38,74.25,77.48
75.23,75.23,71.87,74.30,78.46
76.72,76.72,72.00,77.33,79.14
77.85,77.85,66.71,75.00,76.83
78.72,78.72,63.90,77.52,77.52
77.87,77.87,65.25,77.16,78.01
78.35,78.35,56.35,76.53,78.37
77.99,77.99,54.43,76.04,79.15
75.89,75.89,59.76,76.95,79.22
75.95,75.95,43.30,77.03,76.80
74.41,74.41,55.25,76.02,78.74
74.08,74.08,56.53,77.94,78.77
75.61,75.61,57.90,75.19,78.69
75.34,75.34,55.15,77.91,78.40
75.07,75.07,55.08,75.76,77.89
73.95,73.95,57.50,77.25,76.37
73.36,73.36,60.22,75.71,79.46
75.14,75.14,58.74,76.87,79.74
73.91,73.91,57.01,75.11,79.00
73.41,73.41,58.46,77.12,79.06
73.33,73.33,52.61,74.92,77.38
73.98,73.98,47.37,76.17,79.92
74.77,74.77,46.30,75.36,78.22
74.60,74.60,50.17,75.67,79.12
74.50,74.50,42.63,75.49,78.88
74.76,74.76,37.19,74.56,78.62
76.06,76.06,37.18,75.11,78.72
76.76,76.76,46.62,73.70,79.10
76.70,76.70,44.54,76.12,79.57
75.90,75.90,46.85,73.49,79.40
74.72,74.72,47.96,75.99,79.81
75.99,75.99,61.30,72.05,80.16
75.86,75.86,73.61,72.93,77.34
72.68,72.68,77.57,72.00,80.89
70.35,70.35,90.57,73.09,76.65
69.04,69.04,77.00,70.66,78.00
68.51,68.51,80.39,75.08,79.13
67.96,67.96,71.43,74.35,79.84
69.15,69.15,64.73,75.12,79.65
71.44,71.44,62.16,74.72,80.62
72.05,72.05,60.47,73.34,78.79
71.10,71.10,54.93,74.29,79.57
70.74,70.74,53.63,72.93,78.56
68.30,68.30,49.65,73.91,80.64
66.89,66.89,47.55,71.97,79.73
65.90,65.90,46.61,72.97,80.19
65.45,65.45,44.68,71.39,80.01
65.45,65.45,42.16,72.49,80.10
64.87,64.87,43.49,70.62,79.20
63.87,63.87,38.60,73.44,78.74
64.60,64.60,36.89,71.05,79.92
65.02,65.02,37.39,73.19,79.59
65.94,65.94,35.27,70.23,79.00
67.66,67.66,35.15,70.86,80.24
64.07,64.07,33.47,71.41,78.83
62.47,62.47,31.66,71.34,79.52
56.35,56.35,30.73,72.48,80.55
56.64,56.64,32.60,71.51,78.48
47.11,47.11,33.51,72.76,78.69
52.05,52.05,34.11,71.03,77.64
51.24,51.24,36.07,72.53,79.06
53.97,53.97,35.12,70.87,78.38
50.26,50.26,37.21,73.92,78.30
53.46,53.46,35.50,70.74,77.96
52.98,52.98,36.06,72.82,79.36
51.76,51.76,36.86,71.53,77.74
54.43,54.43,34.80,72.06,77.44
53.63,53.63,34.96,71.91,78.88
51.29,51.29,30.64,72.74,77.17
49.73,49.73,33.82,72.63,79.78
54.05,54.05,50.90,71.46,77.47
55.85,55.85,64.29,70.10,81.24
51.31,51.31,68.13,65.26,78.45
55.47,55.47,85.48,65.06,82.24
55.67,55.67,92.55,63.41,80.16
67.48,67.48,85.56,60.49,77.89
71.45,71.45,83.17,63.59,84.93
72.44,72.44,79.44,68.46,85.21
66.47,66.47,77.34,66.90,83.15
58.34,58.34,73.65,69.60,79.30
65.19,65.19,75.16,69.69,83.47
61.72,61.72,69.79,72.61,80.81
57.44,57.44,68.14,71.58,80.42
63.87,63.87,70.49,72.99,78.51
65.66,65.66,67.92,71.87,79.24
65.49,65.49,56.03,67.95,76.12
63.85,63.85,65.17,69.46,78.09
63.85,63.85,63.18,67.48,77.78
64.52,64.52,62.45,70.47,78.83
69.02,69.02,65.25,69.92,81.90
69.73,69.73,64.14,70.84,78.26
68.26,68.26,65.43,69.59,79.02
70.39,70.39,55.87,71.05,82.09
73.32,73.32,54.33,68.32,81.05
66.47,66.47,52.66,71.30,83.90
64.64,64.64,52.06,68.88,82.45
66.28,66.28,39.24,68.24,79.20
64.59,64.59,47.52,69.40,80.78
65.87,65.87,50.36,68.50,80.87
65.48,65.48,47.80,68.28,77.63
65.43,65.43,48.61,68.56,78.65
64.89,64.89,49.64,69.21,79.86
64.44,64.44,45.89,67.14,77.91
65.78,65.78,44.97,69.23,77.20
64.08,64.08,48.79,65.47,77.94
63.40,63.40,48.11,66.05,77.26
64.43,64.43,48.59,65.57,73.68
61.31,61.31,51.07,67.70,77.77
57.63,57.63,58.71,65.82,75.53
54.86,54.86,69.20,68.95,74.53
61.80,61.80,82.46,64.43,75.60
61.48,61.48,88.28,66.53,77.72
51.49,51.49,82.80,69.14,78.23
56.51,56.51,80.08,68.39,80.72
49.39,49.39,79.12,67.24,81.51
51.06,51.06,72.68,68.61,81.03
51.22,51.22,65.75,70.00,79.19
46.33,46.33,63.74,68.66,80.83
49.99,49.99,61.30,69.05,80.10
48.66,48.66,52.89,68.18,80.26
49.60,49.60,47.40,70.45,80.71
51.91,51.91,44.00,67.78,79.85
53.92,53.92,39.22,70.27,77.21
51.34,51.34,36.30,66.36,82.58
48.39,48.39,35.71,65.70,78.24
50.79,50.79,35.54,62.14,79.37
50.58,50.58,37.87,53.07,81.97
49.07,49.07,42.18,56.73,81.00
53.70,53.70,36.74,57.18,81.12
52.15,52.15,39.11,47.99,80.31
49.98,49.98,38.04,50.20,79.72
48.60,48.60,40.97,47.65,81.45
47.76,47.76,39.49,55.38,83.15
46.50,46.50,33.07,46.47,80.78
48.16,48.16,35.58,46.98,82.20
51.86,51.86,32.95,55.53,79.13
48.72,48.72,28.88,50.79,80.55
50.71,50.71,28.27,47.87,79.39
45.96,45.96,27.62,42.85,79.99
43.39,43.39,26.90,46.08,77.79
46.21,46.21,28.75,50.75,81.18
48.57,48.57,29.30,43.02,81.79
46.20,46.20,29.92,53.38,78.33
41.88,41.88,30.85,54.60,81.46
41.98,41.98,30.32,47.01,80.90
45.59,45.59,27.76,56.63,80.38
42.70,42.70,35.51,59.15,80.71
42.26,42.26,51.94,58.41,78.68
44.41,44.41,59.82,50.20,79.84
47.19,47.19,68.63,39.94,78.76
49.16,49.16,79.39,37.27,80.38
49.07,49.07,94.34,49.15,77.43
48.80,48.80,91.96,61.31,81.11
48.29,48.29,81.41,65.87,80.11
48.10,48.10,75.97,77.64,83.67
47.14,47.14,76.93,73.60,82.99
52.83,52.83,74.92,76.80,83.64
49.26,49.26,71.58,74.59,84.05
51.08,51.08,64.87,78.14,82.06
46.61,46.61,67.43,80.32,81.00
42.05,42.05,62.20,75.76,80.24
38.87,38.87,62.06,76.64,83.21
42.09,42.09,51.16,76.50,78.44
37.97,37.97,46.18,72.72,79.84
40.10,40.10,53.26,80.15,80.10
43.03,43.03,40.30,75.09,82.66
39.34,39.34,49.80,76.27,79.23
39.69,39.69,44.85,77.24,81.64
42.61,42.61,46.94,74.83,80.08
43.23,43.23,41.37,77.13,76.43
43.42,43.42,38.49,78.81,76.24
40.44,40.44,36.33,78.63,79.87
39.26,39.26,33.44,75.26,74.49
38.11,38.11,35.93,77.53,75.13
43.33,43.33,28.58,75.58,78.93
48.65,48.65,31.82,77.70,79.61
49.49,49.49,24.23,77.11,76.28
51.83,51.83,29.47,77.37,80.73
52.03,52.03,27.50,74.95,78.30
49.82,49.82,27.01,77.29,77.70
49.46,49.46,30.37,76.42,80.42
48.96,48.96,28.05,78.47,78.85
48.13,48.13,30.29,79.87,78.34
45.27,45.27,30.54,77.11,76.28
43.52,43.52,30.98,77.77,74.51
40.28,40.28,39.33,77.75,74.01
39.03,39.03,57.97,77.43,73.70
36.88,36.88,63.89,78.21,71.47
34.00,34.00,71.04,78.59,67.26
29.00,29.00,90.32,71.90,76.68
22.36,22.36,82.14,76.12,75.51
21.10,21.10,74.36,77.23,78.52
25.53,25.53,74.12,78.16,79.65
28.44,28.44,69.00,78.56,80.05
27.81,27.81,64.47,78.56,77.98
23.51,23.51,60.76,76.17,78.72
21.78,21.78,56.35,78.95,79.61
19.80,19.80,53.69,76.88,81.14
20.48,20.48,47.54,78.01,80.15
18.85,18.85,45.25,77.81,79.28
14.76,14.76,40.61,76.02,79.03
14.66,14.66,37.84,75.85,78.19
17.76,17.76,33.86,78.20,78.05
24.92,24.92,33.05,75.18,78.04
20.43,20.43,30.82,76.38,78.25
24.14,24.14,29.51,77.09,78.11
18.60,18.60,28.63,74.81,76.02
19.87,19.87,28.48,76.13,76.39
21.75,21.75,30.77,76.44,74.74
23.13,23.13,35.18,76.47,77.51
19.82,19.82,34.04,76.22,81.45
18.61,18.61,35.18,76.24,79.95
18.92,18.92,37.38,73.96,81.70
19.98,19.98,34.30,76.28,79.99
20.40,20.40,27.41,74.30,81.24
21.43,21.43,24.77,75.85,78.55
24.09,24.09,25.82,74.54,78.93
23.91,23.91,24.16,75.75,79.37
21.63,21.63,23.67,73.67,79.34
20.24,20.24,23.65,76.28,79.12
20.13,20.13,25.15,75.14,77.15
21.22,21.22,26.33,75.48,79.39
22.54,22.54,27.36,76.78,79.54
23.09,23.09,26.93,75.19,80.21
21.48,21.48,26.26,75.18,77.12
18.57,18.57,23.24,76.66,79.43
17.06,17.06,31.67,75.01,78.83
16.18,16.18,45.61,74.88,79.66
17.52,17.52,61.55,75.62,78.53
21.51,21.51,72.33,71.76,78.53
20.48,20.48,81.77,70.26,81.21
15.03,15.03,91.96,66.12,78.28
13.47,13.47,86.89,70.21,81.05
14.49,14.49,77.55,67.73,78.99
15.23,15.23,76.84,62.89,82.71
12.98,12.98,76.34,67.76,74.37
12.32,12.32,75.78,69.58,80.21
13.07,13.07,69.18,70.93,83.96
16.56,16.56,68.72,67.37,78.46
19.53,19.53,68.09,69.15,74.83
17.73,17.73,63.09,74.32,73.36
20.73,20.73,54.53,73.94,74.23
19.86,19.86,57.08,76.70,76.44
24.54,24.54,54.11,74.95,75.56
23.75,23.75,47.42,74.29,77.06
24.39,24.39,41.22,75.81,76.07
24.72,24.72,42.40,74.52,73.31
25.01,25.01,51.82,74.88,78.58
22.02,22.02,62.44,75.32,77.69
21.45,21.45,70.30,69.15,82.23
17.54,17.54,81.72,60.71,83.20
13.61,13.61,92.64,60.15,82.81
13.36,13.36,88.25,59.17,84.60
14.87,14.87,83.03,63.83,81.49
16.18,16.18,78.59,60.91,82.96
15.71,15.71,75.96,65.53,80.35
15.12,15.12,73.16,67.68,79.86
14.11,14.11,74.79,72.84,80.40
15.44,15.44,70.66,71.07,80.23
15.94,15.94,66.05,70.16,79.63
17.86,17.86,61.48,71.80,82.57
16.31,16.31,61.98,68.38,78.37
15.34,15.34,60.90,68.28,83.06
14.72,14.72,51.56,67.41,79.51
13.02,13.02,55.87,66.16,80.22
12.04,12.04,57.39,71.29,83.40
16.74,16.74,66.25,67.24,79.24
11.85,11.85,77.54,65.91,79.04
14.01,14.01,79.23,63.39,79.15
20.56,20.56,91.04,60.48,73.16
14.99,14.99,77.35,69.28,76.06
10.10,10.10,77.20,70.14,77.16
10.26,10.26,75.68,69.79,75.88
13.28,13.28,66.48,69.24,75.30
15.67,15.67,62.65,70.62,78.20
17.57,17.57,58.41,66.62,73.18
18.78,18.78,55.01,69.42,78.99
15.76,15.76,50.98,72.00,76.57
16.28,16.28,46.87,65.58,77.32
17.35,17.35,44.13,69.39,76.51
18.67,18.67,41.54,68.79,78.83
19.33,19.33,38.74,68.10,76.92
23.01,23.01,39.22,70.39,77.42
24.51,24.51,35.23,70.31,74.75
23.99,23.99,34.92,67.98,77.82
21.88,21.88,38.17,67.84,75.38
22.69,22.69,42.25,68.02,79.65
24.77,24.77,44.68,68.47,77.02
27.71,27.71,47.64,66.42,81.01
27.46,27.46,44.86,63.07,82.52
24.83,24.83,39.18,58.12,84.77
23.26,23.26,40.03,64.24,85.17
26.52,26.52,35.48,62.20,86.99
25.92,25.92,33.52,62.52,85.79
23.75,23.75,30.03,57.03,86.76
21.03,21.03,30.23,49.86,84.05
18.08,18.08,29.15,47.95,84.42
20.30,20.30,29.86,53.45,84.44
22.93,22.93,30.50,51.98,83.86
23.31,23.31,31.26,41.26,84.57
23.88,23.88,31.17,48.96,82.50
23.68,23.68,29.44,46.72,83.96
20.37,20.37,26.52,42.90,83.59
21.19,21.19,30.85,51.66,83.46
22.36,22.36,39.06,46.43,81.98
19.31,19.31,54.64,38.28,82.18
22.08,22.08,63.04,32.42,81.10
19.48,19.48,67.05,40.60,81.12
16.50,16.50,89.22,51.33,77.81
15.54,15.54,92.81,61.70,77.24
18.97,18.97,85.94,65.44,78.72
18.32,18.32,81.44,65.80,81.28
17.18,17.18,78.69,67.12,81.74
18.14,18.14,75.98,70.57,81.13
19.66,19.66,72.39,76.38,81.32
21.33,21.33,71.21,76.36,81.10
20.88,20.88,71.14,77.99,81.00
19.16,19.16,67.03,74.56,82.23
19.85,19.85,67.52,75.81,79.72
20.76,20.76,61.63,74.62,80.48
21.33,21.33,51.98,77.81,79.89
22.07,22.07,58.27,75.40,78.19
23.47,23.47,59.47,76.37,79.68
23.43,23.43,60.39,77.01,77.11
22.97,22.97,62.81,75.57,79.22
23.09,23.09,64.42,77.96,77.75
27.15,27.15,60.86,76.41,79.59
24.10,24.10,58.64,77.70,77.56
20.85,20.85,59.39,75.94,78.95
21.40,21.40,62.45,77.80,79.77
19.74,19.74,57.66,76.12,79.50
21.37,21.37,56.46,78.11,80.59
20.52,20.52,54.58,74.75,80.33
18.47,18.47,48.97,76.66,79.08
16.47,16.47,50.46,74.68,79.39
17.41,17.41,47.84,75.85,80.23
17.90,17.90,50.76,73.39,79.77
16.84,16.84,49.59,75.43,79.51
17.10,17.10,54.49,75.40,77.86
18.86,18.86,53.30,74.17,78.31
19.11,19.11,54.39,75.29,76.14
20.07,20.07,58.61,73.06,76.85
20.46,20.46,56.17,75.60,78.54
17.04,17.04,62.53,73.85,76.05
16.25,16.25,70.02,74.97,75.60
18.17,18.17,78.87,70.38,76.33
10.76,10.76,87.99,71.14,77.09
4.24,4.24,77.06,69.27,77.65
6.28,6.28,76.51,74.70,80.49
8.91,8.91,72.11,74.61,80.87
14.60,14.60,67.47,74.93,80.56
18.06,18.06,64.11,73.45,81.69
19.33,19.33,59.14,74.73,82.03
21.34,21.34,56.81,75.64,81.59
23.94,23.94,57.98,73.81,83.05
23.64,23.64,50.14,74.34,81.55
23.91,23.91,48.01,73.18,81.46
25.39,25.39,44.93,74.58,82.31
25.47,25.47,42.96,74.36,78.27
23.69,23.69,43.17,74.24,79.96
24.41,24.41,51.55,72.49,82.42
24.25,24.25,52.01,73.59,78.73
21.88,21.88,50.10,70.99,79.55
22.17,22.17,50.45,73.36,78.32
23.45,23.45,49.91,69.53,81.91
25.75,25.75,49.68,72.64,78.76
27.63,27.63,54.17,70.27,80.42
26.37,26.37,51.11,70.46,80.84
26.62,26.62,47.85,69.76,79.16
29.34,29.34,42.21,68.50,80.18
30.45,30.45,43.14,72.84,79.25
30.91,30.91,45.31,71.29,78.24
31.81,31.81,42.74,72.05,80.02
31.64,31.64,39.40,71.18,76.07
31.23,31.23,38.55,72.94,78.09
32.14,32.14,33.32,71.56,76.80
30.83,30.83,33.00,72.73,75.41
30.22,30.22,31.70,71.03,79.14
29.82,29.82,30.36,69.06,71.58
27.62,27.62,26.61,65.39,76.78
26.43,26.43,25.35,55.55,74.77
27.89,27.89,26.60,55.61,75.01
27.20,27.20,27.39,50.21,78.77
28.17,28.17,42.66,44.18,76.74
31.02,31.02,50.47,34.86,77.23
28.51,28.51,67.01,46.21,81.52
24.42,24.42,76.82,50.69,82.31
21.93,21.93,92.14,56.89,82.45
20.18,20.18,89.11,64.14,86.22
20.32,20.32,85.68,65.60,84.10
21.71,21.71,80.06,71.04,85.29
19.65,19.65,76.18,74.74,84.27
19.28,19.28,73.99,74.09,85.29
18.37,18.37,72.57,75.29,82.89
19.41,19.41,72.81,77.23,82.35
18.15,18.15,70.34,76.16,85.10
16.78,16.78,68.97,74.41,83.64
14.56,14.56,67.73,76.39,83.77
13.37,13.37,60.39,74.61,83.51
13.29,13.29,59.51,75.78,83.86
13.94,13.94,65.25,74.06,84.68
14.69,14.69,62.20,76.87,83.67
16.97,16.97,60.80,76.20,82.86
19.00,19.00,63.08,77.45,83.82
22.40,22.40,59.58,74.64,82.18
24.78,24.78,57.60,76.73,80.15
27.71,27.71,49.26,75.38,79.20
25.23,25.23,49.52,76.60,79.75
22.40,22.40,53.34,74.83,77.87
18.91,18.91,46.27,75.26,77.52
16.78,16.78,45.49,74.55,79.91
14.45,14.45,49.08,76.24,81.54
13.26,13.26,43.80,75.77,81.21
13.06,13.06,47.74,74.98,82.16
13.45,13.45,50.20,75.90,83.57
14.95,14.95,43.31,74.21,82.05
16.60,16.60,32.82,75.62,83.22
16.47,16.47,44.50,73.62,83.65
14.99,14.99,45.92,75.07,84.88
14.20,14.20,46.18,73.91,81.28
13.02,13.02,48.97,75.11,82.16
12.67,12.67,49.91,72.78,82.92
11.48,11.48,60.77,74.78,79.29
10.41,10.41,69.19,72.17,78.27
11.34,11.34,74.75,69.75,76.65
16.06,16.06,90.58,68.96,79.43
13.56,13.56,81.73,70.04,77.45
6.84,6.84,79.57,72.51,80.88
6.16,6.16,76.31,72.63,78.04
5.73,5.73,71.58,71.73,78.99
8.99,8.99,64.57,71.26,79.43
12.17,12.17,59.39,73.11,77.94
14.50,14.50,54.90,70.33,78.11
15.17,15.17,51.76,72.75,79.30
15.96,15.96,50.39,70.79,78.85
16.77,16.77,46.59,72.31,80.92
18.94,18.94,44.40,71.33,81.15
18.06,18.06,40.69,73.52,81.99
23.23,23.23,38.01,71.68,83.16
23.38,23.38,35.41,72.73,83.28
19.90,19.90,31.30,71.32,81.82
21.88,21.88,34.22,72.80,81.78
23.60,23.60,54.23,71.22,79.29
26.41,26.41,67.98,67.43,78.56
27.49,27.49,62.90,59.93,77.16
26.11,26.11,87.40,58.06,79.88
25.75,25.75,92.06,50.36,78.18
22.34,22.34,84.51,60.33,80.86
20.53,20.53,80.13,61.85,81.26
19.34,19.34,79.69,63.33,80.67
17.67,17.67,75.84,67.74,83.06
18.11,18.11,72.19,70.42,83.44
17.30,17.30,71.48,73.60,83.80
18.04,18.04,71.60,71.36,83.17
21.38,21.38,69.33,73.09,81.15
24.66,24.66,68.57,70.66,84.50
23.70,23.70,59.42,69.66,81.59
20.45,20.45,50.28,69.80,81.37
18.54,18.54,59.24,70.97,84.37
21.45,21.45,55.00,65.14,80.40
25.14,25.14,49.48,68.16,79.23
23.26,23.26,60.08,72.97,80.29
21.29,21.29,63.11,65.05,76.78
23.82,23.82,68.03,54.99,76.57
25.41,25.41,73.26,54.36,79.49
26.31,26.31,93.49,60.46,78.04
22.17,22.17,89.66,62.18,80.72
17.41,17.41,87.27,75.95,82.12
16.30,16.30,80.46,79.97,82.10
19.06,19.06,75.66,79.98,83.69
18.23,18.23,72.37,80.41,80.62
15.86,15.86,72.67,77.90,80.92
15.71,15.71,73.52,78.92,83.21
15.56,15.56,72.75,79.69,80.71
14.90,14.90,68.61,79.06,80.63
14.08,14.08,65.51,77.76,80.69
12.34,12.34,54.11,77.62,79.99
11.77,11.77,54.77,78.26,82.03
11.20,11.20,61.03,76.67,77.72
11.69,11.69,50.88,77.02,81.13
13.41,13.41,52.21,78.86,77.75
15.98,15.98,62.10,77.56,81.05
20.02,20.02,59.28,78.44,80.98
22.46,22.46,54.53,78.83,80.65
22.41,22.41,53.18,76.94,80.24
19.82,19.82,51.59,77.23,81.99
15.54,15.54,49.31,78.61,80.88
15.17,15.17,49.31,78.75,82.80
15.45,15.45,46.61,77.38,82.00
16.09,16.09,44.32,77.59,81.91
16.57,16.57,49.45,78.13,80.15
17.81,17.81,48.54,77.07,79.63
18.94,18.94,44.22,77.57,80.14
19.61,19.61,43.79,76.95,77.29
21.14,21.14,33.24,76.46,77.51
20.86,20.86,48.99,77.15,76.35
22.83,22.83,51.77,77.46,78.06
27.26,27.26,48.76,76.57,77.50
29.89,29.89,43.48,76.66,76.50
26.97,26.97,51.90,77.21,74.57
23.14,23.14,56.02,76.52,75.06
16.11,16.11,67.26,75.55,76.04
13.02,13.02,71.76,74.78,73.69
11.07,11.07,89.32,73.32,78.84
2.01,2.01,85.21,73.75,81.41
2.60,2.60,78.50,76.56,81.23
4.38,4.38,75.05,77.84,79.27
5.75,5.75,68.18,77.13,78.03
9.86,9.86,62.88,75.70,79.49
14.52,14.52,60.55,77.83,79.26
15.54,15.54,57.28,76.38,78.33
15.08,15.08,52.13,74.71,79.68
15.88,15.88,49.12,76.83,77.10
17.43,17.43,47.88,76.47,75.78
17.11,17.11,43.28,75.73,77.86
18.20,18.20,40.66,75.13,76.71
18.50,18.50,38.16,75.73,77.13
18.40,18.40,36.82,75.62,77.69
18.70,18.70,34.40,74.76,76.89
18.52,18.52,33.32,74.55,75.22
17.73,17.73,33.16,74.99,76.71
17.54,17.54,34.02,72.48,79.77
19.46,19.46,39.25,73.11,77.41
20.73,20.73,42.05,73.55,78.35
22.20,22.20,41.79,73.31,79.81
22.02,22.02,39.45,74.20,79.23
22.08,22.08,36.20,74.88,78.91
22.38,22.38,34.70,72.79,77.63
23.11,23.11,34.21,72.43,78.90
23.76,23.76,32.77,74.27,77.61
25.31,25.31,33.00,73.34,78.04
24.99,24.99,32.92,71.26,75.33
24.94,24.94,34.24,72.83,77.39
25.40,25.40,35.75,75.09,76.32
25.90,25.90,35.90,71.97,77.21
23.85,23.85,33.83,73.14,76.07
23.81,23.81,33.31,74.61,76.97
25.61,25.61,35.16,74.32,75.74
26.96,26.96,34.22,74.22,75.32
28.38,28.38,38.68,74.92,78.46
27.15,27.15,55.47,75.04,76.03
25.14,25.14,65.18,72.63,76.44
19.01,19.01,72.55,69.21,79.65
16.64,16.64,93.22,65.04,79.83
14.78,14.78,91.42,56.83,79.33
12.37,12.37,85.54,63.23,82.59
10.93,10.93,80.97,72.63,80.78
8.25,8.25,76.92,73.81,79.29
8.76,8.76,71.63,71.08,77.50
12.90,12.90,71.07,71.16,80.63
12.87,12.87,73.70,72.83,84.36
13.75,13.75,71.81,71.69,76.52
17.48,17.48,66.89,72.44,79.99
13.32,13.32,65.78,73.39,76.43
13.11,13.11,58.11,72.06,77.70
15.59,15.59,64.63,73.33,79.91
14.04,14.04,61.33,75.13,78.19
18.00,18.00,59.07,74.22,76.42
18.07,18.07,59.92,73.48,81.97
17.81,17.81,65.36,73.22,80.84
17.70,17.70,65.19,72.46,79.94
18.51,18.51,70.14,71.64,78.43
19.17,19.17,86.09,69.10,79.54
17.24,17.24,92.84,66.71,80.09
17.08,17.08,83.99,66.26,80.82
18.87,18.87,81.06,70.67,82.53
19.77,19.77,76.54,74.11,78.33
17.39,17.39,78.10,72.77,78.70
16.95,16.95,68.64,70.26,78.67
15.71,15.71,73.15,72.15,78.51
14.57,14.57,69.57,72.14,80.06
12.84,12.84,66.47,71.33,78.62
10.10,10.10,69.59,72.61,77.74
9.86,9.86,64.62,73.18,80.28
12.70,12.70,57.68,72.08,79.74
13.88,13.88,62.53,70.60,80.83
13.15,13.15,58.06,71.56,80.12
12.39,12.39,55.48,72.25,81.91
9.78,9.78,61.72,70.42,80.28
9.50,9.50,68.25,68.57,79.63
13.22,13.22,78.48,69.68,79.78
14.67,14.67,90.00,65.47,79.41
5.75,5.75,81.44,71.53,77.08
5.89,5.89,78.42,71.94,77.84
8.88,8.88,75.98,83.32,79.67
11.54,11.54,66.11,80.47,79.91
16.36,16.36,61.87,79.55,81.58
16.00,16.00,57.81,79.06,81.29
17.87,17.87,52.93,78.70,80.71
18.42,18.42,46.50,78.85,81.28
19.30,19.30,44.66,78.28,79.33
20.36,20.36,41.90,77.87,80.72
21.85,21.85,41.45,79.07,80.67
22.40,22.40,39.23,78.49,79.87
23.86,23.86,36.60,77.35,82.19
24.72,24.72,36.91,77.70,80.22
21.94,21.94,35.10,77.62,81.00
18.67,18.67,42.94,77.51,79.15
18.59,18.59,59.97,78.91,81.41
20.35,20.35,65.69,76.98,79.31
20.92,20.92,76.95,73.62,82.27
25.98,25.98,82.81,75.18,81.04
25.31,25.31,83.79,76.86,80.00
23.08,23.08,82.86,77.43,79.74
24.03,24.03,77.27,75.49,81.24
23.99,23.99,71.22,72.47,82.78
24.20,24.20,71.80,76.43,82.40
24.67,24.67,69.80,77.61,81.81
24.57,24.57,66.57,77.96,81.52
24.69,24.69,58.23,71.68,80.42
23.59,23.59,42.23,73.19,81.12
24.77,24.77,49.65,75.93,81.89
25.20,25.20,52.64,77.26,81.17
23.95,23.95,44.33,77.80,80.85
23.85,23.85,44.16,78.25,81.20
25.17,25.17,46.02,78.52,79.32
25.66,25.66,41.09,77.45,80.39
24.91,24.91,46.75,77.38,80.61
22.70,22.70,60.62,76.85,76.17
24.06,24.06,69.96,74.32,75.93
24.00,24.00,77.68,70.48,76.41
24.00,24.00,92.51,68.83,77.67
22.00,22.00,90.94,71.49,78.01
19.75,19.75,82.41,74.31,79.89
21.35,21.35,77.30,76.45,79.11
21.41,21.41,77.22,79.73,79.10
20.05,20.05,71.63,76.74,78.11
19.23,19.23,73.28,76.18,78.40
20.85,20.85,73.38,75.96,81.03
21.59,21.59,69.84,77.15,77.39
19.50,19.50,66.38,76.14,80.50
17.79,17.79,67.94,76.94,80.09
17.54,17.54,61.26,78.86,80.32
18.30,18.30,61.25,77.30,79.74
20.32,20.32,62.34,77.92,79.91
21.03,21.03,54.95,75.18,79.46
20.01,20.01,55.36,77.49,80.18
19.51,19.51,63.44,76.66,77.56
21.15,21.15,62.66,76.55,78.34
21.42,21.42,57.10,73.21,77.62
20.77,20.77,54.04,75.86,77.56
18.90,18.90,50.50,73.32,78.41
19.57,19.57,50.19,75.71,75.52
20.05,20.05,53.01,74.92,76.71
19.96,19.96,53.11,76.22,80.62
20.35,20.35,50.25,75.40,76.78
20.60,20.60,47.07,76.46,78.13
18.35,18.35,44.86,74.52,80.92
18.20,18.20,46.31,76.32,75.45
18.66,18.66,43.34,74.38,80.02
17.85,17.85,41.69,75.22,78.26
18.70,18.70,40.81,74.62,78.64
19.14,19.14,46.29,75.28,77.58
20.30,20.30,41.94,74.22,77.64
22.59,22.59,44.17,74.21,76.69
21.88,21.88,50.71,76.02,78.09
18.54,18.54,55.33,74.20,76.37
21.97,21.97,62.95,76.88,78.20
22.96,22.96,74.79,74.36,76.71
16.73,16.73,78.64,75.00,76.73
8.17,8.17,91.80,71.96,76.53
7.14,7.14,81.42,75.90,75.71
8.29,8.29,73.89,74.22,77.36
9.39,9.39,74.90,74.85,81.58
11.00,11.00,69.46,73.59,79.60
14.56,14.56,67.26,74.71,80.43
15.53,15.53,62.98,72.84,79.71
15.70,15.70,59.30,74.03,80.06
16.00,16.00,53.84,72.72,80.56
18.05,18.05,51.57,73.54,78.96
19.70,19.70,45.99,73.00,78.74
19.60,19.60,44.15,73.30,79.63
19.03,19.03,39.91,74.19,79.69
20.17,20.17,43.40,73.30,78.31
20.37,20.37,42.50,74.52,80.04
20.08,20.08,34.95,73.71,79.09
20.67,20.67,33.66,74.68,78.88
21.83,21.83,33.75,73.95,80.76
24.26,24.26,33.17,75.74,77.16
26.98,26.98,34.05,74.47,79.37
27.46,27.46,35.08,75.83,79.50
30.11,30.11,31.99,73.00,79.55
30.15,30.15,31.48,74.72,79.93
30.56,30.56,30.88,71.86,78.71
31.35,31.35,32.99,73.25,78.90
31.05,31.05,39.14,72.16,81.11
32.05,32.05,40.46,73.21,77.21
30.96,30.96,35.24,73.40,79.59
32.64,32.64,29.02,73.02,79.72
33.97,33.97,29.25,73.29,77.89
35.02,35.02,27.66,72.47,78.41
35.98,35.98,27.74,72.55,77.60
32.90,32.90,26.03,71.48,76.71
32.17,32.17,24.32,73.27,80.28
33.61,33.61,24.57,69.66,76.60
36.56,36.56,29.97,62.95,77.37
34.60,34.60,49.58,56.38,79.48
32.97,32.97,57.01,26.35,74.57
24.77,24.77,70.58,38.15,80.99
20.19,20.19,74.46,37.68,81.32
18.63,18.63,93.79,53.52,81.66
21.68,21.68,90.65,59.00,80.80
19.97,19.97,86.72,67.82,81.22
19.87,19.87,78.27,76.18,82.00
19.58,19.58,72.77,76.94,79.97
19.90,19.90,70.64,76.84,81.37
21.26,21.26,73.27,74.34,81.97
23.42,23.42,73.87,73.99,79.13
25.73,25.73,71.73,76.10,80.72
26.22,26.22,70.19,76.28,83.00
23.28,23.28,66.09,76.53,82.63
22.90,22.90,61.73,76.40,81.40
21.36,21.36,59.77,77.87,82.27
19.35,19.35,60.67,75.74,81.23
19.58,19.58,57.02,76.72,81.79
18.00,18.00,60.29,74.48,80.93
17.84,17.84,60.52,76.56,80.70
20.63,20.63,56.97,74.45,77.53
23.74,23.74,55.19,74.51,75.22
26.66,26.66,46.17,72.16,78.91
26.40,26.40,50.16,74.07,78.84
23.02,23.02,52.87,73.62,78.08
20.29,20.29,54.95,76.09,75.66
15.78,15.78,55.99,73.30,77.81
15.45,15.45,49.87,74.00,77.93
17.03,17.03,52.57,75.30,79.03
18.85,18.85,50.85,75.05,77.31
20.03,20.03,57.49,75.52,79.45
20.18,20.18,54.81,73.93,77.54
18.43,18.43,53.22,75.91,81.30
18.65,18.65,55.36,75.13,77.65
18.39,18.39,51.31,75.92,78.65
20.20,20.20,51.31,73.87,76.82
20.40,20.40,51.05,75.53,77.72
20.43,20.43,50.27,74.69,75.16
20.98,20.98,54.62,75.54,77.92
18.53,18.53,57.31,72.27,77.73
13.80,13.80,71.82,73.32,78.04
17.02,17.02,81.28,68.79,78.11
15.51,15.51,89.49,69.37,77.03
14.91,14.91,78.59,70.11,78.39
13.31,13.31,81.45,74.30,77.94
14.90,14.90,74.76,73.86,78.25
15.95,15.95,67.28,72.07,78.91
18.16,18.16,67.72,71.90,81.37
20.59,20.59,65.92,69.85,80.33
18.87,18.87,56.79,73.83,80.76
18.49,18.49,51.25,70.96,79.60
17.37,17.37,50.41,73.48,79.54
17.26,17.26,46.16,71.44,78.02
17.21,17.21,46.44,73.76,78.18
18.17,18.17,47.24,72.36,78.89
19.51,19.51,47.09,72.49,77.02
23.11,23.11,46.09,71.72,78.84
22.69,22.69,43.53,73.87,75.46
19.22,19.22,51.26,71.26,76.97
21.65,21.65,66.66,65.93,75.95
22.60,22.60,69.11,50.25,76.54
23.65,23.65,92.27,60.62,80.71
25.15,25.15,87.65,61.77,81.01
23.45,23.45,83.13,68.55,80.29
19.39,19.39,82.16,75.53,79.78
18.89,18.89,77.57,75.98,78.43
19.41,19.41,71.11,74.39,79.67
20.19,20.19,65.50,72.76,83.21
19.84,19.84,66.14,77.40,80.69
19.86,19.86,67.87,79.70,82.82
18.64,18.64,64.25,73.10,82.85
18.22,18.22,56.36,72.47,85.33
16.82,16.82,49.90,71.13,81.48
16.97,16.97,51.19,79.66,85.00
17.75,17.75,50.46,77.28,85.38
16.71,16.71,49.35,73.37,83.30
15.07,15.07,39.21,73.05,85.79
16.62,16.62,47.38,70.53,83.16
14.31,14.31,56.78,59.80,84.33
16.93,16.93,66.59,51.32,83.36
17.56,17.56,77.35,54.46,83.19
18.77,18.77,91.68,56.61,80.75
20.92,20.92,89.69,66.95,81.15
19.04,19.04,85.90,72.97,82.01
16.42,16.42,79.01,72.21,81.89
16.75,16.75,75.07,77.11,84.54
18.17,18.17,69.64,77.02,83.64
17.81,17.81,72.63,78.81,83.18
17.31,17.31,70.48,76.55,83.08
14.64,14.64,66.40,75.18,82.02
13.01,13.01,61.12,73.49,81.44
13.08,13.08,60.55,78.23,81.62
12.25,12.25,57.77,76.78,83.53
14.27,14.27,54.18,72.97,79.83
16.41,16.41,48.45,73.70,80.00
16.26,16.26,36.38,74.40,83.56
15.57,15.57,46.40,73.88,81.06
14.99,14.99,38.55,78.04,81.99
16.20,16.20,38.20,77.20,79.62
18.20,18.20,42.32,74.93,83.51
21.63,21.63,38.63,74.22,81.62
17.40,17.40,41.07,73.84,81.87
13.98,13.98,38.46,78.62,82.25
13.36,13.36,39.97,79.00,84.35
14.16,14.16,30.43,76.91,84.40
15.97,15.97,27.29,75.45,82.50
17.89,17.89,30.20,76.81,80.53
20.16,20.16,27.12,74.75,81.40
20.77,20.77,26.35,78.92,79.64
19.35,19.35,27.72,78.11,80.31
19.15,19.15,25.81,78.32,79.28
19.86,19.86,29.17,75.25,79.45
21.07,21.07,31.77,79.05,77.60
22.50,22.50,30.81,77.08,79.50
23.21,23.21,29.11,79.15,80.91
22.62,22.62,30.49,78.90,78.11
20.09,20.09,39.34,76.50,77.37
15.86,15.86,52.22,77.01,78.34
21.67,21.67,65.55,77.61,77.37
7.85,7.85,74.41,72.12,77.91
4.65,4.65,85.96,73.09,81.39
7.26,7.26,84.52,71.58,79.92
9.74,9.74,78.21,75.49,80.79
11.71,11.71,76.42,76.53,79.95
11.36,11.36,67.96,74.98,77.93
13.71,13.71,62.44,76.52,79.28
17.85,17.85,60.43,75.93,80.55
18.26,18.26,56.35,75.93,78.33
19.52,19.52,52.71,73.39,79.13
20.41,20.41,49.04,75.98,77.98
22.81,22.81,45.76,74.33,78.88
21.08,21.08,43.17,75.30,78.95
20.97,20.97,41.02,77.24,78.71
21.15,21.15,38.96,76.17,77.43
21.03,21.03,37.25,73.97,76.97
21.33,21.33,35.08,76.11,77.61
21.61,21.61,33.95,74.61,77.71
21.92,21.92,33.08,77.31,80.80
21.61,21.61,33.06,76.86,78.44
25.92,25.92,35.48,75.56,80.55
23.97,23.97,36.28,76.70,81.49
22.53,22.53,34.96,77.02,82.11
21.87,21.87,33.87,76.57,82.27
20.68,20.68,30.47,76.17,80.97
22.04,22.04,30.57,77.78,80.89
24.31,24.31,30.49,75.43,82.29
24.15,24.15,30.31,76.30,81.36
24.33,24.33,31.27,74.79,81.86
25.02,25.02,30.66,76.47,80.38
27.00,27.00,32.90,75.37,79.77
26.32,26.32,31.84,76.52,81.04
27.69,27.69,32.66,73.50,80.47
27.86,27.86,31.71,76.35,76.62
28.79,28.79,31.01,75.55,76.59
26.89,26.89,29.26,76.27,76.16
25.28,25.28,33.31,75.79,79.50
23.00,23.00,55.64,74.71,78.64
21.33,21.33,65.29,67.94,76.52
19.35,19.35,75.36,60.95,77.37
17.00,17.00,92.36,64.17,81.64
16.91,16.91,88.49,63.09,80.00
15.35,15.35,82.86,66.35,78.92
15.10,15.10,81.81,61.83,77.31
17.30,17.30,79.53,72.33,80.01
19.82,19.82,73.07,72.00,79.31
21.89,21.89,71.39,74.04,79.55
23.33,23.33,70.76,66.88,77.20
20.21,20.21,72.43,73.16,78.41
19.19,19.19,67.31,72.14,76.99
17.34,17.34,61.62,71.35,79.14
14.46,14.46,58.88,69.95,78.66
15.20,15.20,57.38,74.57,79.89
16.81,16.81,51.83,72.11,78.77
16.18,16.18,43.09,71.58,78.96
11.84,11.84,48.09,72.33,80.57
9.74,9.74,47.47,76.06,77.68
11.98,11.98,46.52,75.61,81.11
16.35,16.35,38.55,72.98,76.41
22.49,22.49,36.82,73.37,82.97
21.12,21.12,39.46,71.17,85.24
17.63,17.63,37.05,69.89,83.60
12.44,12.44,41.39,74.47,81.48
11.94,11.94,37.25,71.46,80.31
11.18,11.18,35.98,69.54,80.94
10.11,10.11,36.84,71.26,80.53
9.22,9.22,35.49,68.43,80.32
9.60,9.60,32.27,69.15,80.83
10.45,10.45,36.73,72.77,80.67
11.05,11.05,31.16,69.56,80.03
11.29,11.29,30.26,69.67,80.77
10.21,10.21,28.52,72.24,80.65
8.47,8.47,26.07,70.21,82.12
6.79,6.79,27.25,72.87,80.82
5.69,5.69,37.67,71.90,82.22
7.35,7.35,46.42,70.95,82.79
9.72,9.72,63.51,70.57,81.13
13.95,13.95,72.08,69.80,78.45
11.34,11.34,80.78,69.38,77.30
9.36,9.36,86.61,73.66,79.69
4.90,4.90,75.21,72.99,80.16
5.23,5.23,76.64,72.76,81.57
9.68,9.68,70.57,69.34,80.71
10.55,10.55,64.79,67.71,80.30
12.46,12.46,61.93,69.98,79.01
17.68,17.68,59.19,73.93,81.98
17.14,17.14,55.13,70.33,81.09
18.47,18.47,51.23,69.83,81.50
19.73,19.73,48.50,73.06,83.83
19.88,19.88,42.89,69.27,81.59
19.88,19.88,43.50,68.40,82.31
20.57,20.57,41.69,68.02,81.79
21.38,21.38,40.24,61.77,79.61
22.59,22.59,38.45,55.99,80.34
22.74,22.74,38.05,55.58,79.32
21.86,21.86,46.34,49.44,74.38
26.38,26.38,56.96,48.19,78.31
25.46,25.46,70.27,43.84,77.65
26.59,26.59,79.87,50.15,78.42
27.96,27.96,91.75,54.76,80.80
26.53,26.53,86.85,54.89,80.15
23.29,23.29,79.66,51.39,81.76
22.77,22.77,78.80,55.25,79.36
23.13,23.13,75.01,63.35,82.89
21.91,21.91,73.83,60.67,84.20
23.31,23.31,75.28,62.79,82.89
23.04,23.04,70.71,61.14,85.27
21.47,21.47,68.19,61.80,83.14
19.79,19.79,66.59,60.82,83.02
20.42,20.42,62.49,53.71,85.66
18.99,18.99,54.78,58.57,82.84
17.63,17.63,48.13,62.18,83.28
16.87,16.87,59.28,65.61,83.63
16.84,16.84,46.38,69.78,83.90
16.73,16.73,49.74,69.30,82.51
18.84,18.84,58.79,65.32,83.26
18.99,18.99,62.26,58.32,81.08
19.76,19.76,69.23,52.65,78.61
18.40,18.40,85.14,58.97,80.21
17.53,17.53,93.02,59.53,77.66
17.16,17.16,84.11,74.42,80.28
15.71,15.71,82.76,79.52,79.07
14.27,14.27,79.43,81.52,80.62
12.73,12.73,76.34,80.09,78.75
11.55,11.55,72.90,78.96,81.02
11.69,11.69,72.77,75.62,77.51
14.27,14.27,69.90,77.72,77.76
16.21,16.21,70.74,77.75,76.61
18.57,18.57,70.99,74.59,77.24
14.64,14.64,64.11,77.69,79.75
15.44,15.44,61.91,76.75,79.99
10.82,10.82,65.15,77.89,77.67
11.15,11.15,64.76,77.95,76.85
10.31,10.31,62.74,76.24,77.00
11.16,11.16,64.31,77.00,75.93
13.12,13.12,65.98,77.41,75.16
15.26,15.26,60.58,77.64,76.62
13.05,13.05,57.11,76.85,74.85
16.21,16.21,56.11,76.93,76.11
17.25,17.25,51.26,76.58,76.31
17.26,17.26,52.38,77.50,76.66
18.74,18.74,51.90,76.18,76.83
20.41,20.41,50.99,75.81,77.42
19.58,19.58,51.02,76.44,77.59
15.84,15.84,46.26,75.90,75.43
16.73,16.73,49.92,75.45,77.34
17.08,17.08,52.29,75.74,75.94
14.02,14.02,52.36,73.24,75.27
12.23,12.23,51.35,75.33,75.37
12.74,12.74,47.39,75.30,75.03
15.24,15.24,45.54,74.91,74.53
20.14,20.14,45.78,75.18,76.04
22.23,22.23,42.14,74.68,71.18
18.74,18.74,45.80,76.03,74.64
25.44,25.44,55.71,75.75,74.64
30.30,30.30,68.40,74.83,72.26
16.03,16.03,79.33,74.37,73.66
7.86,7.86,90.36,72.10,74.50
3.97,3.97,84.48,72.46,77.46
2.12,2.12,75.50,73.27,74.26
2.54,2.54,74.19,73.68,79.38
4.46,4.46,68.20,73.62,79.76
5.65,5.65,69.24,75.55,82.32
10.99,10.99,66.92,76.30,79.84
13.63,13.63,59.56,74.39,80.45
13.62,13.62,55.27,75.40,82.20
13.93,13.93,51.67,75.22,82.18
15.28,15.28,48.57,75.86,79.64
16.93,16.93,46.46,74.84,80.02
17.60,17.60,40.73,69.87,80.12
17.05,17.05,39.57,64.08,78.33
16.15,16.15,39.30,59.90,79.78
14.96,14.96,36.70,62.19,80.63
15.22,15.22,34.50,54.54,78.94
17.93,17.93,34.70,57.30,79.89
20.27,20.27,34.66,58.48,78.95
20.58,20.58,36.93,61.02,78.57
21.24,21.24,38.73,59.83,77.85
22.66,22.66,40.82,75.21,76.07
22.90,22.90,39.35,82.30,80.75
21.19,21.19,38.22,80.73,79.09
20.02,20.02,37.72,78.90,76.39
18.97,18.97,36.46,79.42,75.70
20.18,20.18,35.36,79.45,74.09
21.91,21.91,35.04,78.46,74.98
22.63,22.63,35.17,78.48,77.34
23.89,23.89,35.69,77.58,72.87
23.59,23.59,35.24,79.42,74.55
22.47,22.47,35.26,77.92,75.09
21.45,21.45,34.12,76.87,70.23
23.54,23.54,35.39,77.60,78.00
25.33,25.33,35.51,76.82,73.62
25.99,25.99,35.03,76.90,74.17
27.36,27.36,40.03,77.34,77.72
25.44,25.44,55.20,75.13,70.27
22.83,22.83,66.42,72.82,73.51
22.61,22.61,76.40,66.96,76.25
21.37,21.37,85.87,67.15,77.37
23.50,23.50,94.14,66.38,80.99
18.82,18.82,84.87,67.72,84.85
16.33,16.33,82.17,71.67,80.94
14.75,14.75,80.48,74.28,83.37
12.10,12.10,73.74,74.14,80.96
12.47,12.47,71.95,73.46,84.55
12.56,12.56,71.75,74.84,74.85
13.32,13.32,69.87,76.04,75.13
11.51,11.51,71.53,74.23,75.58
8.70,8.70,68.10,74.18,77.31
9.01,9.01,66.21,72.16,76.23
10.97,10.97,63.07,74.99,74.45
10.17,10.17,65.42,74.40,76.30
10.55,10.55,60.76,72.86,77.89
13.82,13.82,56.46,73.73,75.38
17.71,17.71,57.47,73.69,77.47
19.67,19.67,62.43,73.61,73.03
21.50,21.50,58.39,73.83,77.09
20.05,20.05,52.68,72.94,78.54
25.02,25.02,49.62,73.31,81.19
22.64,22.64,51.30,73.10,84.09
20.46,20.46,48.07,74.06,81.51
19.85,19.85,42.70,73.35,82.11
19.22,19.22,44.14,74.02,81.79
18.84,18.84,49.40,73.54,79.27
18.78,18.78,44.40,72.66,81.98
18.48,18.48,46.49,72.63,82.39
17.86,17.86,49.96,71.58,82.26
19.15,19.15,51.23,72.42,82.49
20.07,20.07,51.05,72.17,80.53
17.82,17.82,42.22,70.28,83.92
14.96,14.96,44.93,71.88,79.38
13.71,13.71,43.02,72.65,80.45
14.96,14.96,44.71,73.94,82.66
14.32,14.32,42.69,72.71,81.20
14.70,14.70,50.83,71.89,82.65
16.20,16.20,60.35,71.50,76.85
15.80,15.80,72.42,71.78,77.97
12.01,12.01,82.81,69.99,75.49
8.31,8.31,88.12,65.79,76.89
5.32,5.32,78.89,68.46,74.98
4.93,4.93,78.86,71.41,77.91
4.61,4.61,73.65,72.76,80.92
8.39,8.39,69.92,73.68,81.70
13.31,13.31,66.53,73.21,81.96
17.17,17.17,66.15,72.93,83.49
16.56,16.56,56.09,74.10,81.37
16.52,16.52,52.02,72.77,83.69
16.23,16.23,50.35,70.72,84.47
17.30,17.30,50.59,66.02,81.54
18.32,18.32,48.36,59.69,82.31
17.84,17.84,44.92,58.73,79.30
21.14,21.14,37.05,58.82,83.01
24.88,24.88,38.26,57.57,78.59
26.26,26.26,34.85,60.24,79.75
28.54,28.54,49.44,57.12,84.15
28.61,28.61,56.71,45.56,77.40
27.06,27.06,70.50,52.09,78.17
26.04,26.04,80.17,69.38,79.16
22.79,22.79,90.03,77.21,81.84
19.55,19.55,89.96,78.33,84.84
18.14,18.14,84.16,77.28,85.14
19.16,19.16,79.20,78.33,87.16
18.35,18.35,74.82,75.78,90.78
15.21,15.21,73.87,76.14,85.88
17.25,17.25,73.03,78.00,87.69
20.75,20.75,73.48,78.79,86.57
19.38,19.38,69.82,77.59,84.57
18.33,18.33,65.83,79.55,85.86
17.87,17.87,64.62,77.91,84.87
18.06,18.06,56.56,78.55,86.65
19.54,19.54,58.06,76.78,84.55
18.83,18.83,62.05,66.04,85.13
17.66,17.66,57.21,56.31,86.00
13.11,13.11,54.35,57.47,84.42
12.38,12.38,62.92,51.38,82.89
14.52,14.52,69.60,41.99,82.88
15.90,15.90,74.68,53.43,83.49
16.75,16.75,92.79,59.62,81.95
18.30,18.30,90.49,70.98,83.26
12.10,12.10,79.72,76.91,83.68
11.21,11.21,78.31,79.65,85.35
11.31,11.31,77.97,80.84,85.48
12.38,12.38,71.62,78.22,85.22
13.33,13.33,73.95,77.82,83.93
13.80,13.80,72.49,79.31,84.53
14.23,14.23,69.87,78.69,85.25
13.81,13.81,66.38,78.26,84.47
14.71,14.71,68.17,78.74,83.62
16.30,16.30,57.05,79.13,82.65
17.90,17.90,56.76,77.11,81.91
19.31,19.31,64.61,76.81,83.47
21.11,21.11,61.74,78.39,82.10
22.18,22.18,59.63,76.26,79.95
22.39,22.39,61.95,78.22,81.86
22.66,22.66,61.77,79.13,80.94
23.45,23.45,52.19,77.77,82.22
22.39,22.39,47.70,77.82,82.77
20.51,20.51,47.95,77.33,82.03
19.79,19.79,46.52,77.35,82.52
20.30,20.30,44.23,76.66,83.08
20.60,20.60,38.73,77.32,83.83
21.66,21.66,46.74,77.31,83.09
21.77,21.77,44.53,75.28,80.44
22.29,22.29,47.65,77.27,82.78
23.07,23.07,54.07,78.20,81.16
24.38,24.38,47.04,75.70,79.84
22.02,22.02,43.17,76.68,79.62
23.18,23.18,45.88,78.08,80.38
24.16,24.16,39.57,77.21,77.31
23.65,23.65,39.17,76.16,78.32
24.11,24.11,40.65,76.89,79.48
22.41,22.41,39.24,76.63,77.99
22.39,22.39,49.71,75.78,75.98
24.91,24.91,64.15,75.51,76.93
17.99,17.99,73.43,74.60,79.38
11.69,11.69,78.37,70.26,79.84
5.90,5.90,90.21,70.71,82.28
4.90,4.90,78.20,74.07,81.59
5.49,5.49,79.76,72.83,80.08
6.93,6.93,72.39,72.47,77.11
10.26,10.26,65.68,74.01,77.55
13.95,13.95,64.51,74.48,78.92
18.49,18.49,64.36,73.17,77.39
20.81,20.81,55.81,72.74,75.32
24.28,24.28,53.58,72.47,78.24
25.84,25.84,49.09,72.81,78.10
26.08,26.08,44.64,73.61,76.96
28.10,28.10,42.66,74.01,77.02
29.76,29.76,40.62,72.48,77.31
31.70,31.70,39.00,73.76,77.61
34.19,34.19,37.39,73.28,79.96
35.53,35.53,35.21,71.99,76.00
36.38,36.38,40.61,72.61,77.37
33.99,33.99,49.60,71.96,78.23
31.87,31.87,62.91,67.68,79.80
30.34,30.34,75.92,67.94,78.19
27.93,27.93,92.01,66.66,76.85
28.09,28.09,90.69,67.17,80.85
26.92,26.92,83.28,73.81,79.66
25.04,25.04,80.62,77.50,81.01
25.20,25.20,75.64,76.99,79.80
25.47,25.47,72.12,76.63,79.79
26.91,26.91,74.29,77.06,77.25
27.50,27.50,74.69,75.75,75.77
26.63,26.63,71.49,75.72,79.76
26.11,26.11,65.82,76.62,77.83
28.62,28.62,66.22,76.55,79.03
27.40,27.40,57.64,75.21,77.98
25.66,25.66,53.66,75.36,78.69
26.73,26.73,62.34,75.82,78.01
26.93,26.93,57.72,75.46,76.58
29.38,29.38,57.44,75.51,80.52
29.77,29.77,63.31,75.76,80.06
26.07,26.07,61.75,73.61,78.44
20.85,20.85,73.19,72.15,79.82
17.13,17.13,85.55,71.18,77.59
18.46,18.46,94.06,66.36,81.74
16.99,16.99,85.36,70.85,84.33
12.26,12.26,84.23,75.98,82.64
9.55,9.55,77.28,77.66,82.39
10.93,10.93,77.49,75.03,79.14
14.04,14.04,71.41,74.05,83.79
14.17,14.17,71.01,75.60,81.25
15.38,15.38,71.99,75.40,81.58
16.30,16.30,67.87,75.24,82.53
17.07,17.07,71.05,73.81,77.77
16.94,16.94,66.59,72.90,79.80
16.31,16.31,62.36,73.83,79.66
16.65,16.65,66.40,75.34,79.65
19.72,19.72,65.49,74.84,81.69
22.69,22.69,60.06,71.44,80.49
24.19,24.19,60.89,64.44,80.52
22.89,22.89,62.92,55.61,82.90
20.03,20.03,65.48,56.93,80.82
19.98,19.98,76.11,66.27,77.54
22.75,22.75,87.72,76.06,82.13
25.72,25.72,85.49,64.03,82.10
25.60,25.60,85.89,76.59,80.75
21.88,21.88,82.82,82.08,79.47
18.33,18.33,80.28,78.78,79.67
17.32,17.32,78.57,73.53,81.98
18.31,18.31,77.36,78.09,80.77
18.43,18.43,74.99,79.78,83.33
18.43,18.43,69.57,77.53,82.70
18.55,18.55,70.00,76.64,81.60
18.53,18.53,67.16,76.72,83.31
17.97,17.97,60.48,76.40,81.56
17.15,17.15,53.26,76.54,79.79
16.43,16.43,58.64,76.21,82.08
17.82,17.82,58.23,73.18,80.31
16.91,16.91,53.40,63.86,80.10
13.95,13.95,56.30,62.18,81.97
14.79,14.79,59.91,53.81,80.46
11.31,11.31,71.55,60.08,80.26
6.17,6.17,82.20,62.44,81.82
6.15,6.15,86.79,64.70,80.65
6.81,6.81,78.17,72.20,80.64
9.07,9.07,80.96,75.23,82.26
11.65,11.65,68.83,77.15,83.19
13.04,13.04,64.68,75.13,81.11
15.73,15.73,60.36,74.19,77.49
19.42,19.42,56.94,75.90,81.40
21.71,21.71,55.10,76.64,78.96
22.05,22.05,51.79,76.86,80.24
22.58,22.58,48.71,76.89,81.62
24.06,24.06,47.41,75.85,76.07
25.75,25.75,53.03,75.17,81.33
27.38,27.38,50.57,74.67,82.80
27.91,27.91,51.21,72.92,82.42
31.15,31.15,47.71,72.81,80.13
30.82,30.82,46.40,74.15,77.45
30.55,30.55,42.31,73.97,79.81
29.26,29.26,57.10,73.17,75.24
28.28,28.28,65.68,72.31,79.61
26.37,26.37,75.52,68.46,76.87
24.97,24.97,91.66,71.24,83.05
26.67,26.67,89.41,73.40,80.36
26.99,26.99,84.65,74.41,81.20
27.65,27.65,80.45,76.56,81.63
26.63,26.63,78.00,77.58,83.91
24.92,24.92,73.21,75.92,83.58
25.38,25.38,74.28,76.10,83.54
23.59,23.59,75.72,76.25,79.87
22.02,22.02,70.56,75.39,84.52
23.68,23.68,66.03,76.03,81.52
22.66,22.66,67.47,75.46,82.74
22.77,22.77,55.62,75.21,78.42
22.58,22.58,54.17,75.29,80.31
20.87,20.87,59.67,68.44,80.57
22.50,22.50,52.20,57.73,79.65
23.64,23.64,55.35,51.06,81.60
22.00,22.00,68.42,53.52,80.95
21.52,21.52,78.26,53.50,81.66
20.59,20.59,94.63,52.26,79.71
24.72,24.72,90.84,63.69,82.93
25.53,25.53,85.37,76.42,82.97
21.93,21.93,80.04,75.96,84.88
20.27,20.27,78.38,75.88,85.15
21.26,21.26,70.50,76.10,85.69
20.50,20.50,70.60,74.72,85.96
20.10,20.10,63.78,75.27,84.85
20.53,20.53,68.76,76.92,85.80
21.60,21.60,66.33,76.30,84.33
22.13,22.13,63.89,76.25,84.21
20.29,20.29,59.58,76.55,84.24
19.10,19.10,61.36,75.20,81.20
20.01,20.01,69.17,73.83,83.19
20.73,20.73,67.62,74.35,81.41
20.24,20.24,61.50,73.75,80.45
19.59,19.59,57.36,72.94,80.39
21.66,21.66,49.87,72.45,81.33
23.78,23.78,53.48,72.63,81.60
24.67,24.67,55.06,72.12,82.50
23.96,23.96,55.89,71.76,81.67
21.46,21.46,58.66,71.66,82.47
18.89,18.89,56.21,72.80,83.52
18.65,18.65,50.90,72.51,83.00
18.59,18.59,53.13,71.56,84.17
18.00,18.00,53.64,72.28,84.75
17.09,17.09,52.64,72.12,83.20
18.09,18.09,54.96,71.60,83.72
23.09,23.09,57.86,71.26,84.69
25.30,25.30,59.53,71.34,81.98
24.29,24.29,56.44,71.95,83.26
21.23,21.23,55.18,70.78,83.16
19.04,19.04,53.98,71.45,81.04
22.24,22.24,56.50,72.10,81.88
23.05,23.05,54.70,71.94,81.38
25.39,25.39,51.83,72.22,81.90
26.51,26.51,55.98,72.26,81.93
27.85,27.85,55.93,71.92,83.02
22.82,22.82,70.18,69.61,80.85
19.77,19.77,82.31,67.68,81.57
21.50,21.50,87.78,66.85,80.75
24.98,24.98,82.24,66.73,81.86
28.32,28.32,74.86,68.15,82.98
32.31,32.31,68.94,69.47,81.10
34.55,34.55,65.54,71.81,81.10
34.60,34.60,62.70,71.72,80.14
32.04,32.04,56.28,71.63,81.21
26.20,26.20,51.60,73.04,79.84
21.39,21.39,50.62,73.04,80.07
20.96,20.96,45.55,71.80,80.79
23.18,23.18,44.55,72.47,80.42
25.58,25.58,42.77,70.99,80.73
27.60,27.60,39.10,69.17,80.48
27.64,27.64,35.75,68.87,80.67
27.60,27.60,33.69,67.45,80.86
29.85,29.85,33.21,65.66,80.58
32.52,32.52,32.25,65.16,79.72
35.26,35.26,32.65,66.08,78.77
40.37,40.37,36.15,63.54,80.48
45.44,45.44,40.96,63.68,81.27
50.18,50.18,43.17,57.50,81.17
52.60,52.60,41.36,56.63,78.40
54.17,54.17,40.23,58.03,79.56
57.32,57.32,40.23,59.57,78.98
57.97,57.97,39.57,57.14,78.77
58.04,58.04,37.90,59.32,77.92
59.11,59.11,36.47,61.92,79.46
57.11,57.11,36.27,62.28,78.54
54.12,54.12,36.92,63.46,78.12
52.82,52.82,35.73,64.81,79.99
51.46,51.46,35.33,63.80,78.28
47.28,47.28,32.44,61.56,80.85
42.09,42.09,30.16,64.11,79.29
35.52,35.52,29.36,60.49,80.24
32.99,32.99,29.40,60.21,79.87
30.29,30.29,38.85,60.21,80.65
34.67,34.67,51.47,59.95,79.34
42.09,42.09,64.99,59.54,80.11
61.23,61.23,72.41,60.98,79.34
67.96,67.96,90.26,63.44,77.65
80.33,80.33,93.16,62.49,71.79
85.85,85.85,84.31,64.24,73.94
85.30,85.30,84.74,65.62,75.78
83.43,83.43,78.85,68.03,78.69
84.28,84.28,74.39,68.36,77.41
84.70,84.70,70.53,69.72,77.74
82.09,82.09,73.63,70.19,75.95
81.62,81.62,71.34,70.42,77.68
81.70,81.70,69.62,71.28,77.35
81.21,81.21,62.26,70.45,77.89
82.30,82.30,66.60,69.06,76.57
81.28,81.28,59.40,69.04,79.42
81.21,81.21,61.70,70.06,78.46
81.70,81.70,64.77,69.41,78.08
81.79,81.79,61.02,69.12,79.14
82.22,82.22,52.43,69.46,76.78
81.13,81.13,59.69,69.60,79.30
81.03,81.03,52.37,68.53,78.94
81.50,81.50,56.10,68.09,77.30
80.58,80.58,53.58,67.42,78.83
80.74,80.74,45.95,65.70,76.77
78.76,78.76,47.00,63.88,77.37
78.34,78.34,51.08,65.75,75.81
79.65,79.65,47.53,66.64,77.38
71.08,71.08,51.98,62.00,78.04
70.09,70.09,51.64,62.99,75.90
71.43,71.43,46.93,64.37,78.91
82.45,82.45,47.31,64.96,78.88
85.27,85.27,45.92,64.46,75.86
82.43,82.43,52.36,63.57,79.44
81.94,81.94,51.83,67.03,77.78
82.50,82.50,53.99,65.32,79.43
80.97,80.97,55.98,61.80,78.66
78.95,78.95,55.11,63.39,77.31
79.51,79.51,58.27,63.84,80.11
79.99,79.99,66.20,63.16,77.60
82.83,82.83,67.44,59.58,78.93
77.15,77.15,86.96,59.26,79.71
71.09,71.09,85.43,60.27,77.68
71.70,71.70,75.93,59.86,82.18
74.80,74.80,77.22,61.91,84.53
79.08,79.08,68.95,64.83,83.91
79.29,79.29,64.67,61.99,76.54
78.48,78.48,61.05,62.83,76.85
79.26,79.26,58.41,65.93,74.56
83.08,83.08,55.37,64.50,78.50
82.29,82.29,50.15,56.31,73.58
83.78,83.78,48.16,58.68,77.23
83.99,83.99,43.85,60.25,75.18
83.13,83.13,44.70,53.72,76.00
82.13,82.13,40.75,56.97,77.81
82.33,82.33,40.51,61.08,78.25
81.08,81.08,42.48,60.73,78.46
78.42,78.42,38.20,60.98,77.01
79.46,79.46,47.82,58.77,79.57
80.33,80.33,55.55,60.02,75.11
82.06,82.06,69.02,61.49,74.02
81.26,81.26,77.89,66.74,79.31
80.58,80.58,86.06,72.93,77.95
80.69,80.69,82.22,70.16,82.35
79.98,79.98,79.68,66.53,78.91
81.83,81.83,76.60,68.63,81.53
82.52,82.52,73.01,68.29,78.34
83.15,83.15,68.97,69.45,79.36
83.23,83.23,63.36,70.35,79.52
85.09,85.09,57.98,71.65,81.22
83.72,83.72,52.14,62.74,81.96
84.48,84.48,53.49,65.59,76.15
82.02,82.02,48.65,70.11,82.39
83.42,83.42,36.43,64.76,77.33
83.28,83.28,41.81,60.04,79.13
83.39,83.39,48.38,60.79,80.71
82.85,82.85,51.70,62.99,80.18
83.72,83.72,53.67,57.20,80.40
83.83,83.83,60.20,48.90,77.39
84.34,84.34,67.04,42.63,77.82
76.19,76.19,78.69,59.29,78.95
76.95,76.95,93.08,64.42,78.78
81.48,81.48,92.18,72.13,78.12
83.70,83.70,82.44,78.25,78.09
84.11,84.11,75.16,79.75,80.52
84.80,84.80,77.65,80.33,78.94
84.80,84.80,66.61,81.10,79.41
84.61,84.61,75.66,80.00,80.36
84.63,84.63,72.09,79.61,79.81
84.68,84.68,64.55,80.07,80.00
84.42,84.42,65.44,79.54,77.45
83.25,83.25,69.19,78.40,78.12
83.66,83.66,56.66,79.27,77.71
84.09,84.09,58.13,79.62,77.74
83.82,83.82,65.00,77.79,75.40
83.33,83.33,61.55,79.18,76.29
84.07,84.07,51.37,79.81,76.28
83.34,83.34,56.19,78.42,75.66
82.39,82.39,57.28,78.40,77.57
82.70,82.70,46.47,79.29,75.59
85.34,85.34,41.46,78.97,78.08
83.99,83.99,46.21,77.73,79.03
85.00,85.00,47.97,78.27,76.17
83.58,83.58,49.54,78.87,74.65
83.30,83.30,50.61,78.40,75.44
83.35,83.35,49.30,76.50,74.60
83.92,83.92,50.49,76.35,76.79
83.44,83.44,47.38,75.55,74.63
83.18,83.18,46.21,74.93,74.66
84.93,84.93,48.19,76.35,75.61
83.47,83.47,46.28,76.09,74.15
85.94,85.94,46.74,74.27,74.29
82.84,82.84,50.87,75.50,72.16
83.65,83.65,46.05,76.05,73.76
83.32,83.32,51.78,73.80,73.66
84.36,84.36,57.74,73.60,74.01
82.56,82.56,68.33,72.93,72.14
79.35,79.35,85.25,69.92,76.24
78.68,78.68,87.99,66.16,77.20
81.10,81.10,78.42,69.63,80.44
78.26,78.26,77.68,69.30,77.79
80.87,80.87,70.35,69.55,75.02
82.87,82.87,66.98,70.51,74.52
82.26,82.26,61.02,70.58,76.69
81.45,81.45,57.35,71.24,73.56
79.01,79.01,55.44,69.89,74.42
80.27,80.27,53.35,71.91,74.22
82.49,82.49,49.01,68.91,74.86
81.90,81.90,45.41,70.56,74.05
82.10,82.10,45.23,72.73,75.62
82.01,82.01,43.31,71.22,77.39
80.29,80.29,40.62,71.93,78.11
78.18,78.18,39.09,73.29,76.11
79.60,79.60,39.70,71.64,74.87
78.58,78.58,35.39,72.61,75.12
81.79,81.79,34.57,72.89,78.72
84.13,84.13,31.60,72.09,75.30
81.16,81.16,32.86,70.82,77.12
64.96,64.96,36.22,70.19,75.22
64.05,64.05,39.25,72.37,79.11
68.95,68.95,38.26,71.14,78.93
70.48,70.48,35.50,71.13,77.57
71.21,71.21,27.60,71.45,76.65
87.07,87.07,27.61,69.49,77.19
83.40,83.40,29.49,70.94,78.64
82.50,82.50,29.14,72.21,76.80
85.14,85.14,30.05,71.59,78.77
83.92,83.92,28.09,69.85,80.03
83.14,83.14,28.39,71.25,78.72
82.84,82.84,28.56,71.93,78.56
83.56,83.56,28.42,71.08,79.28
82.00,82.00,31.37,71.12,79.77
81.29,81.29,33.59,71.83,79.54
82.73,82.73,39.50,71.42,79.68
82.10,82.10,51.20,71.35,77.44
81.47,81.47,64.33,70.34,78.96
80.81,80.81,69.60,69.98,76.46
76.69,76.69,86.99,71.41,77.44
79.37,79.37,93.50,63.97,75.49
77.06,77.06,83.81,69.61,78.56
66.62,66.62,85.07,74.40,79.69
56.53,56.53,75.45,80.04,77.21
58.42,58.42,75.08,80.92,75.57
60.28,60.28,69.60,79.04,78.35
61.93,61.93,70.33,79.59,75.98
63.75,63.75,71.19,79.91,76.47
79.59,79.59,68.84,80.13,77.17
85.60,85.60,67.13,79.31,74.01
79.36,79.36,63.62,78.12,74.41
77.93,77.93,55.25,79.16,73.30
77.42,77.42,58.61,79.93,74.96
77.55,77.55,55.46,80.07,74.76
76.99,76.99,45.14,77.89,75.97
76.30,76.30,55.47,76.92,74.93
76.78,76.78,65.40,79.44,71.46
76.18,76.18,76.84,73.66,71.47
75.51,75.51,79.74,59.21,74.22
77.68,77.68,91.65,63.86,75.46
79.20,79.20,89.93,69.29,80.10
78.49,78.49,80.72,76.94,79.43
77.86,77.86,79.03,77.40,78.94
75.54,75.54,75.56,76.44,78.86
73.95,73.95,72.07,76.92,79.61
73.01,73.01,74.62,75.83,78.18
72.04,72.04,72.49,75.45,78.89
72.05,72.05,67.76,77.69,76.86
72.22,72.22,65.34,75.82,80.08
72.91,72.91,68.93,72.13,78.13
73.04,73.04,62.78,75.89,78.60
73.88,73.88,60.08,73.28,76.46
73.15,73.15,59.88,73.15,77.62
76.10,76.10,57.91,69.29,76.38
76.33,76.33,58.26,57.90,78.19
78.75,78.75,58.42,55.45,78.13
80.70,80.70,67.58,58.00,77.69
76.08,76.08,75.17,57.15,78.13
73.36,73.36,89.54,66.83,78.96
79.69,79.69,78.53,78.83,75.51
81.33,81.33,75.63,81.47,73.36
81.13,81.13,73.04,80.56,73.69
80.07,80.07,74.51,76.48,82.16
78.22,78.22,63.99,77.53,81.81
78.16,78.16,62.15,78.00,81.03
79.18,79.18,59.07,77.44,79.41
80.41,80.41,55.19,77.29,80.06
81.92,81.92,50.31,78.67,80.29
82.25,82.25,48.22,77.42,78.62
80.89,80.89,46.84,77.11,84.19
79.36,79.36,44.41,76.51,76.14
79.42,79.42,42.72,76.61,78.46
80.05,80.05,42.90,76.88,78.84
78.96,78.96,40.23,74.75,79.78
80.10,80.10,41.48,77.19,79.47
80.32,80.32,55.60,76.19,78.48
77.50,77.50,66.13,72.56,76.65
76.66,76.66,76.38,64.62,77.13
78.44,78.44,84.80,72.31,79.02
78.03,78.03,81.47,76.84,75.84
76.70,76.70,75.57,75.77,75.82
78.07,78.07,71.20,75.63,77.32
77.72,77.72,63.41,77.70,79.15
76.98,76.98,64.57,77.14,75.57
74.62,74.62,56.51,77.67,77.29
79.12,79.12,53.75,77.86,78.23
80.13,80.13,48.31,78.77,78.10
79.00,79.00,52.40,79.91,78.35
78.27,78.27,49.51,78.72,79.09
74.18,74.18,48.41,77.20,77.40
81.89,81.89,48.49,76.78,80.70
78.14,78.14,44.34,75.10,78.33
76.84,76.84,43.30,74.80,78.25
78.84,78.84,39.60,73.71,78.97
80.09,80.09,35.65,72.52,78.24
77.96,77.96,44.36,73.05,78.57
79.16,79.16,61.37,71.82,78.32
80.46,80.46,70.72,66.56,77.99
75.43,75.43,75.39,54.20,76.36
78.65,78.65,92.10,64.14,75.37
79.41,79.41,87.26,66.29,77.96
78.86,78.86,85.19,68.80,79.36
80.42,80.42,79.80,74.47,79.25
81.26,81.26,74.07,75.17,81.73
80.31,80.31,71.20,77.33,81.20
80.56,80.56,72.45,76.98,80.41
81.34,81.34,74.42,78.50,79.54
79.77,79.77,71.09,76.12,81.73
79.75,79.75,67.93,78.76,81.78
81.18,81.18,66.18,77.69,81.07
79.12,79.12,56.54,77.11,79.77
79.94,79.94,53.34,76.80,80.75
79.92,79.92,59.73,76.29,80.51
75.07,75.07,59.53,77.81,80.09
73.14,73.14,57.54,77.20,79.22
75.35,75.35,61.62,76.23,80.78
75.17,75.17,55.35,74.38,80.82
75.32,75.32,45.61,77.37,80.58
69.56,69.56,45.59,75.55,81.67
65.22,65.22,47.49,76.79,82.20
63.56,63.56,44.93,74.43,82.94
58.03,58.03,46.68,76.13,83.96
58.42,58.42,44.71,74.68,84.53
66.89,66.89,41.51,75.51,82.88
71.88,71.88,45.89,73.26,84.49
72.80,72.80,49.52,75.06,83.80
77.39,77.39,41.58,75.09,84.19
77.29,77.29,37.33,75.82,83.98
77.89,77.89,41.08,74.64,80.56
76.09,76.09,38.76,75.28,84.12
73.27,73.27,45.19,75.74,80.09
71.55,71.55,42.21,75.75,81.11
70.87,70.87,35.57,76.17,79.78
72.12,72.12,28.43,73.87,80.67
71.96,71.96,41.45,76.47,81.18
71.21,71.21,55.29,74.09,77.39
70.33,70.33,65.87,77.16,76.31
69.41,69.41,70.77,74.25,75.58
66.75,66.75,86.70,73.99,78.45
67.65,67.65,80.96,73.25,79.80
70.90,70.90,77.84,75.99,79.77
69.15,69.15,74.66,72.78,80.71
75.86,75.86,69.39,74.35,82.28
82.97,82.97,65.28,72.93,83.32
80.76,80.76,60.63,74.50,81.52
80.72,80.72,59.22,75.19,83.57
82.09,82.09,57.03,73.27,80.37
79.96,79.96,51.27,75.59,78.52
77.29,77.29,51.76,74.10,80.43
78.35,78.35,50.53,74.92,80.44
73.53,73.53,47.11,73.47,79.52
73.71,73.71,44.78,74.74,79.97
75.04,75.04,39.24,73.56,80.27
73.48,73.48,38.03,76.09,78.57
71.14,71.14,34.72,73.96,78.54
80.75,80.75,34.85,76.14,78.78
81.77,81.77,41.04,72.49,77.61
81.74,81.74,45.53,74.07,78.15
81.45,81.45,48.88,77.91,78.29
81.40,81.40,50.03,76.93,78.40
80.06,80.06,47.23,84.37,76.64
77.38,77.38,45.09,79.11,75.86
78.53,78.53,39.73,76.81,78.60
81.09,81.09,34.38,80.22,76.23
81.13,81.13,34.41,77.86,79.03
81.80,81.80,35.46,76.16,75.68
82.10,82.10,36.79,78.82,78.09
83.39,83.39,35.36,78.58,79.20
83.99,83.99,37.15,74.93,76.88
83.69,83.69,37.66,75.47,80.66
81.88,81.88,36.45,79.52,77.54
80.50,80.50,31.73,76.49,78.47
77.51,77.51,30.03,75.92,79.36
75.95,75.95,30.18,76.79,80.58
74.53,74.53,35.01,76.45,79.25
68.99,68.99,50.28,72.27,79.19
70.20,70.20,60.40,69.67,77.64
71.51,71.51,73.54,73.22,77.38
68.49,68.49,86.57,70.23,77.55
71.81,71.81,92.37,67.92,77.40
74.77,74.77,83.59,64.95,75.69
82.22,82.22,81.99,70.08,77.93
83.41,83.41,79.49,74.93,77.26
83.06,83.06,76.35,73.26,79.85
82.10,82.10,73.23,73.08,79.69
81.44,81.44,71.18,75.60,78.04
80.43,80.43,70.07,76.60,81.48
78.71,78.71,69.33,75.78,81.18
73.14,73.14,68.29,76.66,80.70
71.79,71.79,62.80,71.72,81.44
72.71,72.71,50.11,75.22,81.53
73.80,73.80,56.75,73.68,82.58
74.35,74.35,55.94,74.77,81.94
75.07,75.07,50.45,73.62,81.96
75.16,75.16,51.70,76.99,83.65
73.89,73.89,56.39,74.96,83.38
75.02,75.02,54.07,77.68,81.48
74.19,74.19,52.26,74.79,80.64
73.58,73.58,44.69,75.36,81.98
80.56,80.56,51.42,75.35,79.46
81.57,81.57,54.96,75.28,79.59
81.59,81.59,51.24,73.42,78.70
82.34,82.34,52.70,76.06,82.65
82.45,82.45,50.27,75.76,80.71
82.11,82.11,50.46,74.96,80.01
82.66,82.66,48.84,76.56,79.75
83.30,83.30,48.74,73.05,79.37
83.47,83.47,52.15,76.18,79.74
84.51,84.51,48.50,74.92,76.45
84.82,84.82,46.16,75.64,76.65
84.86,84.86,49.45,75.01,76.32
83.68,83.68,46.79,76.09,75.39
82.19,82.19,43.05,73.92,75.27
83.14,83.14,44.72,76.14,76.95
82.57,82.57,50.27,73.07,77.79
84.49,84.49,59.13,75.87,78.58
83.74,83.74,74.49,74.58,79.47
82.27,82.27,82.19,73.31,77.36
80.42,80.42,89.62,70.07,78.63
82.05,82.05,76.85,73.04,80.78
82.77,82.77,80.32,72.79,81.78
82.86,82.86,72.91,73.67,80.39
81.37,81.37,64.90,73.45,82.48
80.05,80.05,64.25,71.79,81.85
80.45,80.45,64.34,75.35,78.66
81.33,81.33,60.85,72.07,79.20
82.85,82.85,55.67,74.04,78.23
81.25,81.25,48.23,71.75,80.22
82.92,82.92,45.62,71.73,80.13
82.64,82.64,43.22,57.24,77.87
83.52,83.52,40.33,59.62,80.08
83.72,83.72,40.38,56.19,80.96
82.30,82.30,41.26,52.11,81.50
80.45,80.45,41.22,58.61,78.58
80.39,80.39,48.09,49.26,80.58
81.76,81.76,55.03,52.70,81.22
83.45,83.45,55.96,48.73,77.36
84.12,84.12,57.72,73.02,84.06
84.82,84.82,56.58,86.09,81.11
83.58,83.58,48.09,86.06,81.39
83.36,83.36,41.13,76.24,79.56
82.68,82.68,37.13,76.12,77.67
81.99,81.99,35.16,82.11,82.18
80.06,80.06,31.85,80.48,78.51
81.63,81.63,30.78,77.84,82.65
83.89,83.89,28.01,79.32,79.71
84.09,84.09,27.64,78.84,83.68
84.45,84.45,28.60,78.47,78.35
83.46,83.46,30.16,77.22,81.23
81.58,81.58,29.12,76.21,77.50
81.62,81.62,30.18,75.71,78.74
80.27,80.27,30.19,77.28,78.53
81.09,81.09,31.47,75.32,81.18
80.08,80.08,41.22,77.44,78.38
81.13,81.13,53.95,70.90,78.41
81.21,81.21,62.04,63.33,78.45
81.23,81.23,75.44,57.90,78.83
80.41,80.41,85.51,63.11,79.61
79.26,79.26,91.11,63.05,81.23
80.46,80.46,85.96,72.03,82.26
81.09,81.09,82.35,75.27,82.88
82.60,82.60,78.91,76.18,81.41
82.72,82.72,74.34,76.64,83.31
80.27,80.27,69.28,77.57,83.57
81.39,81.39,71.97,81.21,80.85
80.94,80.94,68.75,80.62,79.32
79.66,79.66,62.94,78.31,80.36
80.86,80.86,63.78,74.58,79.53
79.99,79.99,60.48,76.62,78.80
78.16,78.16,48.66,74.28,80.21
74.96,74.96,50.23,78.03,80.14
67.07,67.07,50.18,78.72,80.16
64.30,64.30,41.21,76.43,80.30
63.26,63.26,34.35,73.78,80.49
61.69,61.69,41.19,74.49,79.13
61.69,61.69,42.68,78.13,80.42
63.16,63.16,39.14,80.30,79.99
65.72,65.72,39.40,76.74,79.11
84.03,84.03,37.73,75.54,80.23
83.58,83.58,44.96,78.73,77.06
81.97,81.97,43.18,77.10,78.67
79.51,79.51,40.28,80.17,81.17
79.54,79.54,40.95,80.61,79.19
80.82,80.82,37.31,78.74,79.45
80.54,80.54,34.91,78.34,80.31
80.36,80.36,36.43,80.76,78.04
82.90,82.90,37.79,79.84,79.10
81.09,81.09,36.92,79.46,78.50
79.84,79.84,35.81,80.38,76.99
75.36,75.36,27.30,77.99,78.91
70.02,70.02,26.51,79.86,79.40
67.91,67.91,32.21,78.59,77.98
69.98,69.98,53.81,78.50,80.57
69.18,69.18,63.65,77.98,77.25
74.42,74.42,72.36,77.33,75.40
77.52,77.52,83.41,71.41,80.34
82.65,82.65,85.96,76.35,78.92
81.76,81.76,75.50,77.50,80.99
76.76,76.76,75.00,76.51,76.78
79.55,79.55,69.90,75.46,77.61
82.11,82.11,67.38,77.62,77.40
82.64,82.64,61.20,75.52,79.61
82.69,82.69,57.69,77.01,78.85
82.78,82.78,53.40,72.54,78.68
82.18,82.18,50.66,61.61,79.44
80.56,80.56,47.20,51.57,80.31
77.83,77.83,42.80,42.52,78.95
66.55,66.55,40.62,50.12,80.49
60.14,60.14,37.91,45.92,79.14
60.18,60.18,36.74,48.72,82.66
61.39,61.39,34.84,46.02,80.32
62.10,62.10,31.55,48.57,81.49
65.32,65.32,30.30,47.58,81.57
69.90,69.90,31.86,56.66,81.66
73.51,73.51,31.09,66.28,81.56
81.14,81.14,32.20,78.21,80.51
82.57,82.57,34.44,78.05,80.51
82.23,82.23,33.72,81.51,80.69
81.73,81.73,33.23,78.31,81.52
81.40,81.40,32.44,77.59,74.85
83.10,83.10,29.82,78.31,79.04
83.93,83.93,28.35,76.11,74.58
82.38,82.38,29.12,78.70,76.87
81.75,81.75,31.63,80.05,76.93
82.36,82.36,31.42,78.83,80.64
82.60,82.60,35.74,75.87,79.49
82.41,82.41,36.47,78.33,78.18
83.34,83.34,34.73,76.93,76.09
82.39,82.39,34.98,76.85,77.68
80.96,80.96,35.73,74.03,75.59
80.40,80.40,44.72,62.74,77.23
80.79,80.79,52.64,57.01,74.98
82.14,82.14,66.47,50.13,73.88
81.99,81.99,72.97,62.11,75.95
78.93,78.93,92.35,68.55,73.98
73.25,73.25,90.26,75.79,75.22
71.94,71.94,80.71,72.51,74.51
73.49,73.49,76.10,77.70,76.04
73.85,73.85,73.46,73.20,75.47
71.56,71.56,72.25,75.35,76.01
71.41,71.41,72.03,80.44,75.61
68.33,68.33,66.02,78.32,75.73
66.02,66.02,61.07,72.63,72.79
69.69,69.69,58.19,75.34,77.95
64.97,64.97,60.69,77.06,74.54
78.29,78.29,54.33,77.33,79.96
83.58,83.58,46.45,77.53,77.56
83.47,83.47,52.15,76.42,79.24
84.06,84.06,48.54,68.00,79.14
82.94,82.94,46.23,60.05,74.56
81.83,81.83,50.58,56.08,80.23
81.67,81.67,54.65,50.72,78.27
81.48,81.48,68.09,39.12,80.44
78.16,78.16,69.42,50.29,81.18
81.71,81.71,88.71,60.49,83.94
82.62,82.62,90.67,69.18,82.18
82.24,82.24,83.56,72.33,84.18
84.02,84.02,84.65,74.85,82.13
84.42,84.42,75.75,71.46,83.16
85.91,85.91,70.95,74.55,80.62
85.70,85.70,67.97,74.93,80.90
84.93,84.93,69.07,75.81,82.42
84.29,84.29,66.44,78.35,81.52
83.93,83.93,59.31,77.96,82.67
84.53,84.53,63.58,78.69,81.82
84.18,84.18,57.61,77.16,81.55
84.57,84.57,52.43,76.54,81.45
84.32,84.32,51.43,75.98,82.84
84.88,84.88,45.28,78.63,81.30
85.06,85.06,41.06,77.88,79.78
85.07,85.07,56.40,70.86,79.99
84.55,84.55,69.52,62.98,79.54
83.29,83.29,72.07,60.71,78.71
79.79,79.79,89.27,53.80,79.06
83.84,83.84,83.27,61.34,78.02
85.57,85.57,77.39,67.00,82.42
84.51,84.51,75.55,78.54,81.35
85.02,85.02,70.02,79.74,82.97
85.55,85.55,63.62,79.41,80.95
86.29,86.29,55.79,79.48,82.20
85.76,85.76,51.97,79.93,83.15
85.30,85.30,49.04,80.63,81.48
85.57,85.57,45.43,77.48,83.77
85.72,85.72,42.78,75.86,78.57
86.14,86.14,39.76,77.56,83.10
84.53,84.53,37.58,77.66,80.63
84.59,84.59,35.83,74.67,78.50
82.06,82.06,34.91,77.24,80.09
80.50,80.50,36.95,76.11,77.11
80.56,80.56,39.20,77.61,76.01
77.50,77.50,56.72,78.25,76.55
73.42,73.42,67.56,74.28,74.22
69.52,69.52,80.43,73.10,78.20
71.98,71.98,82.88,70.90,77.48
74.21,74.21,84.47,76.79,78.99
64.68,64.68,83.34,78.99,80.69
67.69,67.69,77.81,77.41,78.95
59.66,59.66,73.08,67.48,81.42
57.32,57.32,71.25,69.43,81.34
63.04,63.04,68.41,74.18,81.14
73.87,73.87,67.99,77.27,82.13
75.45,75.45,68.06,79.29,81.08
72.57,72.57,65.34,79.14,79.96
70.42,70.42,60.91,76.38,80.63
59.80,59.80,55.66,71.75,78.89
55.19,55.19,54.34,69.86,78.68
51.06,51.06,59.60,70.26,79.57
52.31,52.31,58.80,72.16,79.96
51.29,51.29,58.89,74.61,80.40
51.44,51.44,61.18,74.76,79.27
49.98,49.98,64.88,67.00,78.72
50.87,50.87,72.64,57.91,79.87
52.33,52.33,82.50,65.24,82.13
52.67,52.67,92.39,67.60,80.59
50.77,50.77,89.28,74.27,80.92
50.29,50.29,77.88,74.25,83.60
52.36,52.36,77.24,77.64,81.98
52.29,52.29,77.90,76.71,81.75
54.92,54.92,70.21,77.11,82.23
57.28,57.28,70.87,75.15,81.55
56.96,56.96,68.57,76.32,80.42
56.18,56.18,65.70,75.78,82.77
55.59,55.59,66.29,75.64,80.55
53.78,53.78,68.79,77.93,80.71
52.10,52.10,59.15,77.30,81.72
47.88,47.88,60.22,77.51,80.15
45.79,45.79,64.60,74.35,80.87
44.81,44.81,57.02,76.74,79.23
40.89,40.89,50.13,74.45,80.53
41.95,41.95,53.15,76.48,77.86
49.91,49.91,55.35,73.63,81.14
61.99,61.99,56.69,75.15,77.87
67.07,67.07,51.85,75.60,80.81
69.14,69.14,55.50,76.70,79.30
74.60,74.60,50.06,76.11,80.15
82.84,82.84,43.84,76.69,79.47
80.70,80.70,47.75,76.07,79.28
82.58,82.58,45.69,76.35,80.89
83.69,83.69,42.21,76.35,79.13
85.58,85.58,40.68,75.34,78.47
85.93,85.93,38.79,76.89,79.81
85.73,85.73,36.78,75.35,76.97
84.67,84.67,38.87,76.45,77.23
83.12,83.12,40.74,74.63,78.11
82.45,82.45,36.18,76.16,76.71
80.57,80.57,28.83,74.36,76.82
79.21,79.21,36.23,76.76,77.27
73.60,73.60,51.43,74.90,75.77
70.34,70.34,67.81,76.80,76.87
67.64,67.64,71.75,75.73,74.79
69.42,69.42,74.62,74.72,78.59
69.69,69.69,89.96,73.56,79.68
77.54,77.54,82.43,74.83,79.53
83.28,83.28,76.70,73.55,79.02
81.02,81.02,72.80,72.06,79.31
80.57,80.57,65.07,73.12,76.13
80.83,80.83,60.04,71.46,76.99
82.03,82.03,60.92,73.72,80.46
82.26,82.26,56.68,71.66,77.62
81.17,81.17,51.60,72.92,77.80
82.23,82.23,50.28,71.19,78.01
82.70,82.70,43.86,72.82,76.76
84.12,84.12,42.69,71.24,78.39
81.48,81.48,42.11,74.07,76.10
80.85,80.85,41.45,72.56,77.81
81.12,81.12,40.20,74.70,77.32
83.65,83.65,38.42,71.74,76.50
82.96,82.96,36.78,73.63,78.94
80.88,80.88,36.13,73.90,77.63
81.52,81.52,35.25,73.47,77.94
81.78,81.78,36.43,76.68,76.95
80.92,80.92,38.55,75.38,80.14
81.07,81.07,37.84,82.04,78.17
81.82,81.82,38.74,79.41,79.17
81.56,81.56,40.33,78.23,80.60
80.29,80.29,38.63,80.65,81.28
78.58,78.58,36.56,77.97,78.78
80.08,80.08,34.54,76.47,77.64
77.45,77.45,30.39,78.03,78.21
79.37,79.37,32.31,79.70,76.27
83.09,83.09,32.38,75.71,75.88
83.78,83.78,34.57,78.39,75.22
82.02,82.02,33.79,80.01,75.71
80.17,80.17,30.50,78.27,76.01
73.80,73.80,30.16,75.27,77.77
71.95,71.95,32.81,76.11,77.24
74.67,74.67,45.99,76.30,75.08
74.24,74.24,63.73,76.81,77.24
72.81,72.81,69.46,72.43,73.62
72.61,72.61,81.11,67.81,76.98
70.92,70.92,92.00,70.33,76.09
72.32,72.32,88.44,67.13,74.73
71.59,71.59,83.24,67.56,73.80
68.47,68.47,79.75,73.48,75.37
61.11,61.11,74.95,75.00,73.57
73.60,73.60,72.51,69.06,74.70
79.41,79.41,71.94,71.76,73.45
77.98,77.98,72.33,73.26,73.62
77.26,77.26,67.47,73.04,70.21
75.58,75.58,63.91,75.20,72.21
75.59,75.59,65.72,76.24,71.55
76.33,76.33,63.81,73.67,72.68
76.04,76.04,51.60,75.71,74.17
74.55,74.55,58.95,74.28,73.17
70.35,70.35,60.05,75.90,73.13
64.49,64.49,51.00,74.30,73.02
66.17,66.17,57.36,74.86,73.43
63.66,63.66,54.70,72.86,72.85
55.36,55.36,50.46,75.34,74.38
57.84,57.84,52.67,74.13,78.59
63.24,63.24,55.23,75.02,80.11
63.44,63.44,56.61,75.36,78.70
69.69,69.69,52.45,76.65,78.53
74.17,74.17,53.12,74.22,78.11
80.85,80.85,51.26,74.91,76.80
79.01,79.01,40.30,76.00,78.56
80.70,80.70,42.23,74.74,76.95
80.78,80.78,40.59,75.24,75.93
79.17,79.17,42.59,73.94,77.55
79.20,79.20,44.12,76.34,75.79
80.02,80.02,43.30,73.20,76.37
79.19,79.19,42.85,75.66,75.93
78.35,78.35,41.28,74.74,76.96
74.71,74.71,46.10,74.87,73.73
74.44,74.44,58.11,71.91,74.12
72.76,72.76,64.77,76.07,75.23
73.98,73.98,74.08,73.90,75.23
75.22,75.22,79.67,74.23,76.83
69.94,69.94,90.27,74.46,76.78
67.38,67.38,79.98,75.18,77.65
60.56,60.56,77.75,72.69,77.95
58.99,58.99,73.24,71.83,79.30
60.68,60.68,75.31,73.81,81.63
56.67,56.67,64.88,74.25,79.25
57.72,57.72,64.35,75.69,76.56
59.48,59.48,66.38,72.10,76.94
61.89,61.89,63.41,70.08,82.41
62.88,62.88,57.51,68.24,79.98
64.00,64.00,53.46,64.59,81.70
64.47,64.47,47.39,62.12,81.39
65.61,65.61,44.94,66.95,81.92
66.84,66.84,40.04,65.27,81.73
67.23,67.23,40.98,56.00,81.59
62.19,62.19,49.63,44.22,80.66
55.48,55.48,60.69,51.72,83.15
57.86,57.86,63.11,50.69,79.37
63.07,63.07,72.18,48.54,79.12
77.18,77.18,86.83,59.02,77.69
82.36,82.36,87.41,73.03,75.46
82.97,82.97,83.93,71.87,78.73
80.26,80.26,79.25,75.38,79.57
81.23,81.23,77.63,75.95,77.12
81.40,81.40,78.12,73.26,76.85
82.19,82.19,75.44,69.71,78.08
84.55,84.55,66.72,76.02,80.79
84.62,84.62,67.46,75.87,78.57
82.22,82.22,61.76,71.83,81.12
79.00,79.00,62.12,72.37,77.01
79.52,79.52,65.32,79.29,76.74
79.07,79.07,65.55,70.60,82.37
75.03,75.03,63.74,75.18,78.60
79.52,79.52,54.08,65.81,78.99
80.71,80.71,59.30,52.60,77.05
80.10,80.10,65.68,61.66,80.88
79.16,79.16,59.50,54.39,78.19
80.28,80.28,60.75,45.37,78.17
78.22,78.22,65.60,45.02,77.59
80.80,80.80,80.49,61.25,79.02
79.62,79.62,91.98,71.10,77.35
83.10,83.10,84.19,73.98,74.88
80.65,80.65,73.83,71.79,77.15
74.86,74.86,78.06,76.82,78.91
73.37,73.37,79.78,82.02,78.94
73.13,73.13,65.93,76.79,77.51
71.58,71.58,65.95,74.14,78.89
67.59,67.59,68.37,77.39,75.59
65.52,65.52,64.78,76.60,77.46
81.67,81.67,58.41,75.67,76.42
82.97,82.97,56.13,76.53,75.62
80.63,80.63,54.19,75.24,75.82
82.52,82.52,54.39,74.29,74.81
83.60,83.60,54.24,75.16,73.43
83.59,83.59,54.58,75.98,73.76
84.12,84.12,49.51,79.40,72.36
83.31,83.31,53.14,77.56,74.78
84.66,84.66,48.57,76.95,74.54
83.58,83.58,46.46,78.77,75.95
80.04,80.04,40.54,78.89,76.40
74.69,74.69,38.20,80.85,74.56
71.84,71.84,37.29,80.58,78.45
77.21,77.21,36.85,80.73,76.50
81.91,81.91,38.13,77.90,76.52
82.35,82.35,38.57,80.83,75.80
81.80,81.80,37.17,79.37,75.97
82.80,82.80,37.22,79.35,74.56
82.19,82.19,35.83,78.52,76.24
80.77,80.77,35.26,79.59,76.44
75.14,75.14,31.21,77.00,74.60
65.61,65.61,30.11,78.95,75.49
68.04,68.04,31.97,77.56,76.82
72.46,72.46,29.35,79.03,75.45
74.60,74.60,41.13,79.90,75.52
74.47,74.47,52.51,77.28,73.95
73.76,73.76,66.76,77.61,75.40
73.97,73.97,71.38,78.21,74.50
74.14,74.14,87.63,72.25,77.52
73.32,73.32,84.74,75.24,75.71
70.93,70.93,75.68,78.21,80.13
68.57,68.57,73.24,75.21,80.27
73.09,73.09,67.76,77.48,78.16
84.84,84.84,63.45,76.83,80.19
82.33,82.33,60.39,73.16,76.30
82.56,82.56,56.43,68.20,78.34
80.91,80.91,54.15,61.34,78.20
79.02,79.02,51.20,50.60,81.45
78.02,78.02,45.69,51.09,80.82
79.17,79.17,43.88,49.73,80.81
81.13,81.13,41.16,52.72,78.94
80.49,80.49,37.51,48.37,77.99
79.56,79.56,41.39,47.10,78.54
79.80,79.80,39.01,39.79,78.09
78.42,78.42,38.95,35.43,78.86
74.29,74.29,38.97,36.62,81.35
74.15,74.15,41.88,36.74,77.32
77.56,77.56,45.09,42.16,79.45
80.63,80.63,43.78,52.55,80.64
82.49,82.49,36.66,59.37,78.19
81.21,81.21,30.50,54.35,78.98
80.72,80.72,25.69,67.50,78.04
80.05,80.05,26.09,79.25,75.26
80.55,80.55,26.08,77.53,74.85
80.70,80.70,26.36,77.00,74.25
81.76,81.76,20.03,78.70,75.64
82.29,82.29,20.18,77.62,75.85
81.87,81.87,21.08,75.74,74.75
81.61,81.61,23.77,74.38,75.35
81.44,81.44,24.25,78.39,76.01
81.67,81.67,27.52,72.69,78.53
81.85,81.85,30.15,72.91,75.27
80.20,80.20,28.50,75.22,76.72
80.00,80.00,26.12,74.15,77.37
80.65,80.65,31.89,68.36,77.12
79.19,79.19,51.13,64.88,76.26
79.29,79.29,61.63,57.24,76.54
78.61,78.61,68.67,59.44,74.84
78.64,78.64,73.35,61.11,76.31
78.50,78.50,93.38,70.25,72.23
78.13,78.13,89.90,69.59,73.87
74.38,74.38,77.95,73.01,75.48
68.86,68.86,78.56,77.17,75.81
74.56,74.56,76.53,76.03,74.46
76.70,76.70,71.48,70.61,72.84
82.42,82.42,68.69,73.45,71.55
82.31,82.31,67.91,75.86,70.41
79.90,79.90,68.51,78.21,72.88
73.33,73.33,58.66,78.72,71.41
72.70,72.70,50.51,72.39,74.25
58.77,58.77,53.59,69.76,73.62
59.56,59.56,58.44,76.89,73.99
59.62,59.62,49.47,72.38,73.32
74.53,74.53,43.93,78.58,76.24
77.27,77.27,46.85,79.71,74.23
72.72,72.72,62.70,76.73,76.86
70.36,70.36,70.21,73.24,75.71
68.05,68.05,81.26,73.81,78.07
63.50,63.50,91.26,76.31,74.84
72.53,72.53,87.14,76.41,77.82
86.03,86.03,79.47,73.88,77.37
83.71,83.71,70.68,69.00,74.22
82.62,82.62,75.33,73.69,77.31
81.53,81.53,71.63,72.84,75.60
82.57,82.57,72.88,76.52,75.16
84.45,84.45,63.17,76.27,73.55
83.63,83.63,65.61,75.37,76.49
83.00,83.00,62.88,75.74,75.01
81.93,81.93,59.92,78.91,74.75
81.45,81.45,47.22,75.43,74.19
81.79,81.79,45.51,74.40,73.19
82.43,82.43,53.47,74.82,73.62
82.57,82.57,43.16,61.03,73.84
81.57,81.57,50.93,57.66,73.25
81.73,81.73,56.95,59.34,73.63
82.10,82.10,67.14,45.15,70.41
81.75,81.75,78.97,47.92,72.72
79.71,79.71,90.20,49.94,76.44
80.82,80.82,81.61,56.56,77.16
82.14,82.14,74.81,68.59,78.01
82.32,82.32,65.62,78.22,79.83
82.86,82.86,63.75,77.82,76.01
84.13,84.13,59.34,82.31,76.33
82.99,82.99,55.26,79.68,78.24
83.24,83.24,51.19,79.21,78.92
81.61,81.61,48.42,77.64,82.65
82.89,82.89,46.94,81.01,81.22
81.83,81.83,44.11,80.97,82.36
81.65,81.65,42.29,74.02,79.37
81.29,81.29,39.46,74.49,80.60
82.30,82.30,39.69,75.62,81.53
82.70,82.70,39.07,79.76,79.25
84.55,84.55,37.84,78.88,79.07
84.09,84.09,42.84,74.41,75.92
84.53,84.53,57.53,74.01,78.23
83.68,83.68,71.00,73.31,74.86
82.64,82.64,80.06,77.48,74.78
82.85,82.85,81.96,77.40,76.40
81.71,81.71,80.36,72.07,77.84
82.30,82.30,81.61,71.15,74.81
83.42,83.42,78.53,77.18,78.83
83.77,83.77,77.48,77.15,81.03
82.81,82.81,75.12,74.06,83.76
82.22,82.22,71.69,71.41,80.56
81.06,81.06,69.08,76.13,83.23
74.96,74.96,62.66,71.25,80.26
75.42,75.42,65.94,68.92,79.62
75.53,75.53,61.86,68.93,79.39
70.56,70.56,56.01,62.81,79.54
65.88,65.88,52.87,56.35,82.32
63.86,63.86,53.15,56.31,81.33
60.03,60.03,50.71,56.92,78.53
59.86,59.86,58.66,59.67,81.85
59.00,59.00,64.34,61.28,76.77
54.06,54.06,68.54,59.29,78.57
52.41,52.41,78.53,54.51,81.06
50.46,50.46,92.91,67.97,83.75
49.38,49.38,89.57,69.78,82.14
44.62,44.62,84.06,72.71,79.58
46.58,46.58,76.97,70.55,83.10
49.04,49.04,74.31,73.50,85.17
48.43,48.43,61.48,70.25,82.68
44.21,44.21,71.29,78.85,84.20
44.45,44.45,60.77,71.67,82.80
42.89,42.89,58.09,69.80,83.66
41.06,41.06,59.88,77.80,80.59
44.95,44.95,50.56,75.40,81.09
43.94,43.94,53.71,70.85,83.21
47.04,47.04,52.08,76.74,83.81
48.46,48.46,51.41,77.14,81.79
50.63,50.63,44.55,70.48,84.02
53.13,53.13,47.25,74.99,82.06
53.69,53.69,41.22,78.03,83.02
58.48,58.48,46.34,74.41,81.35
58.98,58.98,48.09,75.94,83.31
72.42,72.42,41.35,76.75,83.30
76.54,76.54,43.55,74.63,81.62
79.16,79.16,44.07,67.59,83.63
79.64,79.64,41.94,76.95,82.58
72.30,72.30,41.56,75.86,83.57
76.47,76.47,37.65,74.88,81.23
78.85,78.85,35.09,76.17,82.32
77.23,77.23,32.81,77.56,80.40
79.66,79.66,32.74,71.11,81.91
77.23,77.23,36.15,72.96,81.51
82.47,82.47,37.55,78.04,79.80
82.29,82.29,36.43,72.79,78.74
81.56,81.56,37.64,73.67,79.08
81.10,81.10,36.71,76.43,74.59
78.04,78.04,34.22,71.99,80.50
78.15,78.15,37.07,69.11,79.04
77.52,77.52,50.79,76.49,83.68
79.87,79.87,60.66,74.06,78.92
80.28,80.28,72.21,71.98,80.89
79.04,79.04,77.99,71.30,79.69
74.25,74.25,91.67,70.64,78.52
77.48,77.48,79.51,61.38,80.45
81.12,81.12,70.92,70.28,82.27
81.38,81.38,65.61,75.87,84.87
81.47,81.47,65.47,68.48,81.53
81.80,81.80,58.28,67.99,82.13
81.55,81.55,57.23,75.83,85.52
82.27,82.27,53.80,70.70,82.64
81.62,81.62,49.49,68.56,84.46
83.25,83.25,45.69,74.30,84.44
83.09,83.09,46.20,70.53,83.99
82.73,82.73,41.72,70.96,78.57
82.40,82.40,40.79,65.03,81.12
82.47,82.47,35.92,54.42,82.35
82.67,82.67,38.31,57.47,81.47
81.97,81.97,36.80,58.82,82.53
81.14,81.14,32.72,60.24,81.10
82.76,82.76,33.98,65.86,78.49
83.04,83.04,33.97,71.12,82.35
81.91,81.91,35.68,78.01,78.71
78.73,78.73,35.75,75.58,82.50
76.91,76.91,36.06,78.90,82.69
81.89,81.89,36.17,78.16,81.92
79.12,79.12,35.91,75.53,83.21
83.35,83.35,34.16,77.33,80.73
85.08,85.08,33.48,75.77,79.13
83.71,83.71,31.25,74.71,79.64
83.67,83.67,29.77,78.97,82.09
83.76,83.76,27.90,73.16,80.36
83.64,83.64,26.76,70.57,80.56
83.85,83.85,26.74,78.72,81.90
84.01,84.01,27.41,72.59,79.37
83.37,83.37,27.35,69.46,79.06
83.09,83.09,27.01,78.01,79.05
83.72,83.72,27.84,70.44,82.34
84.34,84.34,29.58,69.82,83.45
84.86,84.86,42.71,75.17,80.43
85.98,85.98,51.05,70.54,83.49
86.08,86.08,69.61,72.48,81.33
85.01,85.01,74.41,69.02,82.69
83.32,83.32,91.82,68.25,79.94
83.35,83.35,89.14,60.76,80.22
86.63,86.63,77.28,66.79,82.31
86.37,86.37,74.73,71.12,80.62
85.58,85.58,70.01,68.56,80.75
84.78,84.78,69.04,70.42,82.66
84.21,84.21,71.76,80.53,80.37
83.29,83.29,57.62,71.17,83.39
83.24,83.24,58.61,74.00,83.15
81.63,81.63,50.99,73.78,81.86
83.37,83.37,50.81,73.28,82.83
82.29,82.29,50.13,67.51,81.15
79.86,79.86,50.00,73.67,81.97
84.03,84.03,55.50,75.07,80.72
80.62,80.62,46.24,69.38,81.59
80.14,80.14,45.23,71.18,78.01
83.32,83.32,61.72,78.35,78.90
82.22,82.22,66.55,66.96,75.96
83.46,83.46,68.85,69.70,73.84
83.23,83.23,88.60,68.13,73.99
82.87,82.87,90.13,69.44,74.83
76.81,76.81,85.15,69.83,76.06
79.76,79.76,83.01,75.86,72.64
80.16,80.16,77.88,75.22,75.57
80.10,80.10,70.97,71.71,76.86
77.84,77.84,65.21,76.57,77.53
74.13,74.13,60.89,75.82,77.04
73.56,73.56,52.45,73.16,77.40
74.32,74.32,61.42,76.58,77.10
78.15,78.15,65.83,71.94,76.77
78.02,78.02,59.41,64.63,75.58
81.40,81.40,59.76,63.37,77.28
84.27,84.27,59.79,63.32,73.35
84.22,84.22,56.70,65.70,77.35
81.89,81.89,51.06,60.78,77.27
84.33,84.33,56.94,61.70,72.37
81.78,81.78,72.26,68.11,75.70
84.00,84.00,77.08,74.30,74.27
82.41,82.41,87.07,78.32,74.43
83.52,83.52,86.68,77.27,74.55
85.35,85.35,79.49,73.69,77.33
85.61,85.61,74.47,74.70,77.25
85.94,85.94,69.95,78.83,83.56
84.77,84.77,65.36,79.66,74.95
85.03,85.03,59.80,73.20,77.73
85.18,85.18,54.84,75.79,78.77
85.31,85.31,52.65,76.67,78.48
84.36,84.36,50.38,79.92,77.96
85.72,85.72,46.27,79.83,81.83
85.83,85.83,42.80,75.80,78.09
82.93,82.93,40.95,77.55,78.97
81.73,81.73,39.80,80.19,79.98
81.12,81.12,41.56,79.64,79.95
82.88,82.88,39.71,77.15,76.40
82.86,82.86,38.48,76.57,77.66
84.47,84.47,39.04,76.02,76.13
86.36,86.36,38.15,79.71,78.49
85.28,85.28,37.65,79.46,75.90
84.75,84.75,36.85,75.36,74.25
85.48,85.48,35.81,75.97,79.75
84.91,84.91,33.91,79.33,77.55
84.78,84.78,34.76,79.00,79.59
85.85,85.85,34.58,78.33,81.65
84.48,84.48,32.66,78.07,78.01
84.83,84.83,31.93,75.98,75.62
85.78,85.78,29.57,79.10,78.75
86.26,86.26,30.06,77.43,79.57
85.31,85.31,30.22,75.20,75.55
83.73,83.73,29.87,78.03,76.22
84.49,84.49,28.92,75.71,75.77
85.35,85.35,31.34,77.95,77.37
85.94,85.94,28.17,74.66,74.82
84.98,84.98,27.45,66.89,77.25
84.14,84.14,29.31,64.48,72.79
83.89,83.89,46.11,52.74,76.63
84.05,84.05,58.50,47.16,73.54
84.22,84.22,72.35,45.07,76.98
83.32,83.32,79.00,66.32,76.05
82.21,82.21,91.17,75.26,78.68
82.99,82.99,87.14,75.51,78.00
82.49,82.49,75.13,73.59,77.35
82.52,82.52,77.82,74.96,79.58
81.88,81.88,76.86,74.21,78.21
82.89,82.89,67.60,72.49,76.61
79.98,79.98,70.13,74.70,78.08
79.16,79.16,68.89,77.00,77.79
79.79,79.79,68.31,78.94,78.24
79.70,79.70,60.27,77.68,78.84
77.28,77.28,56.10,72.58,78.69
75.99,75.99,54.36,71.09,75.83
76.51,76.51,56.19,74.91,75.53
77.58,77.58,49.72,69.25,75.87
78.27,78.27,41.56,75.14,73.95
79.23,79.23,48.93,78.37,72.61
79.51,79.51,43.95,72.71,74.53
79.17,79.17,45.82,75.59,75.64
79.54,79.54,44.55,73.97,76.36
81.35,81.35,45.84,78.05,76.64
82.20,82.20,44.33,76.28,77.18
81.55,81.55,42.84,77.22,77.50
81.24,81.24,42.68,77.16,76.89
78.92,78.92,40.78,78.69,78.69
80.07,80.07,40.41,78.01,76.94
80.90,80.90,38.55,78.17,79.34
80.10,80.10,35.73,73.93,76.38
80.26,80.26,35.39,75.20,79.17
79.73,79.73,36.32,73.70,78.92
77.81,77.81,34.94,75.33,75.93
78.95,78.95,34.78,77.21,79.37
79.96,79.96,33.33,75.40,75.00
78.74,78.74,31.87,75.67,76.59
79.36,79.36,34.42,71.70,76.95
79.21,79.21,37.63,71.25,73.73
78.00,78.00,56.20,73.45,77.47
79.26,79.26,66.03,74.08,75.62
76.83,76.83,74.94,67.22,76.97
75.84,75.84,89.05,75.53,76.63
78.08,78.08,83.30,77.66,79.50
78.34,78.34,76.30,74.61,80.93
81.04,81.04,73.94,76.48,79.75
81.40,81.40,65.63,74.04,78.16
84.89,84.89,62.62,75.73,77.97
82.45,82.45,61.52,74.95,81.60
81.99,81.99,57.78,75.15,80.91
81.07,81.07,54.47,72.40,84.95
81.68,81.68,50.04,72.68,80.86
81.32,81.32,47.90,73.16,76.10
81.24,81.24,45.68,72.37,79.39
76.89,76.89,43.95,74.22,83.40
81.62,81.62,42.92,74.68,77.88
82.27,82.27,41.99,74.84,77.87
82.21,82.21,40.94,73.94,79.75
80.83,80.83,43.45,75.61,78.43
81.27,81.27,57.61,71.86,80.44
81.46,81.46,70.28,73.73,77.89
83.96,83.96,77.79,71.52,77.32
81.81,81.81,91.61,68.30,75.62
75.75,75.75,89.87,69.30,77.34
83.08,83.08,82.59,78.35,79.48
82.96,82.96,75.85,76.92,80.17
82.06,82.06,71.61,77.34,79.54
85.99,85.99,74.78,77.46,79.76
85.29,85.29,70.47,77.49,77.69
83.84,83.84,62.80,79.90,77.60
83.28,83.28,66.11,73.25,79.79
83.04,83.04,57.20,75.59,78.54
84.54,84.54,59.33,75.18,76.37
82.70,82.70,46.10,74.20,78.30
84.32,84.32,47.49,77.90,77.03
83.48,83.48,43.99,78.51,78.00
84.85,84.85,49.59,72.45,74.31
83.77,83.77,53.04,77.43,78.09
83.63,83.63,48.51,77.01,78.62
84.56,84.56,58.25,77.30,78.78
86.76,86.76,70.33,74.93,79.47
85.37,85.37,79.39,68.71,78.31
82.67,82.67,90.00,73.61,80.69
82.33,82.33,82.78,73.02,79.47
82.76,82.76,73.36,69.23,76.07
83.01,83.01,75.65,72.65,83.40
81.78,81.78,77.91,78.18,80.26
83.52,83.52,65.08,75.25,80.91
84.82,84.82,66.94,73.46,81.67
83.73,83.73,66.44,78.28,81.06
83.50,83.50,62.08,76.72,81.29
83.86,83.86,55.55,77.87,80.79
83.88,83.88,56.33,73.56,81.26
83.76,83.76,59.34,76.86,79.72
83.74,83.74,54.07,75.57,81.60
82.96,82.96,42.92,71.71,81.48
83.03,83.03,40.89,65.73,82.66
83.39,83.39,45.35,57.47,79.68
82.88,82.88,40.08,61.35,79.20
84.06,84.06,35.76,63.46,80.21
82.01,82.01,40.12,73.01,79.73
80.98,80.98,44.96,81.61,83.14
77.34,77.34,42.17,79.54,80.92
78.24,78.24,40.91,75.76,82.62
78.20,78.20,39.52,77.37,83.71
72.50,72.50,33.08,77.92,81.16
74.44,74.44,33.34,76.38,82.31
74.62,74.62,37.78,76.60,79.25
72.03,72.03,44.98,78.50,80.10
72.60,72.60,55.51,79.45,78.73
73.81,73.81,70.07,77.30,78.17
72.86,72.86,84.31,77.87,80.95
79.64,79.64,73.82,77.87,78.97
84.28,84.28,68.20,78.21,79.78
81.51,81.51,58.88,77.33,76.82
79.20,79.20,53.28,76.38,76.93
78.39,78.39,53.91,76.37,80.30
78.64,78.64,52.90,77.12,77.12
78.95,78.95,61.62,74.75,78.33
77.56,77.56,68.31,70.83,77.48
78.54,78.54,75.60,72.99,74.04
75.87,75.87,90.12,75.38,78.85
75.63,75.63,76.85,74.49,77.82
76.49,76.49,77.37,75.38,81.24
79.52,79.52,73.27,74.09,78.56
80.54,80.54,62.74,74.48,78.94
80.15,80.15,60.29,77.00,77.97
78.95,78.95,57.67,75.94,80.14
80.60,80.60,54.40,75.19,82.25
82.34,82.34,50.30,76.90,80.41
81.88,81.88,49.01,76.06,82.97
79.39,79.39,47.53,76.44,78.69
80.41,80.41,45.99,76.54,79.09
80.44,80.44,44.33,75.77,79.84
80.21,80.21,46.05,73.32,81.82
79.78,79.78,46.33,75.80,80.18
80.36,80.36,46.11,76.16,79.09
79.21,79.21,50.04,75.41,79.89
78.94,78.94,62.81,74.53,76.38
79.94,79.94,75.42,72.04,78.83
79.68,79.68,84.29,75.27,77.68
81.24,81.24,80.68,76.98,81.80
78.77,78.77,78.91,75.62,82.26
80.62,80.62,76.01,73.91,82.53
83.12,83.12,68.97,71.31,82.22
82.63,82.63,67.57,70.92,82.46
80.58,80.58,64.02,72.29,82.49
80.40,80.40,66.03,73.72,82.14
80.72,80.72,66.05,73.49,80.43
79.29,79.29,67.64,78.08,80.65
77.60,77.60,67.00,76.36,81.51
79.05,79.05,61.96,73.22,79.99
79.58,79.58,65.87,73.57,80.29
81.25,81.25,66.54,73.26,80.30
81.49,81.49,63.37,66.25,81.75
79.82,79.82,58.61,65.10,82.01
79.31,79.31,50.10,58.94,80.33
80.49,80.49,60.68,46.77,79.81
80.27,80.27,64.93,50.63,77.65
79.02,79.02,74.00,61.69,80.95
76.93,76.93,89.81,71.02,81.49
78.62,78.62,86.08,68.62,79.80
80.68,80.68,85.38,69.17,80.81
81.19,81.19,80.95,69.31,80.66
81.92,81.92,75.96,71.77,79.68
81.97,81.97,76.05,71.81,80.21
80.86,80.86,70.11,75.25,78.90
81.62,81.62,71.37,77.15,78.97
80.59,80.59,67.84,74.32,78.29
81.33,81.33,72.18,75.17,78.86
81.32,81.32,57.74,76.90,79.27
80.66,80.66,64.24,75.49,80.18
80.69,80.69,66.72,74.90,80.93
80.00,80.00,67.94,71.93,80.93
80.23,80.23,66.71,75.11,82.50
81.45,81.45,66.66,72.59,79.83
81.34,81.34,61.78,74.37,80.23
81.27,81.27,56.97,72.30,81.31
81.66,81.66,49.92,75.17,78.64
80.11,80.11,62.24,73.41,80.88
79.30,79.30,58.16,74.51,81.45
80.07,80.07,59.42,73.18,80.11
81.03,81.03,51.99,71.71,82.83
80.55,80.55,45.49,71.66,80.31
80.66,80.66,47.93,72.37,79.39
81.46,81.46,56.67,72.19,80.54
81.96,81.96,55.79,75.04,80.23
82.02,82.02,50.07,75.57,80.23
81.07,81.07,38.29,75.47,80.76
81.90,81.90,43.87,76.41,79.70
81.67,81.67,43.67,74.79,82.03
80.21,80.21,38.06,75.76,80.22
80.46,80.46,40.33,73.09,81.36
80.89,80.89,38.11,74.67,79.63
81.19,81.19,37.01,74.25,80.50
81.22,81.22,47.41,75.24,79.97
81.06,81.06,51.87,72.77,78.55
82.90,82.90,67.69,76.10,80.29
82.49,82.49,73.66,71.12,81.97
80.99,80.99,86.72,73.44,83.42
78.20,78.20,81.41,75.11,81.48
80.03,80.03,81.40,71.94,78.25
80.59,80.59,75.56,71.84,80.47
81.39,81.39,64.52,71.39,79.18
81.36,81.36,65.76,73.54,80.55
83.04,83.04,66.82,72.80,80.97
81.50,81.50,60.61,73.99,81.05
81.70,81.70,54.77,75.31,82.29
82.63,82.63,50.93,74.46,80.62
83.52,83.52,52.91,74.35,81.49
81.96,81.96,48.17,74.77,79.88
83.13,83.13,46.24,72.32,78.73
83.60,83.60,43.35,76.14,79.18
83.13,83.13,40.25,72.70,78.36
82.75,82.75,37.63,74.94,78.32
83.60,83.60,37.46,75.60,77.92
82.48,82.48,37.99,74.60,81.69
81.33,81.33,39.56,74.63,78.12
81.12,81.12,38.86,75.95,79.36
81.67,81.67,37.59,76.26,80.47
80.57,80.57,38.63,75.97,78.78
81.77,81.77,38.67,72.24,80.46
81.03,81.03,34.16,72.99,78.61
81.42,81.42,34.54,74.76,80.42
79.25,79.25,36.58,71.54,79.58
81.57,81.57,35.59,75.10,78.06
83.76,83.76,35.47,72.18,79.49
84.46,84.46,34.89,72.23,80.21
83.07,83.07,31.39,72.81,78.56
83.16,83.16,30.54,71.46,80.86
83.65,83.65,30.76,68.21,78.76
82.93,82.93,31.86,65.93,81.36
84.02,84.02,30.33,63.58,79.43
82.86,82.86,35.54,54.23,79.43
83.33,83.33,47.72,61.36,79.89
80.48,80.48,62.99,55.48,79.89
81.35,81.35,68.00,50.65,78.41
80.74,80.74,81.70,58.89,78.91
78.95,78.95,93.76,66.63,77.57
79.89,79.89,89.26,71.42,80.05
80.64,80.64,81.90,73.99,80.69
81.99,81.99,79.43,77.12,79.92
81.30,81.30,79.03,77.57,79.22
81.49,81.49,70.25,78.80,77.04
80.51,80.51,63.66,75.32,80.01
78.93,78.93,64.85,73.87,79.74
80.92,80.92,68.37,68.95,78.67
81.87,81.87,63.99,73.01,78.27
80.81,80.81,56.17,71.32,78.37
79.94,79.94,56.44,72.54,75.72
81.04,81.04,63.75,69.94,81.27
81.30,81.30,61.81,70.31,78.34
82.16,82.16,67.04,67.86,80.29
81.33,81.33,60.68,61.60,80.23
81.55,81.55,55.87,56.82,77.72
81.18,81.18,39.59,58.98,78.78
79.68,79.68,44.69,70.77,79.31
82.11,82.11,45.06,78.00,77.55
82.59,82.59,50.83,80.50,81.12
83.49,83.49,48.29,76.97,80.24
83.94,83.94,46.49,78.52,81.76
83.88,83.88,46.01,76.46,80.00
82.27,82.27,43.38,76.48,77.89
83.37,83.37,40.57,76.87,80.03
81.28,81.28,44.95,77.85,78.02
81.27,81.27,43.56,75.72,78.12
81.79,81.79,41.32,76.44,79.20
80.87,80.87,44.14,76.38,77.66
79.47,79.47,41.82,75.01,77.66
79.51,79.51,42.38,74.05,79.20
82.17,82.17,41.43,76.72,80.65
82.01,82.01,35.15,74.40,80.18
81.55,81.55,33.40,74.20,80.64
81.57,81.57,46.37,62.00,78.67
81.14,81.14,58.73,66.24,79.27
81.85,81.85,70.98,61.16,77.68
81.65,81.65,82.68,57.01,76.25
80.26,80.26,90.40,62.21,76.21
81.67,81.67,79.28,80.61,76.92
81.65,81.65,75.96,79.72,77.21
79.99,79.99,71.26,80.43,79.87
80.51,80.51,67.82,78.82,78.24
79.76,79.76,64.02,80.13,77.48
79.78,79.78,60.04,80.06,76.70
80.78,80.78,57.55,79.48,77.42
82.93,82.93,55.02,79.08,78.33
82.48,82.48,50.46,80.58,80.40
81.18,81.18,47.02,79.69,79.56
80.93,80.93,44.72,79.76,80.18
81.85,81.85,40.45,79.82,78.53
80.49,80.49,35.93,78.42,79.83
80.86,80.86,34.03,79.92,79.29
80.75,80.75,36.02,79.55,76.56
79.88,79.88,37.82,78.28,78.18
79.49,79.49,40.60,78.47,78.08
80.66,80.66,40.61,75.78,78.75
80.50,80.50,42.21,79.41,78.95
81.63,81.63,41.58,80.62,80.48
82.76,82.76,39.84,78.60,82.18
82.87,82.87,37.00,77.67,81.10
81.18,81.18,33.87,76.58,82.19
81.25,81.25,35.59,78.49,83.85
80.98,80.98,33.24,77.87,81.70
81.34,81.34,33.13,74.97,77.64
81.13,81.13,30.42,76.62,78.18
81.34,81.34,32.53,76.50,81.48
83.03,83.03,29.41,73.03,79.77
82.28,82.28,27.22,74.66,79.24
80.31,80.31,29.65,73.77,79.19
81.92,81.92,34.06,74.46,78.56
82.41,82.41,32.15,72.74,76.54
82.20,82.20,34.98,73.09,80.64
82.36,82.36,48.07,73.60,79.33
80.28,80.28,64.71,73.17,79.83
79.92,79.92,71.18,59.76,78.99
78.16,78.16,82.34,69.07,77.82
75.79,75.79,93.96,71.75,77.20
78.22,78.22,90.65,73.35,77.31
79.23,79.23,84.48,72.89,78.13
79.56,79.56,78.70,76.93,76.57
80.26,80.26,72.52,72.55,77.84
78.57,78.57,66.57,76.60,78.02
80.81,80.81,73.21,78.73,76.88
78.07,78.07,67.44,75.31,76.35
73.76,73.76,63.03,77.15,77.38
79.49,79.49,58.73,72.09,78.10
80.56,80.56,56.83,75.44,78.57
79.46,79.46,54.04,80.18,79.03
79.34,79.34,39.61,76.65,78.56
75.45,75.45,42.65,74.36,77.48
78.24,78.24,46.52,74.69,77.16
78.57,78.57,47.08,71.37,76.10
75.53,75.53,41.56,76.77,79.58
79.88,79.88,42.30,78.71,77.47
81.76,81.76,43.13,77.62,76.62
81.84,81.84,46.95,75.04,79.13
80.58,80.58,50.37,78.89,79.05
74.49,74.49,52.82,77.10,81.59
73.83,73.83,51.26,79.27,83.98
80.67,80.67,50.99,74.70,77.52
82.96,82.96,51.80,71.36,81.98
76.47,76.47,49.32,71.13,79.42
79.02,79.02,48.83,68.09,81.89
84.26,84.26,47.60,72.02,82.83
81.64,81.64,48.70,68.09,80.33
80.18,80.18,46.48,65.30,82.91
82.23,82.23,44.89,64.95,79.94
78.86,78.86,41.79,61.83,79.80
75.43,75.43,39.16,64.11,80.01
76.08,76.08,37.37,61.30,77.81
80.35,80.35,37.56,63.47,80.15
83.56,83.56,46.34,64.34,80.89
83.61,83.61,57.55,64.57,79.99
82.22,82.22,68.16,65.10,78.26
77.65,77.65,81.90,56.41,77.61
72.34,72.34,87.52,59.36,75.94
79.71,79.71,77.89,67.16,79.31
79.74,79.74,81.04,75.70,79.10
79.31,79.31,72.96,75.28,79.16
78.90,78.90,67.03,75.97,77.99
81.23,81.23,61.79,75.22,76.66
80.84,80.84,59.48,75.29,79.36
83.11,83.11,54.55,76.83,78.34
82.38,82.38,50.56,77.27,80.12
79.31,79.31,47.03,76.73,79.48
76.54,76.54,44.75,75.36,80.42
78.00,78.00,43.17,75.40,77.73
80.73,80.73,40.15,74.85,78.69
82.57,82.57,39.01,76.18,76.95
83.42,83.42,38.64,71.60,76.22
82.36,82.36,38.09,72.09,77.29
82.61,82.61,38.03,73.13,76.11
83.39,83.39,37.62,72.02,77.18
79.58,79.58,35.42,73.87,77.55
79.71,79.71,38.12,72.60,76.54
80.34,80.34,41.63,72.12,80.03
80.08,80.08,41.65,78.75,79.37
80.96,80.96,40.01,80.13,79.37
78.98,78.98,37.86,78.66,77.87
82.63,82.63,34.39,82.33,77.89
85.90,85.90,34.18,78.70,78.56
86.04,86.04,33.88,73.38,78.01
82.39,82.39,36.30,77.16,77.20
82.56,82.56,37.19,76.91,77.22
82.63,82.63,34.60,78.51,79.66
83.15,83.15,33.88,81.10,78.77
82.64,82.64,32.98,76.26,77.32
82.96,82.96,33.33,74.23,81.18
82.82,82.82,29.95,73.07,81.51
81.99,81.99,32.37,74.93,82.07
82.34,82.34,42.21,77.41,80.12
82.53,82.53,63.20,77.02,81.27
82.08,82.08,69.31,74.12,79.50
80.95,80.95,81.70,74.33,80.70
79.42,79.42,90.53,67.08,78.28
80.23,80.23,86.62,66.90,80.88
82.64,82.64,80.71,69.13,80.06
83.18,83.18,73.88,74.09,79.27
82.95,82.95,77.23,73.40,79.37
83.75,83.75,69.72,76.78,78.53
84.70,84.70,66.69,74.73,80.55
83.23,83.23,64.94,76.77,78.09
82.62,82.62,60.74,76.73,77.29
84.08,84.08,61.37,76.96,76.54
82.75,82.75,59.77,74.41,77.73
82.33,82.33,48.72,75.46,78.73
82.41,82.41,50.91,74.68,77.55
83.43,83.43,54.78,78.65,77.80
82.97,82.97,42.53,74.14,77.53
82.82,82.82,49.60,77.00,77.48
83.54,83.54,41.35,75.90,78.30
84.27,84.27,42.66,78.17,78.17
84.14,84.14,41.25,77.88,76.80
80.21,80.21,39.48,76.80,78.73
77.72,77.72,41.95,77.86,76.92
78.40,78.40,42.34,75.31,75.35
71.71,71.71,41.12,76.37,77.70
67.62,67.62,40.63,77.28,77.73
65.13,65.13,38.80,76.30,80.33
65.71,65.71,34.49,75.04,78.52
63.51,63.51,34.48,77.01,78.49
65.79,65.79,32.25,73.20,79.89
70.01,70.01,31.83,76.44,79.73
73.23,73.23,31.84,75.46,82.00
71.03,71.03,28.52,74.31,78.95
73.29,73.29,27.10,74.68,79.36
85.96,85.96,28.33,74.47,78.75
83.47,83.47,27.43,74.49,78.48
82.15,82.15,27.17,75.78,77.75
81.33,81.33,45.42,73.70,75.80
79.44,79.44,61.31,74.07,78.38
80.00,80.00,61.13,77.33,74.17
76.89,76.89,73.41,73.58,76.23
75.48,75.48,91.02,72.85,79.78
77.61,77.61,82.82,73.38,80.52
73.21,73.21,77.44,73.62,81.95
77.45,77.45,72.72,75.90,82.68
76.40,76.40,66.22,76.66,81.86
81.43,81.43,62.72,72.38,84.57
78.87,78.87,59.12,74.09,82.35
81.91,81.91,57.84,75.48,79.50
82.12,82.12,57.36,76.47,84.51
82.12,82.12,54.87,74.69,82.30
82.92,82.92,52.18,76.17,83.46
78.90,78.90,51.30,73.00,81.73
80.20,80.20,48.25,75.72,79.26
84.24,84.24,47.29,75.10,77.65
86.17,86.17,46.81,74.94,79.77
85.39,85.39,40.69,74.26,79.52
87.02,87.02,45.86,75.52,75.37
87.26,87.26,53.70,71.25,76.37
85.14,85.14,67.64,70.98,72.44
84.03,84.03,75.39,60.09,76.37
80.66,80.66,89.13,66.18,76.30
81.81,81.81,89.36,65.72,77.86
80.43,80.43,78.88,61.47,75.57
81.74,81.74,80.80,65.43,80.18
80.79,80.79,77.82,69.04,80.26
82.11,82.11,75.42,72.55,78.79
82.41,82.41,74.69,71.87,81.12
80.95,80.95,67.21,73.12,76.56
82.84,82.84,65.39,74.76,80.78
82.71,82.71,62.75,75.34,78.77
82.25,82.25,60.26,71.43,80.72
82.53,82.53,53.52,70.71,81.67
83.35,83.35,57.39,75.82,79.00
82.29,82.29,56.74,75.28,81.60
82.08,82.08,48.80,74.37,81.14
81.61,81.61,47.65,73.01,78.55
82.97,82.97,46.21,72.43,80.79
82.78,82.78,48.91,72.47,80.95
83.06,83.06,55.43,66.38,79.21
83.31,83.31,63.01,52.98,81.07
78.60,78.60,72.98,60.77,80.36
80.65,80.65,92.29,65.39,80.70
80.23,80.23,89.41,70.13,78.32
80.46,80.46,81.24,75.18,80.96
82.72,82.72,79.66,77.42,80.71
81.58,81.58,80.10,78.08,79.80
83.52,83.52,69.76,77.96,82.50
82.77,82.77,67.72,79.95,83.15
83.56,83.56,66.96,78.00,81.95
83.71,83.71,67.87,74.60,82.39
83.72,83.72,71.98,75.05,82.29
84.68,84.68,67.22,77.64,78.21
84.15,84.15,62.98,75.65,80.49
82.24,82.24,67.58,76.72,80.84
82.38,82.38,70.95,73.19,78.92
82.26,82.26,71.18,75.34,79.60
82.04,82.04,68.14,75.59,78.20
82.27,82.27,64.70,76.45,78.17
81.85,81.85,63.46,75.16,79.18
82.18,82.18,62.32,72.15,80.13
81.09,81.09,61.77,76.23,81.50
80.83,80.83,61.21,74.23,80.43
81.77,81.77,55.90,73.90,82.14
81.56,81.56,51.34,71.98,84.53
80.62,80.62,52.17,76.73,80.47
82.49,82.49,46.74,74.61,83.20
83.52,83.52,50.02,75.21,82.49
82.31,82.31,41.28,73.37,79.49
83.39,83.39,42.16,70.62,85.45
84.61,84.61,43.99,72.59,78.94
83.57,83.57,42.34,74.32,81.40
83.80,83.80,44.38,73.03,81.98
84.90,84.90,46.37,71.28,78.98
84.81,84.81,44.40,70.88,82.78
83.30,83.30,38.25,71.43,79.36
84.05,84.05,40.20,72.05,79.95
82.69,82.69,55.39,72.97,82.97
85.45,85.45,65.16,71.33,80.22
83.80,83.80,71.78,67.46,84.28
79.46,79.46,87.05,71.27,83.23
82.23,82.23,83.94,69.22,80.16
80.01,80.01,78.10,68.38,84.65
83.41,83.41,73.39,69.44,82.33
82.60,82.60,68.03,71.83,80.54
81.84,81.84,64.40,71.52,80.72
83.91,83.91,60.52,70.80,80.14
82.88,82.88,56.16,71.19,79.34
84.26,84.26,55.19,72.03,77.85
82.70,82.70,57.06,68.39,78.54
82.85,82.85,52.37,72.69,77.46
84.21,84.21,47.08,68.92,78.46
82.35,82.35,44.82,70.01,78.77
82.60,82.60,44.13,68.99,78.61
83.01,83.01,42.89,68.78,80.09
81.88,81.88,42.84,69.44,79.73
83.84,83.84,43.82,68.78,81.21
81.87,81.87,39.74,70.13,79.37
82.92,82.92,39.09,72.37,82.79
80.54,80.54,41.45,70.40,81.98
80.05,80.05,40.71,72.91,80.96
81.04,81.04,47.61,73.63,81.96
80.91,80.91,40.12,70.88,82.19
81.46,81.46,38.77,66.95,80.49
84.21,84.21,39.18,60.16,82.67
86.06,86.06,40.72,56.72,80.67
84.70,84.70,38.11,61.23,79.78
83.57,83.57,36.33,59.76,81.41
82.73,82.73,35.23,54.60,79.08
82.57,82.57,35.84,52.08,81.82
80.96,80.96,34.98,54.70,79.65
83.86,83.86,35.37,52.50,80.44
82.55,82.55,35.09,54.15,81.72
83.89,83.89,35.85,53.45,81.76
82.48,82.48,33.78,53.18,79.17
81.70,81.70,32.88,62.02,78.30
81.06,81.06,41.47,62.66,80.53
80.43,80.43,50.77,59.82,77.93
80.72,80.72,67.00,53.95,78.66
82.14,82.14,72.80,60.83,78.78
82.85,82.85,89.99,66.07,79.59
84.10,84.10,89.36,64.23,76.56
84.19,84.19,79.74,65.87,76.09
83.90,83.90,78.63,63.20,77.66
84.66,84.66,77.65,70.42,77.55
83.53,83.53,72.68,68.36,78.44
82.62,82.62,66.42,58.15,77.36
85.49,85.49,65.20,59.56,76.18
81.81,81.81,71.58,62.40,76.96
83.13,83.13,71.14,63.20,75.41
83.61,83.61,61.56,62.13,77.78
83.61,83.61,59.31,62.32,80.11
86.05,86.05,66.29,58.57,81.85
85.45,85.45,69.01,57.10,78.52
86.38,86.38,69.51,55.32,81.36
85.64,85.64,68.05,49.76,79.31
85.30,85.30,64.28,53.69,81.48
85.81,85.81,58.71,59.02,79.49
84.74,84.74,55.36,59.99,78.73
82.83,82.83,51.03,69.68,82.41
84.32,84.32,48.56,67.96,80.34
82.64,82.64,48.44,78.52,82.07
83.52,83.52,44.80,78.02,81.70
84.18,84.18,41.02,73.76,81.20
83.27,83.27,48.74,75.97,80.36
84.14,84.14,44.84,75.91,80.19
83.79,83.79,46.14,75.29,79.98
84.57,84.57,42.10,73.31,80.08
83.75,83.75,41.77,74.40,80.99
82.31,82.31,45.94,75.98,81.82
83.28,83.28,39.53,78.00,80.53
83.83,83.83,38.36,74.13,81.32
81.47,81.47,42.50,77.68,81.01
85.07,85.07,39.74,76.93,79.19
85.70,85.70,41.86,77.76,80.82
83.26,83.26,54.96,76.56,79.51
84.24,84.24,63.37,77.68,77.01
83.73,83.73,68.17,75.90,74.84
79.08,79.08,80.37,73.30,78.52
77.37,77.37,87.14,67.15,79.80
78.11,78.11,79.59,70.50,80.49
78.45,78.45,74.12,73.01,80.20
79.95,79.95,74.53,74.06,80.34
83.47,83.47,69.13,74.95,81.36
84.29,84.29,68.66,73.07,83.21
82.77,82.77,63.88,74.56,82.49
80.39,80.39,59.22,74.88,82.08
78.58,78.58,59.20,75.11,81.97
80.26,80.26,54.71,70.81,81.05
84.41,84.41,51.61,73.11,82.14
85.88,85.88,53.35,70.48,80.29
85.48,85.48,49.26,70.49,81.82
86.69,86.69,45.78,71.69,80.32
86.45,86.45,43.64,73.76,79.32
85.80,85.80,44.10,72.95,80.65
84.86,84.86,43.16,73.03,81.41
83.58,83.58,43.10,72.76,82.37
81.50,81.50,43.50,73.26,82.15
84.08,84.08,42.17,74.75,79.57
88.13,88.13,41.82,77.13,80.54
86.84,86.84,42.01,75.17,81.08
84.44,84.44,40.18,75.24,81.98
81.52,81.52,39.91,72.68,81.38
80.68,80.68,40.73,77.72,82.02
84.15,84.15,39.33,76.41,82.59
83.71,83.71,37.71,77.66,80.71
83.31,83.31,36.24,77.03,80.70
83.59,83.59,36.95,77.88,81.49
83.77,83.77,34.53,75.78,79.79
84.02,84.02,33.87,76.22,79.60
83.38,83.38,34.86,74.71,78.54
84.79,84.79,33.50,72.83,81.69
84.55,84.55,31.36,70.04,79.02
76.67,76.67,31.46,67.43,81.57
81.28,81.28,33.77,61.13,81.55
75.93,75.93,55.25,55.84,78.41
82.17,82.17,66.88,47.74,81.99
82.31,82.31,70.64,54.34,79.93
71.44,71.44,87.50,64.22,80.78
73.98,73.98,92.30,67.04,77.40
80.62,80.62,83.83,72.29,85.40
80.88,80.88,86.88,72.10,79.97
82.29,82.29,78.28,75.54,79.08
80.00,80.00,75.30,75.79,81.60
76.94,76.94,61.74,74.64,78.80
78.79,78.79,67.51,78.04,82.85
74.94,74.94,67.45,77.54,82.25
73.58,73.58,70.06,75.76,80.98
76.08,76.08,72.15,76.18,82.93
74.75,74.75,61.79,77.58,80.33
73.55,73.55,54.12,77.20,79.76
71.02,71.02,69.18,77.03,79.76
69.59,69.59,72.85,77.68,80.13
72.38,72.38,71.88,78.69,77.87
70.56,70.56,66.12,77.31,76.64
70.07,70.07,63.67,76.70,78.01
75.07,75.07,65.06,77.07,80.27
76.41,76.41,59.52,74.92,79.18
78.66,78.66,59.56,74.96,81.45
78.26,78.26,61.44,76.29,80.26
78.23,78.23,51.23,69.89,80.08
76.93,76.93,49.29,69.00,78.26
77.44,77.44,53.74,71.48,80.52
78.14,78.14,52.94,67.10,76.12
80.37,80.37,49.89,71.60,77.89
75.45,75.45,50.09,72.41,78.96
77.79,77.79,46.41,72.28,77.72
78.50,78.50,47.11,71.83,79.59
76.54,76.54,52.87,72.17,77.95
77.03,77.03,51.36,73.44,76.83
72.49,72.49,51.10,72.28,75.75
73.86,73.86,46.33,71.85,77.19
74.28,74.28,43.62,71.80,78.12
70.97,70.97,52.40,71.93,78.09
76.95,76.95,54.27,70.64,78.56
80.69,80.69,68.70,69.11,78.18
79.75,79.75,75.76,71.31,79.64
76.16,76.16,85.38,69.63,81.27
81.58,81.58,84.97,67.78,78.40
77.74,77.74,78.13,66.35,78.05
81.86,81.86,72.46,72.26,78.98
83.30,83.30,64.41,71.20,78.88
84.36,84.36,58.38,72.24,78.50
85.06,85.06,57.31,70.89,77.60
83.33,83.33,57.10,72.41,78.23
82.59,82.59,53.78,72.92,77.40
83.92,83.92,50.79,71.85,77.57
84.26,84.26,49.71,68.03,76.23
83.28,83.28,50.30,69.14,79.06
84.30,84.30,45.79,73.70,79.36
80.32,80.32,43.09,71.60,75.82
80.23,80.23,43.09,70.57,76.50
82.11,82.11,39.24,72.54,77.64
80.53,80.53,39.89,71.25,79.80
78.20,78.20,49.95,72.27,78.14
79.01,79.01,66.37,68.21,77.38
79.65,79.65,67.39,66.01,78.11
81.22,81.22,84.68,67.62,77.77
79.83,79.83,93.14,64.02,78.03
81.45,81.45,82.74,67.90,76.99
82.58,82.58,83.46,68.51,76.51
83.04,83.04,76.21,71.92,81.33
83.13,83.13,72.23,70.12,76.61
83.36,83.36,71.52,72.58,78.32
82.41,82.41,69.69,65.56,78.78
81.66,81.66,70.90,64.69,77.10
82.71,82.71,64.97,67.42,78.06
84.92,84.92,69.74,73.85,74.47
84.55,84.55,72.87,77.09,76.50
81.97,81.97,56.39,75.09,76.95
85.50,85.50,55.13,77.85,77.74
83.09,83.09,58.78,74.17,75.71
75.76,75.76,55.11,74.82,77.28
79.51,79.51,49.23,72.98,77.52
77.41,77.41,59.20,70.97,77.86
79.78,79.78,68.09,59.97,77.44
81.36,81.36,78.61,73.44,79.87
78.08,78.08,91.03,75.81,79.94
82.05,82.05,88.79,72.59,76.92
84.37,84.37,82.24,76.21,78.22
81.81,81.81,77.89,73.04,77.91
79.94,79.94,69.78,76.65,76.44
81.39,81.39,72.16,78.41,79.39
81.73,81.73,70.61,78.57,78.43
83.21,83.21,64.62,72.55,76.92
83.34,83.34,64.29,75.57,77.05
82.72,82.72,72.02,77.56,76.50
82.90,82.90,69.27,78.91,76.87
80.77,80.77,62.45,79.79,76.41
80.79,80.79,49.70,78.37,76.17
81.74,81.74,52.89,78.28,77.87
76.89,76.89,53.05,81.28,78.28
79.49,79.49,50.09,78.30,77.66
82.63,82.63,54.56,77.85,80.17
85.40,85.40,61.18,79.96,75.75
82.60,82.60,75.01,78.87,80.43
79.10,79.10,85.21,74.49,78.84
80.44,80.44,79.69,77.80,78.57
83.00,83.00,67.47,75.31,79.45
79.66,79.66,59.14,76.25,80.97
84.59,84.59,49.04,79.13,79.55
82.22,82.22,46.70,77.84,79.86
83.69,83.69,44.44,71.64,79.96
84.49,84.49,52.12,73.81,79.27
82.81,82.81,62.25,71.99,81.47
78.55,78.55,63.50,75.56,79.34
78.45,78.45,76.68,76.96,81.43
78.72,78.72,82.77,75.63,79.07
79.50,79.50,74.96,74.31,78.49
77.10,77.10,67.03,74.91,79.96
63.49,63.49,59.35,75.82,79.13
64.31,64.31,54.64,75.25,79.24
68.82,68.82,51.02,65.07,78.52
72.41,72.41,56.91,43.71,79.94
73.69,73.69,66.17,42.71,79.20
70.39,70.39,68.58,52.84,77.68
74.45,74.45,81.19,58.81,80.76
82.49,82.49,86.04,65.94,78.30
84.15,84.15,79.40,70.54,79.64
83.38,83.38,78.07,79.71,78.96
86.00,86.00,73.81,78.47,81.51
85.30,85.30,67.27,74.92,81.17
84.78,84.78,66.55,78.57,80.06
82.89,82.89,65.94,74.32,80.08
77.72,77.72,60.51,77.77,79.71
82.27,82.27,56.16,78.76,81.05
84.05,84.05,50.99,75.17,78.70
83.38,83.38,46.49,74.40,78.98
84.72,84.72,45.12,76.63,80.76
80.97,80.97,45.93,74.02,78.50
77.73,77.73,43.39,78.40,81.19
83.81,83.81,43.58,79.64,79.73
82.19,82.19,39.37,74.63,79.02
82.85,82.85,46.09,73.89,77.98
82.07,82.07,59.28,76.77,77.48
83.59,83.59,70.35,74.16,77.44
81.37,81.37,77.48,72.93,74.19
82.87,82.87,87.68,70.49,76.43
79.46,79.46,84.68,68.79,76.97
79.45,79.45,87.36,74.31,75.54
81.62,81.62,83.91,74.10,75.61
81.59,81.59,82.72,72.51,76.89
79.83,79.83,81.13,75.33,74.30
81.87,81.87,82.29,76.46,78.82
82.37,82.37,78.56,75.29,75.74
84.71,84.71,74.06,75.20,78.45
83.97,83.97,76.76,74.10,78.31
82.48,82.48,74.92,75.61,79.75
80.38,80.38,68.49,74.99,78.74
75.85,75.85,65.43,71.95,76.52
77.51,77.51,66.68,71.90,78.46
80.04,80.04,68.94,69.69,77.58
82.59,82.59,65.47,70.68,76.29
81.08,81.08,71.58,65.59,75.00
80.14,80.14,74.68,60.91,78.14
81.52,81.52,85.72,71.91,78.48
82.88,82.88,88.48,76.37,82.43
82.57,82.57,78.96,76.45,81.99
81.98,81.98,87.79,73.02,78.69
79.93,79.93,80.08,74.51,79.15
81.12,81.12,64.59,74.70,82.05
81.46,81.46,70.76,74.98,81.26
81.88,81.88,73.20,74.13,81.84
80.76,80.76,62.29,71.82,82.75
83.45,83.45,71.88,74.35,81.87
83.55,83.55,69.87,74.77,80.13
82.69,82.69,66.51,73.74,81.79
83.76,83.76,56.15,72.96,80.34
83.88,83.88,63.85,73.64,81.90
85.63,85.63,69.13,71.27,79.72
81.52,81.52,66.34,72.63,78.05
83.44,83.44,53.56,66.92,80.23
82.68,82.68,60.63,73.75,80.99
84.38,84.38,63.33,75.07,81.11
84.14,84.14,62.11,72.75,82.04
84.42,84.42,60.97,68.15,78.59
83.49,83.49,58.21,69.92,81.02
85.01,85.01,57.96,73.16,79.67
84.26,84.26,55.64,71.50,81.95
84.16,84.16,55.82,67.29,81.15
81.11,81.11,55.65,69.00,80.63
81.98,81.98,59.73,71.99,77.20
82.85,82.85,55.56,69.17,78.34
83.48,83.48,54.41,65.78,78.96
84.01,84.01,57.09,70.86,79.70
83.03,83.03,55.49,72.14,79.78
82.47,82.47,54.18,70.11,78.09
80.03,80.03,53.03,72.14,80.98
82.04,82.04,51.96,73.44,82.31
80.45,80.45,53.97,73.64,84.61
79.80,79.80,54.45,73.49,83.88
80.32,80.32,62.06,72.85,83.30
81.42,81.42,70.72,72.42,83.67
82.54,82.54,79.91,65.97,82.90
78.98,78.98,86.49,62.14,80.21
80.83,80.83,77.32,69.68,80.90
81.48,81.48,77.73,69.91,83.30
84.13,84.13,70.47,73.58,84.71
83.74,83.74,67.74,78.26,83.94
83.26,83.26,66.83,75.10,84.60
84.65,84.65,61.32,75.24,84.15
83.94,83.94,58.10,73.39,81.61
82.60,82.60,53.59,73.13,83.81
82.39,82.39,52.35,74.83,84.08
83.52,83.52,51.43,72.88,82.41
84.08,84.08,49.99,71.09,81.30
83.32,83.32,49.01,74.11,83.82
81.28,81.28,48.77,75.18,82.06
82.12,82.12,47.41,74.99,82.63
83.60,83.60,45.97,74.02,79.40
86.72,86.72,48.43,73.05,82.56
83.59,83.59,44.80,68.49,82.84
83.10,83.10,46.43,70.46,85.27
84.27,84.27,46.96,70.49,83.54
80.56,80.56,48.09,65.18,84.09
81.40,81.40,50.02,73.25,84.27
83.31,83.31,49.28,76.45,82.39
84.09,84.09,49.63,76.92,80.85
84.30,84.30,52.00,76.10,80.58
84.06,84.06,52.19,75.89,82.28
83.87,83.87,43.42,70.88,79.91
82.92,82.92,45.01,69.99,82.44
85.16,85.16,43.90,69.34,79.78
84.36,84.36,51.42,65.07,82.65
84.89,84.89,46.60,51.11,83.02
85.89,85.89,53.48,60.68,81.72
85.59,85.59,59.29,65.94,82.16
84.87,84.87,52.69,57.78,81.48
84.93,84.93,53.40,58.92,82.53
84.56,84.56,57.74,62.60,81.61
85.95,85.95,62.37,62.18,80.09
86.40,86.40,68.41,53.26,81.54
86.42,86.42,71.93,58.51,73.66
85.04,85.04,88.65,57.57,80.73
84.31,84.31,91.71,62.50,72.72
85.63,85.63,82.73,65.70,75.29
85.72,85.72,80.50,70.70,76.91
85.95,85.95,77.76,72.38,75.22
84.91,84.91,69.85,72.75,78.58
84.06,84.06,73.11,73.52,78.39
83.49,83.49,62.88,75.60,79.15
83.06,83.06,69.61,75.75,80.68
84.09,84.09,61.46,75.70,80.06
83.47,83.47,61.96,74.66,81.96
83.49,83.49,47.92,73.05,78.41
84.59,84.59,56.63,71.75,82.80
83.99,83.99,51.57,72.94,79.57
83.42,83.42,55.25,74.91,80.89
82.47,82.47,56.49,75.35,80.42
81.04,81.04,53.21,74.00,80.33
80.08,80.08,52.95,74.55,78.40
80.92,80.92,55.99,71.16,81.73
82.67,82.67,50.15,68.46,81.30
81.59,81.59,49.09,69.60,76.73
83.20,83.20,46.51,69.24,81.90
83.86,83.86,45.12,70.08,79.09
84.92,84.92,46.57,74.44,81.17
83.58,83.58,44.63,75.67,80.71
85.03,85.03,42.28,75.77,79.00
83.71,83.71,48.06,76.65,76.19
82.79,82.79,44.84,75.14,80.35
83.31,83.31,49.89,74.07,78.68
84.12,84.12,49.98,76.18,75.90
83.59,83.59,47.55,71.73,81.06
83.59,83.59,41.79,70.65,77.93
84.04,84.04,43.95,73.46,77.46
83.26,83.26,42.03,74.06,77.97
82.86,82.86,38.31,72.07,78.53
82.32,82.32,40.48,71.76,78.05
81.51,81.51,53.17,75.35,77.21
81.05,81.05,68.07,73.38,76.65
81.25,81.25,68.16,72.59,74.81
80.53,80.53,86.08,73.06,78.75
79.60,79.60,86.80,74.53,76.26
80.78,80.78,77.35,72.23,77.94
82.04,82.04,79.37,70.69,81.25
82.02,82.02,75.15,70.56,80.80
81.72,81.72,62.82,70.47,80.04
81.59,81.59,68.38,68.75,84.26
81.49,81.49,60.73,70.99,80.34
82.43,82.43,60.08,68.52,85.63
85.08,85.08,50.15,64.20,81.39
85.17,85.17,50.84,65.27,82.53
83.84,83.84,47.73,65.84,82.56
82.48,82.48,45.68,67.90,81.18
78.96,78.96,43.60,67.66,82.44
78.86,78.86,42.16,56.23,81.48
73.60,73.60,40.19,63.32,80.54
75.36,75.36,40.19,60.87,81.04
77.25,77.25,52.42,51.68,78.30
82.19,82.19,67.19,48.32,78.39
69.30,69.30,72.36,55.83,76.91
66.00,66.00,83.76,61.88,75.91
82.52,82.52,92.12,66.22,78.78
80.56,80.56,85.47,67.71,80.52
80.31,80.31,83.95,70.27,80.78
82.05,82.05,77.11,70.86,81.28
81.56,81.56,77.84,72.98,81.76
81.78,81.78,72.07,72.31,81.66
82.28,82.28,70.35,74.10,81.46
82.20,82.20,67.13,74.02,81.35
81.36,81.36,69.48,72.68,83.85
80.52,80.52,65.92,69.91,83.92
81.99,81.99,66.36,67.41,82.68
82.81,82.81,60.24,58.23,82.36
82.45,82.45,58.00,64.18,80.66
82.08,82.08,56.89,61.57,79.18
81.86,81.86,56.66,58.05,79.57
81.18,81.18,58.31,67.72,80.47
81.12,81.12,58.64,63.37,79.13
81.39,81.39,61.78,50.15,80.04
79.89,79.89,73.44,59.43,80.52
78.51,78.51,88.34,64.99,80.09
81.92,81.92,91.28,65.26,78.52
82.25,82.25,82.00,68.96,79.70
81.80,81.80,81.57,72.56,78.04
81.81,81.81,73.86,75.53,82.28
82.07,82.07,73.86,78.15,79.68
82.91,82.91,73.72,74.28,78.07
83.03,83.03,64.51,77.03,79.59
82.57,82.57,62.32,72.45,77.43
76.11,76.11,60.30,75.14,81.33
74.68,74.68,57.77,74.48,76.24
75.28,75.28,56.80,75.10,78.85
76.13,76.13,56.74,73.24,79.30
76.40,76.40,53.50,78.10,77.87
75.27,75.27,49.42,76.11,78.17
77.11,77.11,47.90,77.96,78.32
75.24,75.24,49.60,80.10,78.01
75.83,75.83,38.57,77.91,79.61
73.91,73.91,41.39,77.49,77.12
73.46,73.46,41.08,79.74,76.89
74.13,74.13,48.09,77.72,78.67
84.84,84.84,42.38,78.20,75.37
83.89,83.89,43.45,78.94,74.45
81.23,81.23,43.93,77.59,75.97
80.36,80.36,42.79,77.76,78.36
79.65,79.65,44.01,78.77,80.58
80.32,80.32,46.32,76.59,77.87
80.37,80.37,45.82,80.83,76.34
79.44,79.44,47.07,79.89,78.13
78.83,78.83,46.37,74.31,78.90
79.29,79.29,39.66,75.82,78.51
79.00,79.00,37.39,77.73,77.04
79.12,79.12,33.09,73.60,77.82
79.92,79.92,32.81,78.93,78.19
80.44,80.44,32.20,78.21,78.26
79.28,79.28,40.08,76.19,79.64
79.49,79.49,52.64,78.21,79.75
80.52,80.52,63.44,77.73,77.27
81.07,81.07,75.09,77.16,76.25
76.96,76.96,88.68,73.92,78.37
80.09,80.09,81.28,76.87,76.73
80.75,80.75,80.36,76.53,75.43
81.49,81.49,81.36,78.32,80.13
79.75,79.75,66.80,77.28,75.43
80.76,80.76,65.26,78.57,82.30
81.70,81.70,61.65,77.52,77.83
83.70,83.70,60.30,77.31,79.96
82.93,82.93,56.43,76.00,81.69
82.38,82.38,52.74,78.22,77.44
83.05,83.05,48.96,77.24,80.44
80.72,80.72,49.11,78.87,76.61
78.57,78.57,46.42,79.69,78.17
77.34,77.34,46.71,75.85,78.63
77.35,77.35,48.38,75.22,76.85
79.55,79.55,44.24,77.64,77.01
80.27,80.27,41.29,76.71,76.22
78.34,78.34,39.06,76.46,77.82
78.83,78.83,36.57,76.53,78.60
81.49,81.49,38.93,73.11,74.28
82.92,82.92,42.93,76.98,77.26
85.09,85.09,41.19,78.85,77.21
84.68,84.68,43.43,79.15,77.61
85.95,85.95,43.56,79.03,78.97
85.81,85.81,41.01,80.07,76.77
85.10,85.10,40.49,76.29,81.66
84.46,84.46,39.60,77.21,76.61
84.28,84.28,39.00,78.75,77.38
82.40,82.40,36.52,77.71,77.61
82.89,82.89,35.80,78.21,78.34
85.52,85.52,35.49,78.25,79.26
83.58,83.58,35.84,74.23,75.58
84.15,84.15,37.39,72.91,80.16
81.53,81.53,36.69,64.46,76.60
82.41,82.41,36.87,61.47,79.72
81.74,81.74,33.63,58.53,77.17
81.01,81.01,38.14,63.21,79.23
83.23,83.23,50.79,65.24,76.97
81.77,81.77,64.14,64.88,77.44
82.85,82.85,74.41,64.67,75.89
75.32,75.32,88.37,68.70,76.28
73.37,73.37,91.25,71.50,72.69
77.76,77.76,81.03,69.95,77.95
77.61,77.61,84.18,74.00,76.96
72.94,72.94,76.07,73.33,76.81
76.97,76.97,74.25,76.53,74.45
80.44,80.44,67.34,75.46,76.34
82.83,82.83,70.76,77.90,77.07
85.58,85.58,72.80,81.81,75.15
84.24,84.24,61.84,78.59,75.37
81.53,81.53,58.83,76.85,76.41
82.80,82.80,56.92,78.63,73.97
82.94,82.94,51.57,78.19,77.95
81.50,81.50,50.03,78.71,76.69
82.62,82.62,56.61,81.08,77.35
81.73,81.73,52.12,79.34,75.74
81.09,81.09,48.28,77.15,76.47
82.52,82.52,47.83,78.75,76.60
82.10,82.10,43.32,74.22,73.23
83.54,83.54,44.67,76.28,78.27
82.59,82.59,45.36,78.25,77.22
80.38,80.38,45.89,74.85,78.01
83.28,83.28,44.67,75.25,77.24
83.74,83.74,43.20,77.14,80.97
81.05,81.05,40.06,74.59,82.32
83.65,83.65,39.67,77.87,81.25
83.04,83.04,34.99,74.32,80.90
83.66,83.66,38.73,72.09,82.10
82.56,82.56,42.02,77.75,79.38
82.48,82.48,39.94,75.39,80.58
82.57,82.57,41.74,77.06,77.35
82.62,82.62,38.04,79.53,78.15
80.34,80.34,38.04,73.70,79.64
81.51,81.51,35.55,74.55,80.81
82.60,82.60,33.75,74.74,79.52
83.89,83.89,39.33,74.91,77.07
82.60,82.60,52.66,78.44,79.07
82.58,82.58,66.53,75.19,76.02
80.71,80.71,72.06,67.87,77.44
81.54,81.54,89.21,63.55,82.21
79.53,79.53,79.72,70.38,81.39
77.90,77.90,78.00,74.17,82.23
82.11,82.11,78.32,76.64,81.74
83.55,83.55,74.31,76.98,80.56
81.61,81.61,68.21,73.92,81.94
83.01,83.01,64.51,74.34,80.42
81.49,81.49,62.82,74.39,80.81
82.14,82.14,59.34,73.64,81.16
81.08,81.08,57.57,75.40,81.37
81.13,81.13,53.01,78.02,83.44
82.25,82.25,51.33,74.53,81.78
82.57,82.57,50.46,77.08,82.08
83.29,83.29,49.15,74.22,82.55
82.48,82.48,48.08,73.06,80.30
82.70,82.70,47.36,73.69,80.81
81.38,81.38,45.57,73.14,81.94
82.14,82.14,48.63,72.28,81.57
81.13,81.13,58.96,77.04,81.85
80.23,80.23,69.97,76.34,80.61
80.31,80.31,78.63,74.01,80.47
80.47,80.47,82.11,69.24,81.44
79.53,79.53,83.01,68.78,80.00
79.18,79.18,82.60,72.17,79.87
79.44,79.44,75.42,67.57,76.06
80.45,80.45,75.70,71.66,79.81
79.35,79.35,74.33,72.24,79.96
77.99,77.99,72.88,72.27,76.91
80.32,80.32,59.83,75.77,78.12
81.19,81.19,62.00,74.04,80.86
81.15,81.15,69.87,72.95,78.24
79.64,79.64,67.73,73.47,79.44
79.38,79.38,64.73,71.89,76.28
78.61,78.61,66.45,66.25,80.52
78.86,78.86,68.32,69.59,75.91
78.76,78.76,64.75,69.52,80.91
79.83,79.83,63.30,66.18,80.21
81.08,81.08,67.71,58.61,77.46
80.04,80.04,72.60,54.71,79.60
78.12,78.12,89.71,63.93,82.13
80.09,80.09,88.07,66.75,81.47
80.14,80.14,81.32,67.79,82.41
77.67,77.67,79.37,69.09,82.85
79.21,79.21,75.55,72.25,83.01
79.79,79.79,75.70,75.37,83.01
79.26,79.26,65.67,70.23,78.89
79.93,79.93,64.63,70.99,79.75
79.45,79.45,68.49,75.75,81.62
78.65,78.65,70.89,74.35,81.41
78.50,78.50,68.35,75.04,83.52
79.80,79.80,61.36,73.46,80.28
79.95,79.95,54.38,78.30,81.44
79.51,79.51,71.18,78.32,81.85
79.04,79.04,69.58,78.42,79.98
78.54,78.54,71.50,76.79,79.65
78.48,78.48,62.35,76.85,80.97
77.82,77.82,57.91,76.65,80.99
77.82,77.82,59.81,76.24,83.60
77.71,77.71,59.51,71.50,83.76
79.67,79.67,59.43,67.93,82.41
80.00,80.00,60.67,74.39,85.93
79.04,79.04,56.37,74.77,80.77
78.07,78.07,60.58,78.25,85.24
78.72,78.72,50.76,75.29,85.91
78.94,78.94,65.12,76.58,82.71
78.47,78.47,61.14,75.78,82.20
76.49,76.49,56.49,78.97,83.70
75.87,75.87,59.05,75.30,80.52
78.58,78.58,61.05,76.36,82.93
78.86,78.86,58.75,76.62,79.78
79.35,79.35,53.04,78.64,84.19
78.10,78.10,55.19,78.68,81.34
77.37,77.37,62.07,78.30,80.57
77.90,77.90,62.41,78.91,84.24
78.51,78.51,54.57,77.30,79.46
78.88,78.88,60.18,79.25,81.12
79.58,79.58,66.94,77.57,80.23
79.30,79.30,77.84,77.26,76.09
78.69,78.69,88.22,75.35,79.88
79.60,79.60,82.50,75.27,76.00
80.33,80.33,77.42,73.97,78.07
79.81,79.81,74.33,76.03,79.17
81.66,81.66,68.03,72.42,79.73
78.91,78.91,65.04,75.82,78.01
78.99,78.99,60.34,74.34,79.71
79.24,79.24,55.65,75.03,78.25
79.00,79.00,53.55,70.34,80.39
78.76,78.76,52.50,72.83,80.02
79.33,79.33,50.27,74.71,77.60
80.96,80.96,47.57,73.04,78.52
79.83,79.83,45.23,73.35,80.04
80.11,80.11,46.00,75.92,78.29
80.35,80.35,42.79,74.81,82.02
81.14,81.14,39.87,75.53,79.60
81.16,81.16,39.33,74.93,81.18
81.36,81.36,38.68,74.49,83.33
80.17,80.17,38.13,76.83,80.81
81.67,81.67,38.57,73.15,84.12
79.91,79.91,39.35,75.50,82.80
81.04,81.04,39.07,72.51,80.38
84.49,84.49,39.09,72.41,82.85
81.27,81.27,38.96,75.06,81.61
79.98,79.98,40.76,76.07,83.71
82.83,82.83,39.27,73.95,85.64
84.16,84.16,40.01,73.30,82.99
85.47,85.47,40.47,74.27,83.36
82.95,82.95,43.93,78.34,83.51
81.66,81.66,41.26,76.77,82.03
80.46,80.46,39.96,71.83,81.02
84.14,84.14,36.75,77.33,82.30
85.83,85.83,34.86,70.77,81.52
84.33,84.33,34.31,65.94,82.33
83.45,83.45,33.03,67.92,81.20
82.04,82.04,36.15,66.30,80.46
81.34,81.34,47.31,70.77,80.85
83.04,83.04,59.48,63.17,80.98
82.86,82.86,66.72,57.63,79.64
81.68,81.68,80.96,65.34,84.52
81.15,81.15,91.46,65.25,78.35
82.75,82.75,90.15,67.12,79.63
83.09,83.09,79.75,68.33,77.35
82.38,82.38,80.20,72.25,79.13
83.08,83.08,80.73,73.59,79.91
82.21,82.21,73.98,71.58,78.50
81.58,81.58,71.05,75.06,80.14
83.36,83.36,69.06,75.99,80.83
80.71,80.71,74.13,74.73,76.73
76.12,76.12,68.45,72.37,80.83
73.40,73.40,64.13,72.11,75.61
67.53,67.53,54.58,73.09,80.69
67.04,67.04,56.02,73.91,80.72
64.73,64.73,67.25,75.11,77.42
66.25,66.25,71.02,70.72,79.93
60.90,60.90,69.14,75.61,76.46
65.74,65.74,61.48,71.15,77.11
75.82,75.82,55.09,72.67,76.57
75.14,75.14,63.05,68.32,78.81
71.94,71.94,66.48,68.91,78.91
71.78,71.78,63.14,69.90,76.33
77.91,77.91,63.86,74.50,78.29
79.62,79.62,59.29,74.95,78.75
79.09,79.09,63.56,74.75,78.43
79.56,79.56,60.36,76.02,77.88
81.37,81.37,60.29,75.81,78.40
81.30,81.30,60.24,76.74,78.47
81.20,81.20,55.25,75.52,78.75
79.61,79.61,58.63,76.27,81.12
82.21,82.21,65.21,74.17,80.03
81.51,81.51,62.01,77.43,79.64
81.72,81.72,56.88,74.16,80.23
80.59,80.59,53.15,75.92,78.25
80.80,80.80,57.23,76.87,80.57
80.35,80.35,54.08,77.33,78.65
77.87,77.87,55.31,75.83,78.22
80.82,80.82,66.70,76.97,80.31
81.23,81.23,75.80,72.81,76.72
80.05,80.05,90.06,72.05,78.22
80.89,80.89,81.03,71.28,78.62
80.36,80.36,74.10,70.19,79.80
79.38,79.38,70.66,69.52,80.55
78.92,78.92,71.46,73.98,81.79
78.70,78.70,66.68,75.58,81.17
82.15,82.15,61.18,74.77,79.31
81.39,81.39,63.08,75.92,79.73
82.06,82.06,61.85,77.53,81.22
82.77,82.77,50.38,77.55,81.14
82.90,82.90,48.14,76.39,79.56
82.24,82.24,49.53,78.52,79.33
81.93,81.93,45.13,75.35,80.79
82.07,82.07,46.09,77.78,79.18
81.48,81.48,40.87,75.86,80.56
82.46,82.46,46.90,78.28,78.69
81.96,81.96,61.55,74.47,77.44
81.67,81.67,72.74,69.59,78.52
80.28,80.28,78.09,61.06,76.25
81.39,81.39,89.34,63.64,76.19
82.97,82.97,77.01,66.35,76.56
83.99,83.99,82.68,70.28,77.31
82.20,82.20,77.43,70.27,78.50
83.55,83.55,79.38,73.90,76.86
82.06,82.06,77.31,75.93,79.21
82.52,82.52,75.52,75.26,78.63
82.07,82.07,61.83,70.72,78.24
83.81,83.81,66.53,68.11,78.39
83.66,83.66,62.73,65.88,77.17
83.32,83.32,62.48,64.99,81.84
84.85,84.85,68.21,69.83,81.89
84.37,84.37,56.94,71.30,79.16
81.55,81.55,60.10,72.20,80.09
83.26,83.26,57.65,65.10,76.86
81.97,81.97,60.21,61.82,80.43
82.13,82.13,64.96,53.03,78.04
82.08,82.08,62.63,52.28,80.01
81.36,81.36,73.70,50.14,78.05
78.86,78.86,77.09,56.29,78.63
79.96,79.96,90.41,54.51,77.44
80.00,80.00,89.21,66.65,79.64
82.39,82.39,81.26,73.30,78.64
82.53,82.53,75.82,71.36,79.48
82.09,82.09,78.97,72.61,78.42
83.11,83.11,67.54,75.23,78.89
83.71,83.71,62.75,73.02,78.80
82.42,82.42,70.26,71.97,75.80
82.77,82.77,73.10,74.81,76.79
84.00,84.00,64.04,74.61,77.73
82.66,82.66,59.74,73.98,75.83
83.62,83.62,62.39,78.28,80.61
84.40,84.40,59.56,76.20,78.43
84.63,84.63,57.14,75.14,78.49
83.04,83.04,50.00,72.45,75.67
82.03,82.03,64.81,75.06,77.60
82.02,82.02,64.92,78.76,77.47
83.09,83.09,60.61,77.60,79.13
83.49,83.49,59.99,78.28,80.00
81.98,81.98,61.02,77.24,79.33
81.87,81.87,56.03,72.70,83.28
81.38,81.38,50.16,73.59,82.73
81.07,81.07,54.70,76.85,81.07
80.26,80.26,44.53,71.15,81.29
80.47,80.47,48.32,60.79,82.47
80.63,80.63,48.88,62.12,82.10
80.75,80.75,47.18,55.32,80.81
80.41,80.41,51.47,66.90,81.18
81.03,81.03,58.46,72.25,80.85
80.55,80.55,50.44,71.39,81.67
82.96,82.96,49.80,70.87,82.47
81.80,81.80,52.78,73.32,83.38
83.53,83.53,44.57,71.67,81.86
82.98,82.98,41.93,68.16,80.48
82.86,82.86,44.24,69.50,82.32
82.71,82.71,51.75,72.86,79.77
80.64,80.64,63.52,69.78,78.04
80.52,80.52,71.32,67.99,79.17
81.84,81.84,80.48,68.84,77.06
77.88,77.88,90.29,70.78,79.42
79.08,79.08,80.41,69.48,77.33
82.25,82.25,78.59,67.52,77.90
79.92,79.92,78.14,74.99,77.15
71.86,71.86,74.20,76.15,74.97
73.27,73.27,70.63,72.59,74.25
71.06,71.06,62.96,74.37,75.27
68.81,68.81,62.76,76.89,75.97
65.78,65.78,55.03,75.24,75.79
71.88,71.88,52.73,76.08,74.68
80.38,80.38,48.15,77.91,76.72
86.65,86.65,47.57,78.22,75.64
80.79,80.79,44.00,76.79,76.07
70.03,70.03,39.80,78.14,79.04
73.24,73.24,39.05,78.46,79.59
72.56,72.56,44.43,76.99,77.93
75.70,75.70,55.41,77.39,79.20
75.26,75.26,63.24,77.85,79.92
74.64,74.64,66.99,72.39,79.81
73.01,73.01,74.85,66.37,78.32
75.22,75.22,88.80,69.46,78.03
72.21,72.21,88.07,70.92,78.34
77.56,77.56,82.28,72.32,78.31
79.35,79.35,76.13,71.84,79.49
82.09,82.09,73.03,74.94,80.50
84.04,84.04,66.72,73.34,79.92
83.89,83.89,61.17,73.73,81.34
80.69,80.69,63.69,74.45,79.12
76.35,76.35,62.34,77.19,78.59
78.19,78.19,61.36,77.37,79.96
79.89,79.89,50.22,77.11,81.74
76.97,76.97,52.57,75.00,82.24
80.87,80.87,45.98,73.18,81.42
80.44,80.44,52.79,76.45,79.48
76.18,76.18,51.08,76.81,80.87
80.60,80.60,52.60,75.10,79.06
77.68,77.68,67.24,74.29,77.82
80.54,80.54,71.79,70.55,77.75
78.08,78.08,81.69,65.35,76.34
79.23,79.23,91.88,66.15,74.05
80.29,80.29,86.84,68.36,78.27
81.86,81.86,84.32,67.47,78.49
79.26,79.26,75.75,72.04,80.05
80.87,80.87,75.14,72.78,80.41
79.83,79.83,75.33,73.87,78.43
81.00,81.00,67.58,75.67,79.35
80.09,80.09,65.54,75.01,79.68
82.05,82.05,66.50,78.04,81.02
81.29,81.29,63.53,78.96,79.78
82.30,82.30,60.41,78.27,78.81
82.98,82.98,53.66,77.24,78.96
81.48,81.48,62.61,79.02,79.91
82.62,82.62,62.45,77.60,78.44
81.53,81.53,56.47,76.25,77.97
82.97,82.97,52.38,76.76,75.23
82.71,82.71,61.50,78.75,77.14
81.69,81.69,53.20,76.39,81.06
82.29,82.29,52.81,73.81,77.52
83.77,83.77,53.28,75.06,79.70
82.65,82.65,49.47,76.99,79.29
85.19,85.19,50.46,77.10,80.32
83.59,83.59,49.84,76.26,78.91
82.15,82.15,46.78,78.38,78.89
83.17,83.17,49.24,78.03,81.14
83.84,83.84,49.38,78.23,80.53
84.61,84.61,43.18,78.06,80.17
83.47,83.47,41.09,76.67,79.54
83.54,83.54,45.32,75.87,76.87
84.08,84.08,43.94,76.73,79.00
83.76,83.76,43.87,77.89,77.76
84.22,84.22,46.99,77.64,78.47
83.87,83.87,49.07,77.33,78.54
82.98,82.98,41.94,78.00,78.22
84.86,84.86,45.04,76.34,78.24
84.41,84.41,47.15,75.57,78.99
84.40,84.40,53.82,74.77,76.36
84.00,84.00,67.96,76.71,76.53
83.21,83.21,79.05,75.64,75.19
81.87,81.87,90.73,68.63,75.98
83.62,83.62,84.10,70.88,77.39
85.88,85.88,75.99,68.18,79.61
85.79,85.79,72.91,67.60,79.35
84.24,84.24,70.25,66.86,79.11
84.47,84.47,69.77,64.19,79.11
85.45,85.45,63.41,62.93,80.30
85.11,85.11,64.06,64.33,79.16
85.77,85.77,61.35,64.75,81.50
85.74,85.74,57.26,63.24,78.61
84.18,84.18,56.52,64.26,78.83
83.91,83.91,55.89,64.28,80.35
84.46,84.46,54.99,64.03,79.68
84.72,84.72,54.86,62.70,81.58
84.23,84.23,54.10,64.28,82.84
85.05,85.05,54.30,64.33,81.26
83.86,83.86,54.70,62.56,82.40
83.15,83.15,63.55,63.02,82.00
82.87,82.87,72.82,66.80,81.02
82.08,82.08,86.00,69.94,79.83
81.80,81.80,89.43,63.86,80.46
83.55,83.55,84.24,68.00,79.24
80.92,80.92,82.27,72.36,78.12
81.40,81.40,74.75,72.29,79.24
81.28,81.28,79.55,72.51,79.41
80.36,80.36,73.64,76.21,77.56
82.79,82.79,69.20,76.78,79.31
81.63,81.63,68.88,74.31,81.02
77.21,77.21,68.89,77.11,78.74
79.18,79.18,72.64,74.29,80.00
79.72,79.72,83.02,74.29,78.40
79.19,79.19,89.17,73.95,76.90
79.66,79.66,87.75,70.83,78.79
79.03,79.03,82.76,70.40,80.59
79.12,79.12,85.61,74.63,78.38
79.74,79.74,85.78,73.97,79.42
79.77,79.77,81.90,70.62,77.43
76.51,76.51,78.78,69.32,79.23
77.66,77.66,83.46,67.21,79.28
79.27,79.27,86.28,64.89,80.55
81.70,81.70,87.51,75.96,83.58
80.58,80.58,77.81,75.95,83.11
79.92,79.92,81.54,75.91,85.48
77.35,77.35,76.96,77.52,86.63
76.24,76.24,65.53,77.03,86.11
76.48,76.48,64.07,74.56,85.31
75.36,75.36,72.95,69.94,83.58
74.57,74.57,62.17,70.16,85.20
75.64,75.64,64.71,67.75,83.77
80.77,80.77,68.79,67.40,83.38
80.17,80.17,62.96,68.81,82.98
80.95,80.95,59.20,68.36,82.50
80.09,80.09,58.45,68.53,83.36
77.81,77.81,63.17,71.76,83.10
79.60,79.60,67.06,73.67,83.40
78.94,78.94,57.44,69.53,79.14
81.39,81.39,53.00,71.42,82.17
81.89,81.89,55.11,75.07,80.96
78.98,78.98,59.61,75.39,81.93
77.06,77.06,56.50,74.52,79.71
80.06,80.06,50.95,73.01,76.94
79.01,79.01,51.53,71.39,76.58
80.92,80.92,51.54,71.34,78.60
81.63,81.63,52.90,71.63,75.65
80.36,80.36,51.10,75.24,77.56
80.35,80.35,50.82,73.85,76.50
80.14,80.14,50.60,68.30,76.42
78.47,78.47,48.27,68.11,80.09
77.54,77.54,47.73,69.43,81.20
78.54,78.54,48.84,67.77,79.83
83.33,83.33,52.22,72.91,78.27
77.82,77.82,54.36,73.13,78.63
78.53,78.53,56.34,70.75,80.42
77.48,77.48,55.08,68.79,79.03
74.17,74.17,52.11,72.43,77.57
70.24,70.24,53.68,73.01,80.70
69.29,69.29,57.84,70.79,78.57
69.76,69.76,64.76,68.88,79.22
77.17,77.17,72.50,72.00,78.97
78.92,78.92,87.53,72.35,78.31
81.46,81.46,83.10,75.26,76.69
79.50,79.50,73.23,74.07,84.20
78.48,78.48,71.44,66.79,84.57
79.38,79.38,67.07,71.96,84.38
82.26,82.26,65.26,68.61,83.33
80.74,80.74,66.61,63.13,84.06
81.39,81.39,64.86,66.69,82.91
76.64,76.64,63.41,68.76,83.17
73.08,73.08,57.86,70.98,83.25
66.78,66.78,56.32,68.97,81.95
64.78,64.78,54.86,69.06,83.11
71.03,71.03,52.37,66.75,80.94
73.61,73.61,48.11,65.83,83.80
86.21,86.21,49.09,68.82,81.53
86.25,86.25,48.70,69.51,83.30
85.15,85.15,50.16,70.94,82.74
83.17,83.17,52.77,69.26,83.31
82.54,82.54,52.92,68.39,82.29
76.31,76.31,53.56,72.07,80.82
69.99,69.99,56.21,73.14,83.49
70.85,70.85,60.01,76.11,81.14
71.81,71.81,67.20,77.47,81.41
72.24,72.24,65.54,77.12,78.79
74.63,74.63,58.33,74.93,81.48
75.43,75.43,55.12,74.16,80.35
75.64,75.64,45.31,67.18,79.30
79.91,79.91,49.53,65.96,78.72
82.37,82.37,56.06,72.60,79.85
84.82,84.82,55.18,71.75,81.50
84.42,84.42,51.69,68.48,80.72
82.87,82.87,45.24,72.51,81.17
81.64,81.64,40.82,72.54,83.84
82.72,82.72,39.45,71.95,80.21
82.73,82.73,38.02,73.10,81.80
81.98,81.98,43.98,72.26,79.84
81.18,81.18,53.86,65.04,82.46
81.37,81.37,67.35,62.67,79.64
75.17,75.17,74.63,62.98,76.12
75.23,75.23,89.16,67.90,79.85
65.26,65.26,91.95,70.81,76.53
58.56,58.56,82.98,71.14,77.72
61.55,61.55,85.42,73.66,76.01
57.91,57.91,80.91,76.28,78.34
53.67,53.67,77.36,75.96,76.03
58.87,58.87,74.09,72.15,75.68
64.93,64.93,63.69,70.73,73.80
76.40,76.40,69.50,74.38,78.89
81.10,81.10,65.19,75.92,77.74
78.20,78.20,67.32,75.99,75.94
78.59,78.59,61.00,75.24,75.19
78.20,78.20,52.22,74.93,80.16
78.49,78.49,61.48,74.08,79.75
78.18,78.18,59.67,74.59,76.04
78.87,78.87,64.39,76.30,77.80
79.62,79.62,64.95,74.13,79.24
79.86,79.86,68.89,73.04,79.43
80.20,80.20,67.52,74.17,76.96
81.11,81.11,65.17,75.11,75.94
81.52,81.52,49.57,72.49,76.51
81.94,81.94,49.67,69.53,77.66
81.48,81.48,56.92,77.68,77.89
81.53,81.53,62.74,80.06,80.38
80.85,80.85,49.98,79.26,82.95
81.15,81.15,59.39,79.14,81.65
80.42,80.42,59.23,75.98,80.05
80.08,80.08,60.78,75.53,82.72
80.23,80.23,52.26,74.26,81.81
79.96,79.96,56.20,73.13,81.82
80.16,80.16,57.26,72.02,81.34
81.09,81.09,54.28,73.73,83.97
78.70,78.70,58.58,72.64,80.58
80.29,80.29,58.29,73.43,81.80
79.59,79.59,56.21,75.02,82.34
81.60,81.60,56.51,75.31,80.73
79.31,79.31,63.52,73.56,80.91
74.47,74.47,67.52,72.33,76.81
65.78,65.78,77.71,71.10,77.75
65.13,65.13,91.31,67.39,78.09
67.61,67.61,80.49,65.93,78.35
70.67,70.67,82.05,62.81,79.27
72.21,72.21,81.22,59.69,81.39
70.22,70.22,70.45,58.45,81.05
81.75,81.75,65.68,65.59,80.68
83.19,83.19,66.24,67.81,83.77
81.88,81.88,66.29,67.35,85.16
80.69,80.69,57.66,65.78,80.75
80.25,80.25,54.19,64.02,81.50
76.60,76.60,52.90,63.96,83.43
76.58,76.58,51.16,66.47,82.11
75.36,75.36,50.84,66.31,82.16
75.36,75.36,49.16,67.55,80.56
77.42,77.42,44.48,69.56,80.71
75.65,75.65,41.56,69.60,81.14
65.63,65.63,42.77,71.69,80.82
67.53,67.53,55.81,72.37,81.98
59.07,59.07,61.85,69.31,81.23
59.66,59.66,69.26,65.79,80.17
60.64,60.64,77.18,63.74,78.14
65.44,65.44,88.97,60.56,78.55
73.53,73.53,86.98,66.26,80.81
78.05,78.05,85.25,73.33,81.57
84.84,84.84,78.02,73.34,82.71
86.22,86.22,74.29,76.68,80.64
84.58,84.58,72.81,77.60,84.77
83.72,83.72,73.51,75.45,81.15
83.34,83.34,67.35,76.77,81.44
83.62,83.62,66.37,75.22,84.28
84.37,84.37,64.12,66.88,83.05
85.92,85.92,64.90,60.76,81.55
85.38,85.38,61.52,68.25,81.54
83.77,83.77,59.41,70.15,81.63
82.84,82.84,53.39,68.95,78.15
81.70,81.70,47.37,67.51,81.49
79.94,79.94,45.44,72.30,79.15
80.12,80.12,64.56,72.61,79.83
80.83,80.83,71.44,66.45,74.78
82.39,82.39,79.94,64.50,79.42
83.21,83.21,90.58,68.92,78.84
81.63,81.63,87.19,67.32,76.88
76.85,76.85,79.36,71.07,80.94
67.46,67.46,78.30,71.28,79.23
73.06,73.06,68.63,72.43,82.24
75.87,75.87,66.71,66.92,80.43
76.13,76.13,68.48,77.44,79.91
75.21,75.21,62.46,76.40,79.80
71.38,71.38,64.22,76.98,79.10
66.48,66.48,54.31,81.43,79.12
65.69,65.69,62.10,77.89,77.59
67.38,67.38,59.28,77.26,80.32
82.77,82.77,60.01,77.73,80.04
86.01,86.01,51.92,72.17,77.68
86.34,86.34,50.90,77.05,80.52
85.88,85.88,51.45,76.17,77.71
84.25,84.25,45.86,74.05,77.41
82.48,82.48,51.07,77.83,78.19
83.04,83.04,43.88,72.83,79.44
84.85,84.85,43.11,74.42,78.14
84.78,84.78,46.87,77.53,79.10
84.54,84.54,50.45,79.58,79.80
84.27,84.27,44.40,75.02,77.10
84.36,84.36,43.62,78.01,79.49
84.61,84.61,39.06,75.02,80.32
84.10,84.10,37.45,73.09,78.01
85.00,85.00,38.39,77.16,77.38
85.54,85.54,36.28,77.42,77.09
86.21,86.21,35.02,75.47,77.10
87.01,87.01,35.09,77.89,78.77
86.97,86.97,33.08,74.39,74.94
86.35,86.35,34.36,78.90,77.32
85.98,85.98,33.04,78.64,77.45
86.67,86.67,31.88,76.57,77.66
87.46,87.46,34.06,73.77,79.10
87.73,87.73,42.36,77.77,76.90
87.81,87.81,54.99,79.02,74.99
86.68,86.68,65.64,79.25,76.84
80.26,80.26,74.38,78.53,77.45
73.66,73.66,90.41,75.44,80.31
76.58,76.58,83.24,75.95,77.79
79.75,79.75,75.27,76.22,77.53
79.31,79.31,74.43,76.14,81.45
75.08,75.08,64.89,77.78,78.20
75.95,75.95,67.81,76.43,77.97
75.91,75.91,65.55,75.74,80.18
74.61,74.61,58.48,78.38,76.43
81.06,81.06,60.75,77.03,80.37
78.96,78.96,57.97,78.38,80.22
78.19,78.19,48.70,78.28,79.60
79.80,79.80,45.41,76.99,81.57
77.84,77.84,45.06,73.13,80.10
78.60,78.60,40.87,78.14,81.43
78.14,78.14,45.11,76.12,77.68
76.42,76.42,40.07,75.41,76.42
74.65,74.65,38.99,78.86,75.79
75.28,75.28,40.26,75.34,77.51
77.40,77.40,48.20,72.82,75.83
77.66,77.66,63.57,71.73,77.71
79.69,79.69,70.46,67.34,74.81
78.48,78.48,80.91,65.24,74.46
79.80,79.80,86.18,68.74,74.73
80.83,80.83,81.97,69.15,77.12
80.32,80.32,77.19,72.03,75.59
80.49,80.49,66.75,68.53,74.99
80.90,80.90,71.54,76.15,75.64
80.23,80.23,67.31,77.95,71.79
79.09,79.09,55.81,78.58,73.08
78.56,78.56,52.71,76.15,73.52
78.18,78.18,57.35,78.15,75.96
73.86,73.86,56.15,76.81,74.27
70.23,70.23,51.90,76.80,74.86
68.87,68.87,42.47,78.90,74.98
72.56,72.56,40.88,75.96,74.48
77.63,77.63,40.14,74.66,75.12
77.76,77.76,48.51,78.37,76.00
77.26,77.26,58.68,76.70,73.37
76.40,76.40,69.99,73.22,73.17
74.80,74.80,80.64,69.44,75.32
74.59,74.59,91.63,64.70,74.92
78.50,78.50,89.92,68.16,77.86
77.21,77.21,83.28,72.68,78.40
82.51,82.51,80.46,72.91,78.17
80.79,80.79,75.98,75.58,77.81
76.14,76.14,66.81,74.64,75.63
79.71,79.71,63.43,71.14,74.50
78.82,78.82,62.62,74.53,76.25
77.67,77.67,62.43,75.73,78.48
79.18,79.18,67.37,73.84,77.53
80.18,80.18,55.27,72.91,80.49
82.27,82.27,52.26,72.92,77.32
82.50,82.50,46.48,71.55,77.43
84.14,84.14,55.69,74.17,75.93
81.99,81.99,52.40,73.82,79.47
79.19,79.19,45.40,73.60,77.63
79.25,79.25,57.81,70.70,77.71
80.59,80.59,67.39,69.70,78.08
81.27,81.27,76.17,72.04,76.69
78.87,78.87,86.37,67.54,78.01
79.70,79.70,92.59,64.46,71.25
80.62,80.62,82.28,63.56,77.82
77.61,77.61,87.99,66.03,77.73
77.84,77.84,77.72,75.45,77.33
79.19,79.19,76.88,76.51,77.66
77.99,77.99,65.04,77.65,78.48
78.14,78.14,61.12,77.18,73.12
78.31,78.31,67.16,74.14,77.33
78.98,78.98,63.45,72.14,76.38
78.28,78.28,55.08,74.62,77.18
79.91,79.91,56.05,76.04,76.46
80.70,80.70,54.29,76.51,77.87
80.78,80.78,59.87,75.79,79.23
79.76,79.76,58.86,74.17,78.84
81.37,81.37,52.90,73.46,80.55
79.61,79.61,57.93,72.59,79.32
79.31,79.31,65.77,68.67,78.95
80.15,80.15,73.86,61.61,79.25
78.95,78.95,89.71,55.66,81.52
81.16,81.16,80.49,69.09,79.27
81.22,81.22,75.85,75.51,77.87
83.58,83.58,72.43,75.41,79.71
83.72,83.72,71.96,73.21,80.19
84.74,84.74,66.35,74.83,81.01
84.72,84.72,63.76,70.34,76.34
82.35,82.35,62.94,68.31,78.80
80.96,80.96,62.93,69.94,82.11
80.49,80.49,58.33,70.42,83.27
81.99,81.99,55.68,64.90,80.01
80.77,80.77,55.39,63.70,81.83
80.56,80.56,56.19,65.45,81.74
81.78,81.78,54.72,61.10,81.94
80.62,80.62,55.42,61.89,81.80
76.27,76.27,55.06,55.24,79.91
78.80,78.80,55.49,53.33,83.83
81.51,81.51,58.90,58.07,80.77
72.44,72.44,71.99,64.72,79.93
74.61,74.61,74.43,63.04,77.21
82.67,82.67,91.32,65.42,74.70
82.25,82.25,89.71,67.00,76.47
83.93,83.93,81.62,65.46,75.91
82.33,82.33,83.42,66.81,79.02
84.02,84.02,72.77,67.96,82.01
78.86,78.86,79.78,67.45,80.83
80.48,80.48,68.60,67.81,79.57
82.40,82.40,66.14,65.81,83.78
82.85,82.85,67.86,66.35,82.23
81.21,81.21,70.06,65.63,80.63
79.78,79.78,80.57,66.37,81.86
79.76,79.76,85.58,70.68,83.54
81.21,81.21,81.42,72.87,83.87
81.52,81.52,81.97,70.95,81.67
81.17,81.17,80.46,67.60,81.56
79.54,79.54,81.08,68.30,79.93
80.08,80.08,79.49,67.51,78.21
77.53,77.53,75.85,62.19,78.46
76.99,76.99,77.50,60.16,77.62
79.86,79.86,76.97,55.42,76.51
77.81,77.81,87.86,66.48,78.30
78.06,78.06,90.13,69.16,79.89
76.91,76.91,84.86,71.61,80.30
76.69,76.69,80.12,70.70,83.69
74.65,74.65,75.52,69.98,84.85
78.54,78.54,74.97,69.78,83.34
76.41,76.41,63.38,66.97,82.79
76.20,76.20,66.89,68.60,82.06
77.93,77.93,69.28,70.61,83.30
75.10,75.10,67.10,69.18,81.91
74.06,74.06,63.31,67.55,82.75
76.51,76.51,67.14,69.41,81.67
74.19,74.19,70.42,68.94,79.94
71.99,71.99,72.10,70.52,81.38
73.15,73.15,67.44,69.02,80.93
70.17,70.17,70.39,69.66,81.01
68.70,68.70,68.02,70.52,80.98
68.08,68.08,69.44,68.32,80.47
71.25,71.25,58.67,64.26,82.83
70.19,70.19,62.01,69.29,81.30
81.40,81.40,64.88,70.15,81.67
85.26,85.26,66.98,66.53,81.01
84.01,84.01,64.00,63.93,82.14
82.30,82.30,58.67,64.40,82.41
84.29,84.29,57.39,64.62,82.16
85.01,85.01,65.91,64.29,80.43
84.35,84.35,61.95,66.21,80.76
84.61,84.61,58.60,67.89,82.44
84.30,84.30,58.64,72.73,79.49
83.84,83.84,56.09,68.43,79.65
84.67,84.67,52.24,72.79,78.91
85.46,85.46,53.05,71.27,77.56
85.97,85.97,57.15,72.16,80.87
84.79,84.79,52.12,70.53,79.02
76.81,76.81,53.61,70.34,80.48
72.09,72.09,54.16,67.35,80.52
73.39,73.39,53.61,69.18,79.77
69.49,69.49,65.43,65.73,80.59
67.25,67.25,73.64,71.12,79.21
73.16,73.16,81.91,65.93,78.30
80.92,80.92,85.28,69.06,79.89
79.85,79.85,80.33,70.25,81.97
79.30,79.30,81.51,72.52,81.55
81.62,81.62,77.05,71.81,82.69
83.69,83.69,68.94,70.77,82.31
84.78,84.78,72.37,69.57,83.01
84.79,84.79,67.45,75.62,82.99
85.32,85.32,55.71,73.91,81.68
85.67,85.67,55.79,76.22,78.88
84.80,84.80,53.92,75.46,79.51
85.41,85.41,48.97,75.07,80.46
86.08,86.08,50.08,77.96,80.51
86.60,86.60,49.80,75.95,79.64
85.25,85.25,48.51,78.34,80.60
85.63,85.63,47.24,76.84,81.04
84.93,84.93,46.93,77.66,79.36
80.33,80.33,46.11,76.39,79.70
77.33,77.33,44.94,77.16,79.90
75.91,75.91,47.86,75.88,78.14
76.72,76.72,48.65,76.07,78.42
79.40,79.40,48.57,72.08,79.43
83.26,83.26,48.77,76.67,80.12
83.18,83.18,46.32,77.57,79.78
80.86,80.86,47.88,73.46,76.82
83.70,83.70,47.14,76.13,78.82
83.76,83.76,42.38,76.53,79.77
83.28,83.28,42.70,76.66,78.79
84.47,84.47,44.28,75.97,79.60
82.42,82.42,45.46,76.27,79.22
82.50,82.50,43.03,75.98,78.97
82.00,82.00,40.52,77.86,80.49
84.39,84.39,44.24,74.99,80.46
84.17,84.17,42.70,77.24,79.58
83.35,83.35,39.48,75.93,80.12
82.74,82.74,36.76,76.10,79.47
81.80,81.80,37.34,76.18,80.62
81.98,81.98,48.14,74.63,80.34
80.35,80.35,62.45,74.24,80.00
81.97,81.97,69.38,62.92,75.88
84.30,84.30,80.19,61.85,79.24
83.34,83.34,90.43,65.40,77.95
83.02,83.02,87.48,64.88,80.41
84.78,84.78,80.28,65.99,80.69
83.09,83.09,82.59,67.06,80.14
82.50,82.50,78.80,69.36,79.85
82.05,82.05,63.31,68.77,81.00
81.72,81.72,61.02,66.84,81.23
82.39,82.39,66.84,65.28,79.73
83.16,83.16,73.22,57.44,82.59
84.21,84.21,68.26,57.31,82.00
81.30,81.30,66.43,56.55,83.36
81.31,81.31,61.60,60.77,83.00
78.81,78.81,61.38,62.71,82.59
78.87,78.87,65.77,60.10,82.37
76.37,76.37,74.87,62.63,80.72
74.02,74.02,70.97,64.65,81.66
72.41,72.41,67.88,65.13,78.58
74.14,74.14,60.62,66.09,76.70
78.16,78.16,67.14,70.72,76.37
81.26,81.26,64.92,68.79,77.02
84.51,84.51,65.88,65.59,79.70
83.68,83.68,63.18,68.98,80.96
83.07,83.07,57.16,73.97,79.93
81.93,81.93,55.99,72.59,80.38
81.81,81.81,57.59,70.58,83.13
81.32,81.32,57.67,71.49,81.30
82.25,82.25,58.86,75.59,83.20
82.61,82.61,58.19,72.33,81.27
83.23,83.23,60.82,74.96,79.66
79.02,79.02,61.68,74.03,84.51
69.91,69.91,59.46,73.89,80.63
65.65,65.65,59.61,73.20,82.30
65.87,65.87,61.08,70.97,81.90
65.71,65.71,60.54,73.56,78.36
66.44,66.44,53.13,71.64,81.98
67.35,67.35,55.18,71.40,79.67
68.25,68.25,64.89,71.23,80.87
67.97,67.97,70.50,70.56,77.68
70.34,70.34,71.80,68.57,77.10
75.92,75.92,88.73,70.41,81.67
82.95,82.95,80.87,72.12,79.42
84.40,84.40,69.00,68.25,74.54
85.16,85.16,66.63,67.72,80.28
83.42,83.42,64.94,69.15,82.76
84.67,84.67,65.15,75.40,82.17
84.32,84.32,60.15,71.44,83.63
83.85,83.85,57.83,68.50,83.52
84.46,84.46,54.08,72.72,83.97
85.19,85.19,51.85,67.41,86.15
86.36,86.36,50.80,71.20,82.25
85.31,85.31,46.32,70.76,83.05
84.95,84.95,44.14,68.72,84.10
84.33,84.33,43.70,72.17,82.32
84.47,84.47,42.03,67.01,83.07
84.65,84.65,40.14,70.59,82.81
85.33,85.33,42.58,70.50,81.85
83.60,83.60,53.34,64.77,85.24
83.14,83.14,62.63,65.39,82.18
84.08,84.08,69.13,63.85,81.60
81.00,81.00,80.30,62.33,82.58
79.81,79.81,90.88,57.25,79.86
82.88,82.88,89.68,61.36,80.62
81.99,81.99,79.93,74.55,82.46
81.35,81.35,81.27,75.55,79.53
78.09,78.09,81.05,68.44,79.60
77.18,77.18,68.64,75.36,81.49
77.66,77.66,70.89,78.69,83.27
78.12,78.12,63.85,76.18,81.56
77.71,77.71,65.12,70.28,84.15
78.77,78.77,53.97,74.73,81.43
79.14,79.14,65.38,76.72,80.01
80.13,80.13,52.11,78.23,81.65
73.35,73.35,57.78,76.75,81.12
69.02,69.02,63.73,71.59,79.35
74.44,74.44,57.60,69.09,83.70
73.70,73.70,54.34,66.26,80.78
73.81,73.81,62.99,58.50,81.88
69.47,69.47,73.31,48.06,82.45
63.66,63.66,81.92,60.83,78.32
64.08,64.08,91.32,66.62,79.48
63.85,63.85,87.10,71.25,83.14
60.62,60.62,77.81,75.54,84.32
59.79,59.79,83.41,76.62,84.02
58.22,58.22,75.09,76.19,84.17
59.24,59.24,69.09,73.38,83.20
61.26,61.26,66.06,71.93,82.47
60.42,60.42,65.65,72.07,80.27
62.89,62.89,64.01,71.68,81.74
64.37,64.37,68.62,77.60,81.54
64.52,64.52,61.30,76.31,79.09
67.66,67.66,60.16,75.23,80.65
68.53,68.53,59.63,75.50,80.58
67.53,67.53,62.89,76.03,79.00
68.60,68.60,60.60,74.08,80.52
64.50,64.50,58.08,73.14,78.83
60.19,60.19,57.72,71.16,76.95
63.13,63.13,56.97,70.30,79.65
72.93,72.93,57.51,66.69,77.69
77.52,77.52,57.36,66.40,74.96
82.39,82.39,58.16,66.79,77.87
86.16,86.16,57.34,67.22,78.30
84.00,84.00,56.77,68.20,79.67
84.45,84.45,56.09,68.94,78.36
82.54,82.54,54.12,71.87,80.51
83.98,83.98,53.45,73.13,78.04
83.43,83.43,52.42,73.05,79.44
84.21,84.21,54.00,74.91,79.43
83.06,83.06,50.42,74.98,77.96
84.00,84.00,50.60,76.44,77.20
83.04,83.04,52.57,76.82,76.77
83.24,83.24,50.47,74.83,77.30
82.84,82.84,49.25,75.23,77.32
84.63,84.63,47.87,75.78,77.42
84.01,84.01,47.60,76.12,77.78
80.60,80.60,47.33,76.14,78.11
79.31,79.31,50.87,72.99,77.47
77.08,77.08,64.84,73.62,78.82
77.62,77.62,70.22,72.68,77.66
77.60,77.60,82.95,61.79,79.25
76.44,76.44,87.52,60.83,79.13
79.63,79.63,79.27,63.00,82.46
82.37,82.37,80.76,61.47,81.48
84.64,84.64,73.22,65.47,81.10
84.15,84.15,64.17,64.65,78.17
83.91,83.91,67.13,68.51,80.67
84.49,84.49,64.20,72.49,82.86
84.16,84.16,58.14,75.79,82.52
84.28,84.28,54.13,73.93,81.28
84.87,84.87,52.07,70.96,82.27
84.00,84.00,49.02,70.70,83.21
84.09,84.09,47.50,71.36,81.92
83.87,83.87,46.29,69.98,81.16
83.85,83.85,47.81,70.01,80.15
85.45,85.45,46.07,67.75,78.98
84.03,84.03,43.23,73.93,78.72
82.59,82.59,48.19,76.22,79.51
78.44,78.44,64.63,74.81,77.35
78.54,78.54,69.41,70.15,72.81
78.12,78.12,78.31,65.88,77.77
79.60,79.60,88.85,63.53,79.10
78.59,78.59,87.99,60.61,77.18
83.91,83.91,83.41,70.61,79.95
85.27,85.27,79.93,68.83,79.35
82.39,82.39,79.39,72.81,82.20
85.00,85.00,73.44,78.38,77.85
81.95,81.95,68.51,75.48,79.45
81.69,81.69,73.90,73.81,81.13
81.17,81.17,62.70,79.12,81.17
82.09,82.09,68.73,76.52,81.76
81.49,81.49,64.92,79.41,81.90
82.75,82.75,59.68,78.70,80.06
82.88,82.88,56.43,76.81,80.55
83.49,83.49,47.48,79.78,81.30
84.40,84.40,55.91,78.57,79.76
83.67,83.67,48.97,79.14,81.00
82.74,82.74,54.41,77.33,79.03
83.66,83.66,69.25,77.30,80.24
82.73,82.73,72.35,64.80,78.03
80.26,80.26,83.46,61.80,77.81
81.39,81.39,91.30,71.45,77.85
83.39,83.39,85.25,74.69,79.44
83.41,83.41,85.08,76.31,80.71
84.15,84.15,79.09,76.54,79.08
84.48,84.48,72.54,73.76,78.78
85.35,85.35,67.91,74.97,79.79
84.05,84.05,71.44,75.69,80.10
86.54,86.54,57.56,78.49,81.60
86.34,86.34,66.78,81.30,81.75
86.31,86.31,63.66,80.22,80.69
86.47,86.47,59.72,79.34,79.07
85.98,85.98,60.38,79.41,79.14
83.71,83.71,53.63,79.79,78.38
79.37,79.37,61.62,80.27,77.53
73.57,73.57,55.99,79.45,78.25
72.38,72.38,58.52,80.55,78.19
74.32,74.32,59.87,80.28,75.58
73.20,73.20,69.10,78.97,75.54
74.22,74.22,79.49,75.83,78.09
78.01,78.01,85.89,73.08,78.69
78.12,78.12,77.20,74.77,80.11
82.11,82.11,77.51,74.30,78.09
81.24,81.24,71.82,74.44,82.66
81.60,81.60,64.64,74.27,80.13
81.25,81.25,60.61,73.52,81.19
78.66,78.66,59.62,72.83,79.10
78.10,78.10,59.08,73.05,79.94
79.69,79.69,52.32,73.22,79.76
82.86,82.86,54.12,75.32,80.88
81.23,81.23,54.48,74.51,83.65
80.62,80.62,51.63,73.41,82.25
80.52,80.52,47.63,72.52,83.10
81.30,81.30,47.71,69.07,84.12
79.75,79.75,44.28,67.60,81.64
79.25,79.25,42.82,67.64,80.66
79.00,79.00,51.15,69.67,82.36
78.38,78.38,62.93,69.97,80.79
77.86,77.86,72.80,66.86,80.15
81.40,81.40,76.19,69.92,80.79
82.51,82.51,87.31,73.78,80.02
79.06,79.06,87.15,74.32,77.83
79.52,79.52,84.56,75.73,79.80
81.76,81.76,82.69,75.61,79.61
80.12,80.12,83.25,75.77,78.71
77.64,77.64,84.64,72.23,78.58
80.65,80.65,82.27,70.48,78.00
80.26,80.26,79.48,68.00,79.74
80.81,80.81,76.23,75.44,79.34
81.13,81.13,79.47,75.07,80.44
80.57,80.57,80.11,74.48,81.11
78.88,78.88,76.85,77.11,81.13
80.15,80.15,71.60,73.79,79.00
78.68,78.68,68.29,75.85,78.53
78.51,78.51,70.29,74.95,77.37
80.29,80.29,73.45,76.89,79.75
81.82,81.82,71.07,75.59,78.32
83.67,83.67,67.72,74.92,78.72
84.35,84.35,69.60,70.94,80.42
84.67,84.67,76.71,65.46,78.57
84.07,84.07,90.77,65.56,76.70
84.48,84.48,86.61,66.04,80.71
84.44,84.44,81.84,70.61,82.85
84.46,84.46,79.93,70.54,82.23
84.53,84.53,71.23,68.48,83.30
83.64,83.64,73.74,68.27,85.62
84.30,84.30,72.31,67.85,83.31
83.20,83.20,65.66,65.63,83.84
83.78,83.78,71.71,64.45,82.20
80.74,80.74,66.90,58.98,81.85
82.14,82.14,63.86,49.88,82.43
74.01,74.01,56.30,42.73,82.29
79.06,79.06,61.95,49.11,80.88
78.41,78.41,56.50,51.60,83.70
80.25,80.25,47.67,48.64,79.68
78.71,78.71,54.45,48.10,82.22
78.01,78.01,57.72,48.54,84.54
77.44,77.44,60.44,52.96,81.29
78.30,78.30,71.11,65.18,83.88
74.56,74.56,76.86,72.96,83.11
76.56,76.56,90.66,72.42,79.79
77.98,77.98,89.83,71.06,79.32
79.13,79.13,80.67,73.19,82.85
78.40,78.40,77.24,73.93,81.98
75.24,75.24,74.57,75.24,79.84
76.63,76.63,68.22,74.45,82.52
73.78,73.78,68.14,74.40,80.86
75.90,75.90,65.39,74.88,82.14
75.52,75.52,63.16,75.65,81.16
76.30,76.30,60.17,73.77,82.45
77.46,77.46,52.49,73.05,83.46
79.62,79.62,56.08,74.42,82.31
81.23,81.23,61.31,70.53,82.78
81.42,81.42,60.97,71.25,84.42
80.45,80.45,55.77,71.12,83.82
77.96,77.96,57.61,70.88,83.78
77.26,77.26,51.79,74.13,81.56
78.12,78.12,48.63,76.15,82.85
77.74,77.74,52.37,74.95,82.59
82.65,82.65,50.69,74.14,81.23
82.58,82.58,50.15,75.52,79.51
83.21,83.21,56.42,75.91,80.39
84.12,84.12,57.07,76.58,81.88
83.14,83.14,56.31,76.59,81.95
81.12,81.12,60.63,78.18,80.25
79.23,79.23,58.55,76.85,82.59
81.25,81.25,46.08,75.78,83.50
78.08,78.08,48.41,74.49,82.27
79.49,79.49,48.62,73.29,83.42
76.51,76.51,46.60,69.49,82.42
80.14,80.14,47.15,72.15,82.27
79.83,79.83,47.38,74.70,82.26
79.34,79.34,46.63,74.59,84.26
78.43,78.43,45.67,72.93,80.75
78.44,78.44,47.61,72.69,81.64
81.14,81.14,60.24,72.32,80.62
75.57,75.57,68.80,70.19,78.50
80.13,80.13,73.69,68.57,82.20
83.90,83.90,76.79,67.27,81.90
81.96,81.96,77.96,69.24,82.28
81.14,81.14,88.38,72.50,82.67
83.01,83.01,82.14,76.03,80.27
81.92,81.92,75.70,77.48,82.60
81.92,81.92,74.05,78.42,82.33
82.57,82.57,69.76,78.48,80.64
82.45,82.45,58.37,79.07,83.69
83.30,83.30,54.71,79.55,83.48
82.18,82.18,53.01,80.35,82.73
82.61,82.61,52.01,79.48,82.66
82.21,82.21,49.44,77.48,82.60
82.03,82.03,51.85,77.85,82.24
82.76,82.76,50.29,76.22,82.46
80.91,80.91,46.75,72.02,82.31
82.94,82.94,46.49,72.29,81.82
81.53,81.53,51.02,74.46,81.70
82.98,82.98,47.67,76.29,83.02
83.23,83.23,41.79,75.28,80.41
83.74,83.74,41.93,76.04,79.46
80.40,80.40,43.41,80.17,80.37
82.93,82.93,43.86,80.63,80.72
84.94,84.94,42.68,79.02,81.16
84.98,84.98,44.11,78.29,77.91
84.48,84.48,42.45,72.10,81.49
83.77,83.77,43.77,74.83,77.37
83.98,83.98,47.35,78.39,79.79
80.00,80.00,40.94,79.40,80.46
80.67,80.67,42.78,80.46,78.63
80.94,80.94,43.34,81.47,78.84
84.61,84.61,43.05,80.11,80.87
80.85,80.85,42.79,78.71,78.90
76.54,76.54,42.50,78.94,79.37
72.81,72.81,40.25,77.17,81.50
63.15,63.15,38.88,68.32,79.09
64.19,64.19,39.73,67.17,78.89
63.88,63.88,37.71,70.79,78.78
65.17,65.17,50.81,71.97,78.75
71.72,71.72,59.72,70.05,75.00
75.93,75.93,70.24,67.83,76.79
82.39,82.39,80.45,76.06,79.02
82.04,82.04,89.95,76.70,76.98
79.19,79.19,86.63,72.87,74.99
79.20,79.20,81.66,71.77,78.55
79.85,79.85,83.02,75.51,77.56
79.62,79.62,79.37,78.46,77.42
79.10,79.10,72.96,78.01,77.90
79.39,79.39,67.90,77.54,77.37
80.40,80.40,57.69,78.66,77.07
80.86,80.86,61.10,79.41,75.42
82.32,82.32,65.52,77.30,76.88
81.16,81.16,64.54,77.88,77.42
81.17,81.17,53.38,78.86,76.29
80.77,80.77,54.71,79.73,75.01
81.65,81.65,63.99,79.38,77.61
81.12,81.12,52.80,79.74,75.84
82.42,82.42,64.50,80.59,77.78
81.53,81.53,62.51,78.66,78.64
82.45,82.45,59.15,77.29,79.37
82.88,82.88,62.04,80.32,80.12
85.15,85.15,57.69,79.80,77.63
84.18,84.18,55.05,79.20,79.64
84.20,84.20,53.12,79.25,78.43
80.52,80.52,50.65,79.62,77.82
81.16,81.16,46.35,80.88,78.79
66.92,66.92,51.90,81.93,77.08
64.60,64.60,53.53,83.37,78.29
63.50,63.50,49.16,82.78,78.64
62.39,62.39,53.80,81.70,77.82
67.02,67.02,48.49,80.98,77.32
70.40,70.40,45.01,80.37,74.85
79.85,79.85,46.99,80.62,76.24
83.35,83.35,40.99,81.59,76.25
87.01,87.01,38.71,80.82,74.56
86.27,86.27,40.34,81.47,74.72
82.44,82.44,45.14,80.75,74.98
81.71,81.71,59.62,79.13,77.08
83.52,83.52,68.96,77.17,75.37
82.53,82.53,73.35,73.77,75.36
80.11,80.11,88.80,71.75,78.92
82.48,82.48,82.46,76.24,78.80
84.43,84.43,77.04,79.99,78.78
84.56,84.56,72.52,80.09,80.40
85.08,85.08,65.60,77.65,80.22
83.62,83.62,61.44,74.63,80.97
84.22,84.22,62.50,71.45,80.16
86.54,86.54,58.75,73.39,81.22
85.83,85.83,56.85,78.92,76.95
84.30,84.30,50.84,80.83,79.61
83.77,83.77,50.98,80.77,79.74
84.12,84.12,46.17,77.34,77.68
84.85,84.85,44.03,78.97,80.22
82.44,82.44,40.25,79.53,77.69
70.82,70.82,38.35,76.20,79.41
72.12,72.12,39.50,69.65,79.31
72.65,72.65,44.81,71.14,82.42
79.81,79.81,58.20,73.02,82.80
83.10,83.10,67.50,70.45,80.48
84.80,84.80,77.77,72.93,80.08
84.06,84.06,88.11,71.45,75.39
83.80,83.80,88.53,72.04,77.51
84.32,84.32,85.33,73.33,78.89
84.09,84.09,85.28,76.80,81.23
83.92,83.92,77.79,77.85,81.55
83.61,83.61,73.90,73.98,80.37
85.72,85.72,59.17,73.50,81.58
87.47,87.47,59.41,77.52,82.46
87.16,87.16,61.97,74.12,80.84
83.04,83.04,57.04,76.02,80.61
83.46,83.46,68.80,77.38,81.61
82.71,82.71,63.20,76.25,80.54
82.93,82.93,54.70,75.70,82.41
83.57,83.57,46.10,76.75,82.65
83.66,83.66,48.33,73.03,82.15
84.98,84.98,46.57,69.11,79.88
86.06,86.06,65.00,70.61,81.00
85.20,85.20,64.79,64.75,80.96
83.33,83.33,71.38,62.50,82.23
82.88,82.88,85.10,66.77,79.27
81.51,81.51,89.77,70.40,81.27
81.56,81.56,82.38,69.83,84.01
82.12,82.12,85.66,71.72,79.29
84.47,84.47,80.31,72.15,81.08
84.63,84.63,77.25,74.05,79.20
85.69,85.69,68.64,72.53,79.66
84.40,84.40,72.77,78.58,77.45
81.08,81.08,65.39,75.43,81.36
79.13,79.13,57.40,79.06,80.63
80.70,80.70,59.50,78.15,78.58
78.36,78.36,56.35,78.15,82.37
76.68,76.68,64.77,74.98,80.78
71.10,71.10,68.98,81.85,80.71
65.88,65.88,68.44,77.40,80.57
66.46,66.46,53.15,75.29,82.87
66.29,66.29,55.88,77.15,82.06
64.81,64.81,59.71,77.78,81.60
62.97,62.97,66.15,73.64,79.64
59.19,59.19,63.93,79.51,80.23
62.80,62.80,61.28,77.47,81.12
62.59,62.59,58.96,74.23,79.87
65.56,65.56,56.78,72.93,80.52
65.85,65.85,58.08,79.64,77.82
69.01,69.01,58.61,71.39,81.58
68.74,68.74,60.50,74.77,79.18
70.82,70.82,58.93,78.81,81.16
69.35,69.35,58.46,74.55,78.66
67.46,67.46,57.69,75.20,79.72
67.57,67.57,56.12,78.69,80.23
67.72,67.72,56.77,76.99,81.65
63.71,63.71,57.19,75.60,80.67
66.25,66.25,56.28,79.83,79.48
65.26,65.26,53.16,77.42,78.14
56.66,56.66,50.73,75.89,80.27
56.87,56.87,50.92,79.12,79.12
59.58,59.58,56.39,78.88,77.99
65.09,65.09,64.83,76.89,78.99
74.03,74.03,73.08,78.86,77.85
82.20,82.20,83.93,78.56,78.61
81.88,81.88,86.21,76.97,78.54
81.91,81.91,71.72,75.83,78.80
82.78,82.78,74.22,79.06,79.45
82.42,82.42,68.29,76.93,78.34
83.03,83.03,62.63,75.71,81.34
81.99,81.99,59.05,78.54,80.10
81.27,81.27,58.82,78.51,79.75
80.88,80.88,57.42,76.30,82.57
81.29,81.29,54.83,76.13,82.64
80.97,80.97,50.53,79.35,81.20
83.07,83.07,51.03,75.81,80.47
83.15,83.15,48.96,75.40,83.22
82.16,82.16,47.16,78.33,81.72
81.10,81.10,47.24,75.96,81.12
82.66,82.66,46.08,73.76,81.63
82.37,82.37,46.12,76.65,80.62
79.84,79.84,46.73,73.74,80.93
79.68,79.68,62.24,73.18,81.60
78.39,78.39,67.27,72.07,77.98
76.85,76.85,71.62,72.37,78.79
76.97,76.97,87.98,70.95,77.97
81.11,81.11,88.35,69.77,76.38
83.07,83.07,78.57,69.86,79.24
83.58,83.58,76.55,69.33,82.53
85.53,85.53,73.15,70.03,80.98
84.49,84.49,69.34,72.97,80.00
84.94,84.94,65.77,64.66,79.67
84.29,84.29,63.17,67.43,78.70
84.37,84.37,57.40,75.63,80.63
84.95,84.95,54.59,67.40,77.08
84.52,84.52,59.83,64.60,79.14
85.12,85.12,53.77,71.48,81.10
83.87,83.87,49.81,62.04,80.80
83.90,83.90,51.81,66.03,81.40
84.62,84.62,57.76,74.73,77.12
83.64,83.64,56.83,72.05,75.96
84.31,84.31,62.56,72.97,75.83
82.60,82.60,70.41,62.10,78.52
81.06,81.06,76.79,66.17,80.35
81.50,81.50,91.38,64.64,79.08
83.11,83.11,88.16,62.99,79.37
81.88,81.88,81.04,66.70,79.00
81.40,81.40,81.92,66.84,77.03
84.35,84.35,79.76,75.68,79.42
84.27,84.27,71.58,72.12,80.24
84.38,84.38,72.25,74.84,80.30
82.36,82.36,63.35,76.00,78.46
82.98,82.98,63.68,73.24,77.92
83.20,83.20,64.35,73.91,79.21
83.32,83.32,65.57,79.17,78.47
83.77,83.77,64.91,74.25,78.08
85.19,85.19,55.00,72.04,78.36
84.49,84.49,56.23,73.57,79.15
83.32,83.32,57.96,74.81,76.09
83.78,83.78,58.13,70.60,78.79
82.34,82.34,60.45,69.44,77.07
79.87,79.87,66.52,69.41,77.33
80.61,80.61,76.91,66.46,78.94
78.91,78.91,83.95,59.47,79.11
77.68,77.68,79.09,64.78,79.46
78.96,78.96,67.37,73.77,81.22
73.21,73.21,64.82,72.64,80.17
69.57,69.57,64.00,72.85,79.75
67.90,67.90,54.70,77.10,79.47
64.58,64.58,52.95,72.72,79.37
64.26,64.26,50.87,72.45,80.56
68.82,68.82,46.52,78.02,78.89
72.36,72.36,42.39,72.98,75.51
73.89,73.89,43.05,72.30,76.40
75.85,75.85,39.64,75.09,79.03
83.17,83.17,39.31,76.26,77.49
85.24,85.24,39.62,71.78,78.20
82.45,82.45,40.83,72.38,79.51
81.70,81.70,43.13,68.17,80.99
80.44,80.44,54.29,67.36,77.59
78.68,78.68,66.71,69.26,78.62
77.70,77.70,71.07,67.42,78.66
74.60,74.60,87.10,69.43,84.86
79.88,79.88,79.72,68.01,81.14
82.09,82.09,75.55,77.63,79.87
80.89,80.89,80.89,78.89,82.20
79.74,79.74,75.92,72.69,79.93
81.45,81.45,68.36,78.18,80.43
79.46,79.46,70.87,78.94,83.70
83.86,83.86,66.46,80.89,79.70
81.95,81.95,64.39,74.47,82.60
81.54,81.54,61.96,78.32,80.65
79.04,79.04,59.28,76.44,80.62
80.60,80.60,59.72,75.82,81.82
80.73,80.73,57.22,77.30,81.24
77.87,77.87,62.06,76.28,82.66
79.67,79.67,60.04,76.72,81.61
79.26,79.26,57.21,82.36,80.49
80.38,80.38,61.87,79.60,82.53
81.43,81.43,57.32,77.94,82.00
81.34,81.34,63.95,72.24,79.01
81.67,81.67,70.86,72.69,85.42
81.27,81.27,79.66,68.05,80.79
81.13,81.13,88.55,72.39,81.57
82.10,82.10,86.12,70.92,79.55
82.78,82.78,77.06,72.83,81.93
81.99,81.99,78.62,74.48,82.68
81.62,81.62,82.42,74.96,81.28
81.72,81.72,71.96,73.46,82.24
82.35,82.35,70.83,75.05,81.74
81.87,81.87,60.52,72.64,83.09
82.36,82.36,58.27,77.85,81.15
81.99,81.99,64.31,72.63,81.70
81.15,81.15,63.61,76.57,83.22
81.91,81.91,64.85,78.99,78.61
81.32,81.32,56.34,74.46,84.54
83.21,83.21,60.25,75.74,79.86
81.99,81.99,53.83,67.05,83.42
80.17,80.17,50.91,62.68,83.82
80.75,80.75,57.32,60.00,80.72
80.41,80.41,64.69,58.19,84.77
80.37,80.37,75.82,57.00,83.56
78.71,78.71,90.53,66.75,84.32
81.40,81.40,86.64,71.00,81.41
82.11,82.11,74.65,71.16,83.06
81.49,81.49,79.12,73.51,84.28
80.84,80.84,78.73,75.85,84.18
80.94,80.94,79.45,73.12,82.57
81.23,81.23,63.52,71.67,84.87
80.69,80.69,56.19,76.82,81.84
81.12,81.12,69.13,79.41,84.34
80.58,80.58,67.74,78.77,80.99
82.01,82.01,63.24,76.09,85.28
81.88,81.88,55.72,75.89,83.16
81.34,81.34,61.29,73.53,86.14
80.34,80.34,53.57,73.13,81.81
79.99,79.99,54.67,76.11,82.37
80.42,80.42,55.30,78.39,85.12
81.04,81.04,51.15,73.03,79.60
80.89,80.89,52.80,75.10,83.63
80.81,80.81,60.26,74.02,81.11
81.66,81.66,71.78,75.27,81.23
81.99,81.99,70.19,79.53,84.42
80.21,80.21,59.62,78.27,83.66
80.43,80.43,48.91,75.79,83.42
81.61,81.61,48.08,75.98,79.51
81.35,81.35,45.95,76.02,84.98
81.60,81.60,45.55,80.14,84.06
80.54,80.54,41.58,75.92,81.66
80.39,80.39,38.94,75.32,79.37
81.34,81.34,39.88,75.55,84.72
80.62,80.62,40.28,74.82,84.24
80.79,80.79,40.45,79.05,81.81
80.64,80.64,37.62,79.00,87.75
81.03,81.03,35.35,78.66,81.99
81.76,81.76,34.18,76.62,85.05
82.26,82.26,38.46,78.64,84.46
81.20,81.20,53.13,77.45,85.06
79.97,79.97,61.21,73.81,84.35
80.45,80.45,67.81,62.72,83.75
78.61,78.61,86.48,71.39,83.32
81.15,81.15,80.77,74.82,83.34
81.17,81.17,71.93,76.21,83.04
82.29,82.29,73.46,79.70,83.64
81.99,81.99,66.98,75.25,82.54
81.85,81.85,61.86,72.40,84.01
81.71,81.71,59.62,75.53,83.79
81.88,81.88,58.21,74.41,85.91
81.34,81.34,54.61,76.73,84.61
81.16,81.16,52.59,77.21,84.77
81.89,81.89,53.07,75.20,84.67
82.55,82.55,53.79,73.36,85.53
82.45,82.45,51.91,72.62,86.09
80.93,80.93,50.66,72.58,85.18
79.51,79.51,49.26,74.32,86.10
80.47,80.47,48.74,78.62,85.48
81.04,81.04,46.19,74.87,85.47
80.43,80.43,47.60,76.18,81.98
80.90,80.90,51.99,77.96,81.67
80.85,80.85,64.25,73.12,85.23
80.83,80.83,73.78,73.21,85.77
78.59,78.59,88.65,72.11,85.31
78.80,78.80,87.97,64.24,82.01
79.20,79.20,84.50,65.40,84.36
80.55,80.55,77.91,65.43,85.68
79.97,79.97,76.49,72.04,83.65
80.17,80.17,67.03,70.37,82.25
80.09,80.09,73.13,71.84,82.45
81.33,81.33,66.16,66.65,84.55
82.02,82.02,61.48,71.96,83.04
81.23,81.23,68.46,74.89,80.24
81.51,81.51,66.80,77.28,82.86
81.88,81.88,63.76,76.87,83.76
82.11,82.11,59.52,74.81,82.94
81.01,81.01,62.33,73.00,82.94
80.34,80.34,65.97,76.34,80.58
80.69,80.69,54.83,66.74,82.12
80.88,80.88,54.36,62.83,81.72
81.89,81.89,61.62,56.43,81.67
84.49,84.49,68.82,56.58,80.76
84.32,84.32,75.87,59.65,83.23
83.30,83.30,89.32,63.41,80.23
83.85,83.85,89.55,64.31,80.75
85.58,85.58,80.32,67.11,82.17
84.63,84.63,75.81,68.89,81.88
84.65,84.65,79.40,68.79,80.24
84.39,84.39,73.41,70.69,82.27
83.89,83.89,70.99,69.39,80.52
84.96,84.96,64.95,73.48,80.94
85.62,85.62,70.15,75.01,83.57
84.38,84.38,67.74,73.30,82.64
82.86,82.86,68.14,73.21,82.54
84.67,84.67,64.64,74.39,79.96
84.04,84.04,63.80,72.44,82.57
84.76,84.76,60.71,73.49,79.97
84.36,84.36,58.41,73.87,81.62
84.20,84.20,54.66,66.95,82.03
84.50,84.50,61.07,61.74,81.64
85.03,85.03,66.23,56.51,81.12
85.24,85.24,76.60,60.44,83.32
84.65,84.65,78.31,55.18,81.39
85.05,85.05,86.83,65.18,84.52
84.02,84.02,83.03,67.13,81.72
83.84,83.84,78.05,66.80,79.99
83.04,83.04,83.20,71.02,83.08
82.78,82.78,81.71,74.54,80.11
83.40,83.40,70.63,68.92,80.23
83.74,83.74,72.36,69.92,81.85
84.25,84.25,76.79,67.41,79.72
84.13,84.13,75.83,67.38,82.29
84.03,84.03,76.79,60.82,79.14
84.83,84.83,81.60,63.85,80.75
84.79,84.79,83.81,66.98,81.60
83.50,83.50,85.15,65.65,81.52
83.70,83.70,79.68,62.55,78.43
82.85,82.85,79.44,67.88,80.78
84.30,84.30,80.65,67.13,79.55
85.41,85.41,77.38,61.94,81.69
85.16,85.16,74.20,60.34,77.73
83.83,83.83,78.01,53.22,80.65
81.41,81.41,77.33,66.01,85.68
83.08,83.08,82.44,72.14,84.75
85.98,85.98,84.55,68.08,80.82
84.34,84.34,86.06,69.64,80.99
83.79,83.79,85.21,64.48,80.39
84.66,84.66,80.99,70.00,81.60
83.57,83.57,83.66,64.60,81.19
85.40,85.40,84.16,68.68,81.75
85.82,85.82,77.98,65.85,83.50
84.84,84.84,79.39,71.61,80.68
84.59,84.59,81.30,63.56,83.83
85.13,85.13,78.20,70.56,82.60
85.79,85.79,69.96,64.58,79.74
85.50,85.50,77.10,74.35,81.92
86.26,86.26,75.95,70.31,78.52
86.58,86.58,63.04,69.08,81.45
85.85,85.85,70.39,67.51,79.37
85.45,85.45,73.00,70.49,79.88
85.22,85.22,67.22,55.80,79.79
85.41,85.41,65.99,61.42,79.79
85.12,85.12,74.35,68.63,84.52
85.23,85.23,76.74,67.72,86.45
84.28,84.28,83.30,73.26,85.81
84.33,84.33,83.19,65.19,81.29
85.37,85.37,76.82,65.61,81.67
86.08,86.08,72.65,66.31,82.64
86.15,86.15,71.04,62.65,82.20
86.24,86.24,72.77,64.46,80.12
86.70,86.70,75.77,68.71,81.15
86.33,86.33,71.38,64.83,79.44
86.20,86.20,69.06,63.33,82.38
86.23,86.23,72.51,63.03,83.65
86.95,86.95,75.52,66.47,79.85
86.62,86.62,71.68,68.79,80.34
86.41,86.41,71.29,58.69,81.17
86.22,86.22,71.48,65.94,82.02
85.40,85.40,69.15,67.43,80.14
86.34,86.34,70.00,64.80,78.98
85.26,85.26,73.46,71.49,81.70
84.48,84.48,70.60,69.72,88.47
85.03,85.03,71.22,73.71,86.81
84.79,84.79,59.89,64.73,86.27
85.41,85.41,53.79,69.94,86.46
85.58,85.58,56.61,68.79,84.45
85.30,85.30,58.61,70.43,86.73
84.97,84.97,56.20,64.95,86.54
85.58,85.58,59.08,70.12,83.32
85.85,85.85,59.00,71.19,85.00
85.52,85.52,55.59,66.28,83.09
85.69,85.69,55.44,69.04,83.86
85.87,85.87,58.88,69.22,84.73
85.61,85.61,54.73,69.66,83.66
86.23,86.23,50.87,68.10,83.93
85.77,85.77,47.39,69.71,81.80
85.84,85.84,44.42,64.56,83.66
85.97,85.97,47.91,68.27,83.22
85.41,85.41,46.94,66.74,80.80
85.35,85.35,43.43,66.86,81.12
85.09,85.09,42.50,68.49,82.27
85.53,85.53,46.72,65.02,79.94
85.72,85.72,42.62,66.39,81.35
86.09,86.09,35.43,68.82,78.87
86.17,86.17,39.85,64.07,79.40
85.96,85.96,43.31,71.83,79.69
86.26,86.26,40.88,62.50,79.50
86.06,86.06,39.20,69.32,80.51
85.60,85.60,39.66,68.75,81.10
86.10,86.10,39.88,63.24,80.22
86.06,86.06,40.06,69.03,83.79
86.07,86.07,39.30,65.69,81.75
86.07,86.07,42.27,65.60,79.83
85.84,85.84,43.34,67.25,82.50
85.93,85.93,38.58,67.70,78.86
86.21,86.21,37.91,65.46,80.23
85.46,85.46,39.47,67.24,79.60
85.08,85.08,39.92,66.42,78.44
85.51,85.51,38.68,67.04,81.05
85.54,85.54,36.64,65.77,79.52
85.31,85.31,35.73,65.57,77.37
85.91,85.91,39.30,72.04,78.85
85.60,85.60,35.36,68.11,76.83
84.96,84.96,33.11,68.53,77.54
85.55,85.55,36.64,68.39,80.64
85.94,85.94,35.41,65.49,77.08
85.67,85.67,32.16,70.92,81.28
85.94,85.94,30.94,68.47,79.90
85.96,85.96,31.42,58.33,82.32
85.65,85.65,33.72,71.24,80.84
86.21,86.21,30.12,63.20,82.29
85.95,85.95,29.30,70.25,81.75
86.14,86.14,29.02,68.00,81.66
86.15,86.15,28.19,61.79,78.62
85.86,85.86,28.21,73.85,82.45
85.69,85.69,29.59,66.01,78.72
85.87,85.87,30.97,67.67,78.29
86.22,86.22,29.43,72.41,78.08
85.91,85.91,30.76,60.03,78.20
85.41,85.41,29.71,74.08,78.30
85.75,85.75,28.86,72.28,79.11
85.39,85.39,29.69,67.63,78.57
85.20,85.20,30.75,73.75,78.88
85.16,85.16,29.99,60.74,81.10
85.99,85.99,32.14,71.59,80.47
85.84,85.84,31.44,69.17,79.95
85.92,85.92,30.21,69.19,80.25
85.65,85.65,31.00,72.81,81.49
85.70,85.70,28.95,64.83,80.96
85.38,85.38,28.50,71.00,76.27
85.34,85.34,29.08,73.11,79.70
85.62,85.62,27.30,67.85,78.26
85.72,85.72,28.05,73.85,76.48
85.99,85.99,29.08,71.37,79.79
85.28,85.28,29.46,69.94,77.43
85.78,85.78,29.37,74.22,73.85
85.59,85.59,30.26,69.01,75.60
85.57,85.57,30.97,72.65,73.33
85.65,85.65,32.48,69.56,74.70
86.23,86.23,32.54,67.76,75.81
86.50,86.50,34.43,73.60,75.31
86.37,86.37,31.96,69.28,76.89
86.83,86.83,30.50,71.77,77.18
86.21,86.21,31.52,75.01,76.44
86.14,86.14,32.09,71.82,80.59
87.06,87.06,29.89,74.51,77.16
86.58,86.58,30.28,74.07,77.10
86.38,86.38,32.61,70.23,79.51
86.26,86.26,31.65,74.85,78.49
86.21,86.21,30.34,70.72,77.32
86.12,86.12,29.03,71.68,79.08
85.99,85.99,28.46,71.21,75.58
86.35,86.35,28.22,71.01,75.55
85.99,85.99,29.89,72.28,77.07
86.44,86.44,27.75,70.65,74.72
86.88,86.88,24.58,70.88,77.72
86.60,86.60,29.78,72.38,77.30
85.70,85.70,27.93,71.07,75.45
86.01,86.01,26.03,70.83,81.16
84.84,84.84,27.49,72.08,79.46
85.58,85.58,27.75,69.47,77.87
82.40,82.40,32.44,73.41,80.99
81.95,81.95,27.34,70.97,79.26
81.42,81.42,27.96,72.63,79.40
81.55,81.55,28.40,70.14,78.55
81.23,81.23,27.88,71.39,78.17
82.10,82.10,27.98,70.96,78.93
81.72,81.72,28.26,69.38,76.48
81.91,81.91,29.59,71.95,77.02
81.97,81.97,28.18,68.96,77.92
82.59,82.59,27.78,71.13,75.03
83.37,83.37,26.90,67.18,75.23
84.50,84.50,27.11,70.59,79.21
83.87,83.87,28.33,68.45,74.58
84.16,84.16,28.17,71.02,77.74
83.87,83.87,27.90,71.26,79.52
83.72,83.72,29.37,71.83,78.54
83.02,83.02,33.10,70.05,79.67
82.75,82.75,35.85,72.07,78.11
83.12,83.12,36.58,70.74,77.14
83.61,83.61,35.45,70.82,80.23
83.82,83.82,33.07,72.10,76.87
84.10,84.10,29.50,69.43,79.72
84.26,84.26,26.27,72.45,78.50
84.01,84.01,26.71,71.31,74.77
84.76,84.76,29.23,68.01,78.39
83.98,83.98,30.63,71.19,72.42
84.17,84.17,26.95,66.60,73.96
83.59,83.59,26.97,70.01,73.35
83.86,83.86,25.52,72.45,73.51
83.98,83.98,26.88,65.25,72.26
83.24,83.24,27.27,72.42,77.52
83.07,83.07,27.25,70.61,72.34
83.32,83.32,29.22,67.95,80.05
83.84,83.84,32.10,72.10,78.43
83.90,83.90,33.12,67.43,78.20
83.48,83.48,34.56,72.83,79.98
83.54,83.54,34.08,71.17,74.62
83.36,83.36,31.85,71.42,78.80
83.30,83.30,33.60,71.81,76.89
82.43,82.43,32.51,70.90,76.81
82.21,82.21,30.79,69.19,76.51
82.34,82.34,31.25,73.34,75.73
82.89,82.89,30.34,66.01,71.92
83.06,83.06,29.33,72.12,74.45
82.95,82.95,28.54,69.31,73.44
83.50,83.50,31.73,65.74,75.35
82.74,82.74,33.37,71.50,72.79
83.12,83.12,30.23,65.18,72.43
82.24,82.24,31.78,69.96,72.45
83.12,83.12,32.76,70.84,75.80
82.85,82.85,33.35,69.85,72.16
82.73,82.73,35.90,70.96,72.31
82.53,82.53,31.83,71.06,73.96
82.40,82.40,32.10,68.93,73.75
81.90,81.90,31.76,72.54,76.61
82.97,82.97,33.01,68.60,72.80
82.74,82.74,33.60,70.86,73.85
82.53,82.53,33.41,72.01,75.86
82.13,82.13,30.32,64.03,72.46
82.04,82.04,26.42,71.37,74.93
82.20,82.20,26.82,66.83,72.67
81.54,81.54,27.98,67.17,70.43
82.09,82.09,28.70,69.23,71.58
81.57,81.57,29.78,64.76,74.54
82.55,82.55,29.53,67.30,71.71
81.58,81.58,30.91,69.10,74.70
81.96,81.96,30.03,65.65,75.31
81.76,81.76,31.06,70.78,76.77
82.19,82.19,30.96,67.15,77.83
82.05,82.05,29.48,69.53,74.63
81.70,81.70,29.74,70.45,77.57
81.33,81.33,30.62,65.99,79.40
80.64,80.64,31.29,69.97,76.73
79.67,79.67,32.60,65.38,78.50
79.18,79.18,31.11,68.07,76.01
78.74,78.74,30.63,65.79,74.46
80.09,80.09,32.77,64.29,76.68
80.61,80.61,32.81,64.92,74.52
81.13,81.13,31.05,63.84,74.01
80.89,80.89,30.55,63.54,72.08
81.03,81.03,29.35,62.88,71.33
81.66,81.66,28.69,63.30,74.33
81.30,81.30,27.10,64.34,74.78
81.11,81.11,26.88,62.88,73.26
79.81,79.81,26.04,64.70,74.79
79.94,79.94,30.52,63.79,74.76
79.50,79.50,30.80,62.06,75.52
79.48,79.48,29.40,64.12,77.69
79.81,79.81,26.84,59.11,75.20
80.41,80.41,29.81,64.95,77.68
80.81,80.81,29.49,57.38,74.89
80.86,80.86,28.76,59.17,74.87
81.13,81.13,30.07,63.11,74.70
80.97,80.97,31.27,53.04,70.70
80.19,80.19,30.55,59.97,71.60
79.02,79.02,31.67,49.59,69.98
78.86,78.86,28.17,53.19,74.27
78.77,78.77,27.36,56.17,77.23
79.63,79.63,28.31,48.20,77.22
78.28,78.28,28.43,55.36,74.95
80.57,80.57,27.35,52.64,73.93
80.94,80.94,27.34,45.45,76.02
82.04,82.04,26.67,55.49,78.25
81.83,81.83,26.07,56.55,73.61
81.51,81.51,26.38,56.39,77.67
80.53,80.53,26.70,57.97,74.23
79.55,79.55,26.50,60.14,78.98
78.69,78.69,25.12,56.42,75.67
77.97,77.97,25.47,59.85,78.41
78.76,78.76,27.97,59.21,76.96
79.54,79.54,29.20,57.76,75.46
80.69,80.69,31.39,59.76,75.55
80.70,80.70,30.73,58.29,73.58
80.64,80.64,29.46,50.31,74.96
80.78,80.78,27.96,57.01,72.72
80.60,80.60,27.29,55.50,74.21
80.32,80.32,28.35,51.58,73.61
79.38,79.38,28.67,59.81,75.92
79.08,79.08,29.53,55.20,76.31
79.98,79.98,31.29,59.93,76.42
79.66,79.66,31.63,58.35,71.60
80.64,80.64,36.08,55.35,78.33
80.58,80.58,35.34,57.76,73.52
80.85,80.85,34.45,48.00,74.52
80.09,80.09,33.38,57.53,75.68
80.14,80.14,33.20,50.84,75.02
79.45,79.45,32.95,49.57,76.68
80.07,80.07,33.12,52.90,72.51
78.93,78.93,32.87,52.45,72.49
79.10,79.10,30.60,54.62,71.71
78.46,78.46,31.49,57.96,72.42
78.74,78.74,29.11,53.65,72.81
78.44,78.44,29.36,55.79,70.65
78.87,78.87,30.27,54.92,72.24
80.26,80.26,28.97,54.99,70.93
80.60,80.60,35.18,55.32,74.66
80.34,80.34,31.10,51.72,76.80
80.38,80.38,24.53,50.46,75.73
79.65,79.65,26.28,56.98,77.91
79.36,79.36,28.69,47.01,77.80
79.07,79.07,29.57,52.26,79.08
78.96,78.96,29.49,52.66,76.32
77.88,77.88,25.85,46.77,75.66
78.14,78.14,27.19,53.93,77.37
78.86,78.86,28.09,54.52,76.02
78.61,78.61,26.87,54.00,75.94
78.87,78.87,28.43,53.62,73.16
78.81,78.81,27.96,47.63,74.22
79.35,79.35,28.68,53.83,73.56
79.50,79.50,27.80,56.11,74.71
79.41,79.41,26.42,48.27,75.04
78.38,78.38,25.50,55.83,73.55
78.52,78.52,26.34,49.64,73.05
77.79,77.79,23.90,52.04,75.45
78.44,78.44,22.52,48.92,77.51
76.58,76.58,23.97,49.24,74.27
76.94,76.94,22.70,49.56,75.74
78.32,78.32,23.70,51.00,73.50
79.23,79.23,25.62,52.56,76.89
78.82,78.82,24.92,52.11,72.51
77.66,77.66,23.75,49.79,74.79
76.50,76.50,23.98,49.84,72.50
74.51,74.51,23.42,49.42,74.16
76.49,76.49,22.92,48.05,71.90
76.60,76.60,23.91,54.32,73.32
77.94,77.94,23.88,49.48,70.48
78.44,78.44,23.35,45.41,74.27
78.68,78.68,23.89,47.77,73.69
79.04,79.04,24.23,44.41,73.93
78.99,78.99,22.67,54.75,75.28
77.98,77.98,23.60,44.66,72.18
77.14,77.14,23.20,54.75,75.12
77.37,77.37,23.90,50.28,75.80
77.22,77.22,25.59,52.43,72.67
77.42,77.42,33.84,51.73,75.03
77.26,77.26,38.10,48.08,76.75
76.52,76.52,35.67,49.39,78.03
77.72,77.72,33.45,45.68,77.06
78.39,78.39,33.46,51.72,74.02
77.34,77.34,30.93,54.68,74.00
77.16,77.16,29.31,53.02,76.59
77.01,77.01,28.78,56.30,74.69
77.72,77.72,27.72,51.84,76.33
78.06,78.06,27.71,59.28,71.79
77.74,77.74,27.59,57.74,76.25
78.66,78.66,26.25,52.23,75.48
79.38,79.38,26.35,59.42,75.24
79.37,79.37,26.70,54.91,75.14
78.50,78.50,26.78,54.95,72.33
78.11,78.11,24.43,55.62,76.65
77.33,77.33,22.89,55.12,75.12
76.23,76.23,22.92,56.84,75.39
75.41,75.41,23.76,53.97,73.12
75.63,75.63,22.91,53.72,72.20
76.30,76.30,23.27,54.02,69.45
75.71,75.71,23.49,46.47,72.55
75.58,75.58,23.86,48.38,76.70
77.44,77.44,20.74,52.40,72.98
78.19,78.19,20.54,43.90,75.91
77.95,77.95,23.59,45.06,71.20
78.39,78.39,23.93,47.92,75.52
78.42,78.42,23.91,37.70,75.75
78.74,78.74,23.41,52.99,70.12
78.11,78.11,21.15,46.28,74.83
77.79,77.79,23.83,49.37,72.01
78.08,78.08,24.01,56.71,72.34
78.06,78.06,22.54,53.10,74.44
78.20,78.20,25.41,55.80,69.93
77.55,77.55,26.27,53.85,73.92
76.87,76.87,23.92,53.61,73.64
76.49,76.49,24.24,57.28,69.42
76.07,76.07,24.98,46.62,74.29
75.99,75.99,24.62,51.73,72.85
76.58,76.58,26.73,50.71,72.87
76.15,76.15,24.98,37.57,72.80
75.55,75.55,22.85,46.80,69.92
75.35,75.35,21.64,44.96,74.11
76.42,76.42,20.38,48.56,72.03
77.19,77.19,21.52,40.47,73.14
77.27,77.27,21.77,45.06,71.30
77.00,77.00,22.65,45.77,71.67
77.49,77.49,21.73,46.83,75.41
77.02,77.02,22.72,54.26,72.84
77.54,77.54,22.02,48.13,77.93
76.98,76.98,21.62,50.67,75.26
77.12,77.12,22.00,56.01,76.21
76.88,76.88,23.35,45.59,75.41
76.46,76.46,25.26,52.80,76.21
76.97,76.97,26.36,52.81,73.57
77.01,77.01,25.92,52.42,74.39
76.95,76.95,26.92,55.17,74.36
76.83,76.83,26.67,48.76,71.96
77.00,77.00,26.68,47.61,75.64
76.94,76.94,26.11,52.63,71.88
77.30,77.30,27.67,44.58,74.32
76.95,76.95,27.12,52.05,72.86
76.89,76.89,27.32,51.63,74.10
77.01,77.01,26.45,50.09,71.42
76.82,76.82,26.62,54.07,71.46
76.91,76.91,26.38,43.67,73.40
77.15,77.15,29.82,52.01,74.21
76.62,76.62,28.77,51.40,71.63
76.18,76.18,29.78,47.67,73.88
74.69,74.69,29.35,54.89,71.19
72.42,72.42,25.79,55.83,70.13
71.26,71.26,26.03,50.21,70.62
69.86,69.86,26.53,56.27,69.05
68.95,68.95,27.30,46.81,72.02
68.75,68.75,27.40,52.05,70.21
67.61,67.61,26.51,53.44,70.41
64.83,64.83,26.69,49.93,70.65
63.62,63.62,24.79,55.76,69.95
62.53,62.53,21.43,54.38,69.76
61.20,61.20,18.75,48.66,69.81
58.68,58.68,23.38,52.15,74.19
56.77,56.77,22.23,46.32,73.76
52.35,52.35,19.04,47.69,74.21
51.61,51.61,22.46,47.10,76.65
47.99,47.99,24.14,37.13,73.82
45.52,45.52,22.88,51.12,75.31
44.50,44.50,22.49,51.58,76.17
45.76,45.76,20.76,52.93,75.50
46.00,46.00,20.85,55.15,73.91
46.43,46.43,22.45,46.57,71.86
47.43,47.43,20.78,48.42,72.96
47.88,47.88,23.38,46.17,70.29
48.06,48.06,24.74,44.17,71.16
47.88,47.88,24.18,48.57,70.84
47.67,47.67,20.77,43.65,73.61
48.02,48.02,23.32,43.86,71.52
48.95,48.95,25.67,45.84,73.87
53.12,53.12,27.81,42.80,72.72
56.75,56.75,26.44,51.77,72.91
61.00,61.00,21.77,51.56,73.34
59.81,59.81,21.39,48.07,74.02
59.91,59.91,20.93,51.84,72.89
57.85,57.85,16.73,46.91,73.03
50.32,50.32,19.35,46.10,75.20
43.91,43.91,21.98,50.17,71.59
41.28,41.28,21.85,45.57,72.53
41.86,41.86,18.93,44.43,73.44
42.15,42.15,21.31,52.08,70.75
39.82,39.82,20.15,49.01,74.50
39.37,39.37,21.54,53.96,73.56
37.55,37.55,22.59,45.46,76.87
33.55,33.55,24.13,45.59,69.78
31.24,31.24,24.80,50.90,71.71
27.85,27.85,25.71,46.32,70.52
26.15,26.15,25.18,47.12,72.01
26.51,26.51,25.35,41.93,71.06
24.76,24.76,24.24,42.23,70.69
22.38,22.38,23.28,48.13,71.35
20.45,20.45,23.45,42.55,71.59
17.27,17.27,23.27,46.13,70.08
23.90,23.90,28.20,43.85,73.29
22.87,22.87,29.07,45.52,74.63
20.94,20.94,28.56,47.73,72.28
20.23,20.23,29.16,37.99,72.01
19.05,19.05,29.82,40.73,74.11
19.59,19.59,30.60,41.33,73.19
21.57,21.57,30.80,43.39,72.24
22.27,22.27,30.99,43.86,73.48
22.88,22.88,31.81,37.05,74.59
24.97,24.97,33.48,34.94,72.67
25.77,25.77,33.57,38.51,72.22
27.24,27.24,33.84,40.02,73.65
28.36,28.36,33.41,38.85,70.93
28.01,28.01,31.58,40.89,72.42
27.58,27.58,34.13,40.06,71.05
25.27,25.27,33.07,48.70,71.94
21.83,21.83,31.25,45.69,71.96
15.80,15.80,29.45,43.70,72.10
16.19,16.19,33.06,45.51,74.00
11.46,11.46,29.85,37.55,74.78
14.74,14.74,33.60,41.54,71.78
14.28,14.28,32.65,36.93,75.80
15.29,15.29,32.94,40.98,73.07
17.58,17.58,32.95,40.72,72.86
17.60,17.60,32.88,37.71,74.34
17.24,17.24,31.21,40.96,72.48
16.62,16.62,29.49,44.46,72.84
18.12,18.12,29.28,51.20,73.09
20.44,20.44,30.20,48.21,71.94
16.13,16.13,28.92,41.89,73.72
15.87,15.87,28.88,46.60,73.56
18.77,18.77,29.20,36.59,72.61
17.63,17.63,29.37,47.23,73.81
20.52,20.52,31.17,42.65,70.32
24.06,24.06,29.07,38.46,74.19
20.94,20.94,26.35,44.25,72.85
19.51,19.51,22.00,48.68,72.60
19.45,19.45,26.47,34.89,74.56
22.73,22.73,25.58,41.91,73.32
16.05,16.05,24.59,50.56,74.33
19.28,19.28,27.05,44.12,73.92
19.09,19.09,26.07,48.00,77.79
19.38,19.38,28.01,36.90,74.82
18.14,18.14,27.14,37.73,73.34
18.78,18.78,26.93,49.34,74.09
19.86,19.86,27.46,48.91,75.05
21.22,21.22,28.08,50.84,73.36
21.98,21.98,27.47,48.62,73.74
22.29,22.29,28.06,46.53,73.17
23.95,23.95,28.01,48.78,73.86
23.63,23.63,27.50,46.32,73.97
25.19,25.19,28.83,51.51,75.08
22.94,22.94,28.81,50.71,73.71
21.84,21.84,29.11,43.47,73.48
23.01,23.01,27.56,49.55,73.33
22.73,22.73,26.16,49.69,73.95
22.42,22.42,24.40,43.31,76.49
21.20,21.20,22.13,48.85,73.11
19.56,19.56,20.57,48.96,76.33
18.97,18.97,20.69,44.69,75.74
15.68,15.68,21.45,39.41,76.69
13.58,13.58,20.02,40.71,79.51
12.54,12.54,21.24,36.81,78.23
11.79,11.79,21.53,39.14,76.74
13.40,13.40,22.69,37.66,75.91
14.03,14.03,22.72,45.24,77.31
15.02,15.02,23.46,41.96,76.10
16.00,16.00,23.96,42.65,76.29
15.56,15.56,25.70,41.33,77.73
15.34,15.34,27.32,34.05,77.52
16.08,16.08,28.16,42.94,77.64
15.85,15.85,24.92,38.05,76.68
17.07,17.07,28.34,39.96,74.95
19.42,19.42,27.05,43.85,75.16
16.87,16.87,24.37,40.75,76.21
17.44,17.44,24.10,40.87,74.98
18.42,18.42,26.78,43.91,75.68
18.36,18.36,25.28,35.97,73.83
21.08,21.08,26.71,42.84,75.85
21.19,21.19,26.29,38.79,73.77
24.23,24.23,27.43,41.73,75.03
34.03,34.03,23.46,44.41,75.84
35.41,35.41,22.56,45.88,72.89
30.11,30.11,23.10,46.42,72.55
40.35,40.35,24.52,48.68,71.97
46.42,46.42,23.68,47.63,75.19
47.27,47.27,23.94,47.94,72.11
43.18,43.18,25.18,46.39,70.95
35.66,35.66,26.25,47.52,73.12
33.27,33.27,25.99,46.76,71.76
26.28,26.28,27.04,48.43,73.09
22.84,22.84,27.56,50.27,72.54
27.09,27.09,26.60,47.04,72.46
27.20,27.20,27.55,47.28,70.59
26.55,26.55,28.88,50.03,73.25
25.30,25.30,26.93,46.19,71.12
24.74,24.74,29.47,49.23,72.34
24.53,24.53,29.71,46.36,67.53
26.25,26.25,32.48,47.44,70.73
26.06,26.06,32.34,48.18,69.38
18.60,18.60,28.90,43.44,71.36
16.09,16.09,30.66,45.22,69.49
16.65,16.65,31.69,41.90,67.17
19.73,19.73,32.98,42.68,69.48
21.90,21.90,34.53,43.79,71.08
21.71,21.71,33.89,37.83,70.88
22.09,22.09,33.34,43.22,70.66
26.15,26.15,34.07,42.01,70.02
25.90,25.90,33.89,39.86,69.49
26.47,26.47,33.89,37.30,69.61
25.86,25.86,35.92,39.60,68.36
26.61,26.61,35.74,42.30,71.26
27.82,27.82,33.33,39.89,68.54
27.23,27.23,32.02,38.08,67.23
28.68,28.68,31.22,38.12,70.29
25.20,25.20,25.44,35.66,67.40
20.92,20.92,23.85,36.03,67.30
25.11,25.11,26.94,25.84,70.88
19.48,19.48,27.80,36.72,75.67
15.20,15.20,25.74,33.81,73.93
18.44,18.44,28.08,34.92,75.60
13.75,13.75,23.58,31.85,73.07
12.12,12.12,24.73,30.23,75.38
15.27,15.27,24.60,41.15,73.50
16.73,16.73,25.37,31.84,74.39
18.28,18.28,24.54,35.11,73.65
19.62,19.62,24.97,36.81,73.25
18.08,18.08,22.08,26.92,73.76
18.90,18.90,21.22,39.18,70.46
19.24,19.24,22.30,34.50,71.90
19.59,19.59,22.63,25.97,71.01
18.41,18.41,26.31,38.94,70.93
19.29,19.29,26.12,36.29,70.96
19.24,19.24,25.04,35.95,70.05
22.16,22.16,29.40,43.52,69.50
22.05,22.05,27.65,40.85,71.30
20.16,20.16,25.76,44.35,69.94
20.71,20.71,26.41,41.96,71.48
21.60,21.60,29.16,35.68,73.41
20.23,20.23,33.11,39.61,73.25
19.15,19.15,34.06,27.36,71.91
19.81,19.81,34.01,34.21,76.98
21.24,21.24,34.47,36.18,71.61
21.89,21.89,33.89,37.38,73.36
22.98,22.98,34.56,35.16,73.20
27.06,27.06,34.00,24.72,74.06
27.76,27.76,33.82,32.70,73.17
27.11,27.11,32.32,33.26,74.12
28.45,28.45,32.88,35.85,73.42
27.34,27.34,32.86,27.45,74.19
27.69,27.69,32.30,27.84,73.82
27.08,27.08,35.38,34.00,74.18
28.46,28.46,32.31,34.48,73.72
30.08,30.08,32.73,34.48,74.98
30.09,30.09,36.02,35.86,74.26
30.03,30.03,33.62,35.69,72.96
30.36,30.36,32.85,35.89,75.77
30.89,30.89,29.49,31.48,71.08
26.86,26.86,25.22,35.20,74.62
20.02,20.02,21.49,30.39,76.47
17.71,17.71,21.23,30.24,72.28
15.60,15.60,19.42,34.97,72.93
17.77,17.77,23.27,31.62,74.01
20.23,20.23,22.75,38.49,76.60
23.08,23.08,25.10,39.77,72.97
24.29,24.29,24.57,39.30,72.86
23.98,23.98,27.82,42.23,71.27
24.34,24.34,27.35,34.39,69.47
25.73,25.73,31.64,40.23,70.14
24.63,24.63,24.96,35.75,72.02
25.58,25.58,28.49,35.15,73.27
24.98,24.98,30.74,34.97,71.88
24.27,24.27,30.63,31.35,72.61
26.44,26.44,27.63,41.15,73.83
25.00,25.00,31.95,36.42,71.46
25.86,25.86,26.82,37.86,69.52
25.81,25.81,27.04,34.96,70.49
31.92,31.92,31.23,24.36,71.36
25.87,25.87,27.15,40.43,70.07
17.84,17.84,21.84,34.63,67.82
13.28,13.28,18.21,36.69,73.85
11.10,11.10,19.19,37.36,73.95
11.91,11.91,20.95,34.29,73.56
12.64,12.64,23.14,38.72,74.59
14.23,14.23,23.73,33.97,73.09
18.08,18.08,25.89,40.63,72.88
18.17,18.17,29.39,32.68,72.95
14.84,14.84,25.77,39.11,72.21
15.18,15.18,26.43,37.19,74.35
18.15,18.15,29.69,36.45,72.75
20.62,20.62,24.25,42.84,72.19
22.24,22.24,24.18,39.33,72.71
21.21,21.21,25.26,36.80,70.55
18.58,18.58,27.94,39.46,71.96
16.65,16.65,27.75,45.19,71.59
16.89,16.89,20.48,42.42,70.98
19.65,19.65,22.11,38.59,72.87
17.77,17.77,20.68,30.86,74.88
18.04,18.04,21.64,28.88,76.82
16.62,16.62,22.16,23.07,75.86
14.01,14.01,21.73,34.82,80.63
14.41,14.41,22.43,32.49,78.73
16.92,16.92,22.46,31.39,78.36
18.10,18.10,23.92,36.03,77.41
16.48,16.48,24.52,30.77,77.27
15.50,15.50,24.11,37.78,75.37
15.43,15.43,24.11,35.44,74.71
14.61,14.61,22.77,37.53,74.95
14.13,14.13,21.92,33.19,75.36
15.72,15.72,22.36,33.58,73.95
14.90,14.90,21.67,36.04,76.17
13.89,13.89,21.01,35.32,76.58
15.56,15.56,20.45,37.42,77.49
16.22,16.22,20.93,28.69,75.98
17.89,17.89,20.28,30.79,74.77
18.09,18.09,21.75,35.58,74.11
15.41,15.41,16.13,36.45,72.96
17.01,17.01,16.08,29.79,73.49
18.75,18.75,18.65,28.00,75.92
16.28,16.28,19.61,18.43,75.39
15.95,15.95,21.97,18.03,73.72
16.99,16.99,23.24,21.18,76.52
18.89,18.89,23.82,17.35,76.38
20.23,20.23,24.73,16.13,76.06
22.81,22.81,28.55,28.33,74.83
19.44,19.44,26.76,29.76,75.87
15.85,15.85,23.05,27.64,75.78
13.86,13.86,21.85,26.99,76.27
15.60,15.60,22.67,22.51,77.78
13.10,13.10,22.50,21.67,77.01
12.89,12.89,23.22,29.39,77.59
12.89,12.89,23.26,33.75,78.31
12.60,12.60,22.96,30.45,76.30
11.49,11.49,22.32,29.11,75.92
12.53,12.53,20.26,32.61,75.53
15.78,15.78,22.67,34.15,78.69
16.00,16.00,20.35,27.65,74.65
15.77,15.77,19.31,32.30,75.57
14.79,14.79,19.67,30.30,79.13
14.34,14.34,21.11,29.43,77.46
13.13,13.13,20.93,33.14,76.98
10.21,10.21,21.19,27.36,75.74
9.40,9.40,19.08,34.87,76.13
11.13,11.13,16.87,30.10,78.78
13.98,13.98,16.53,28.28,75.58
18.60,18.60,18.16,32.69,77.11
18.65,18.65,20.59,31.97,76.68
16.93,16.93,21.87,25.04,75.21
17.28,17.28,21.37,27.82,76.34
17.93,17.93,20.53,36.22,74.37
20.90,20.90,20.66,27.38,75.41
20.21,20.21,21.76,32.39,76.44
19.63,19.63,21.58,29.12,74.34
16.74,16.74,23.45,32.19,76.77
18.22,18.22,24.33,34.54,75.97
20.13,20.13,23.30,28.94,74.70
19.58,19.58,24.89,35.32,74.78
19.98,19.98,25.37,29.66,74.08
21.07,21.07,23.83,38.97,74.56
19.24,19.24,23.88,31.58,75.73
19.62,19.62,26.12,31.05,73.48
20.16,20.16,26.28,31.48,75.73
21.02,21.02,26.90,30.64,75.27
25.90,25.90,30.67,32.09,74.01
24.45,24.45,26.19,31.20,75.53
23.06,23.06,26.72,36.02,73.55
22.28,22.28,28.81,32.86,73.64
20.50,20.50,24.86,36.45,75.13
20.59,20.59,27.03,32.98,72.47
21.36,21.36,24.99,32.82,74.63
22.06,22.06,24.72,35.63,72.96
23.00,23.00,22.52,36.73,73.18
24.09,24.09,23.55,38.51,74.20
24.34,24.34,23.19,41.26,72.43
28.65,28.65,24.76,42.09,74.12
31.49,31.49,24.80,35.77,74.36
23.42,23.42,20.45,34.64,76.43
18.84,18.84,25.22,38.06,77.63
15.42,15.42,27.75,31.31,77.74
15.10,15.10,31.13,35.79,77.93
17.26,17.26,32.97,30.28,77.80
19.72,19.72,33.35,30.75,76.52
21.21,21.21,32.70,32.33,76.82
23.49,23.49,33.20,31.35,76.46
24.28,24.28,32.42,23.03,75.33
24.88,24.88,31.95,26.06,74.64
25.36,25.36,31.15,25.39,74.51
27.00,27.00,30.56,27.01,73.89
27.38,27.38,30.95,24.01,73.15
27.54,27.54,30.54,23.16,74.29
29.64,29.64,32.72,32.33,73.36
30.69,30.69,33.89,25.38,73.84
31.63,31.63,34.85,28.96,73.81
31.43,31.43,35.88,28.35,73.58
32.08,32.08,36.20,21.00,74.26
32.44,32.44,36.27,23.89,74.42
33.06,33.06,37.29,28.18,72.82
30.04,30.04,34.94,30.60,73.37
27.65,27.65,34.17,26.39,72.55
28.03,28.03,35.43,21.69,72.07
26.87,26.87,35.15,31.20,71.47
25.79,25.79,34.20,33.67,71.63
25.35,25.35,33.29,31.70,73.50
25.18,25.18,34.30,31.08,73.74
24.95,24.95,31.61,27.60,74.81
24.90,24.90,30.61,29.28,75.43
24.48,24.48,32.18,39.25,75.08
23.08,23.08,30.50,35.15,73.68
23.31,23.31,29.87,28.38,71.85
25.12,25.12,28.88,34.35,71.56
31.33,31.33,25.92,35.45,72.71
41.42,41.42,23.84,35.31,72.46
58.13,58.13,26.44,37.73,74.95
65.25,65.25,23.20,28.82,76.30
71.09,71.09,21.98,34.31,76.13
72.74,72.74,21.21,28.60,76.60
71.57,71.57,21.10,29.38,77.46
70.73,70.73,20.07,21.40,75.20
70.68,70.68,17.23,22.53,78.41
69.48,69.48,21.20,23.97,76.82
69.24,69.24,19.43,29.91,73.55
78.80,78.80,25.65,25.02,73.14
84.46,84.46,31.37,32.32,76.39
83.68,83.68,32.46,25.01,74.18
81.84,81.84,31.18,33.15,72.69
82.18,82.18,31.84,31.57,73.68
81.09,81.09,32.38,30.90,74.13
81.88,81.88,32.80,39.96,74.52
81.21,81.21,30.55,36.06,75.11
79.83,79.83,29.52,32.85,75.73
80.80,80.80,28.68,30.37,74.42
81.06,81.06,29.64,38.23,74.62
80.16,80.16,31.16,34.38,74.35
78.37,78.37,29.53,38.18,71.38
78.56,78.56,31.32,36.89,74.72
79.14,79.14,30.88,27.46,73.15
78.70,78.70,28.19,36.01,72.82
76.46,76.46,25.37,34.43,72.73
77.78,77.78,25.38,34.99,75.37
77.88,77.88,25.21,33.94,73.29
80.06,80.06,25.66,37.37,75.09
79.99,79.99,29.61,32.89,72.60
77.08,77.08,29.55,34.21,76.89
77.78,77.78,29.48,31.18,74.38
81.02,81.02,30.61,30.42,72.10
80.30,80.30,30.16,34.34,73.36
79.41,79.41,33.12,25.65,75.83
78.36,78.36,31.32,36.25,71.49
79.30,79.30,30.14,36.09,75.08
79.26,79.26,30.75,35.55,75.89
77.84,77.84,31.17,32.98,74.55
79.08,79.08,28.62,34.42,75.32
80.03,80.03,30.69,35.12,75.29
79.85,79.85,30.11,32.78,74.67
79.24,79.24,32.11,38.02,75.73
79.20,79.20,31.88,26.17,75.38
79.40,79.40,30.20,31.09,75.35
77.32,77.32,28.70,31.03,75.10
75.95,75.95,29.23,31.02,72.05
74.28,74.28,28.36,33.82,76.43
75.81,75.81,27.45,24.76,73.64
74.84,74.84,29.92,32.49,70.80
74.04,74.04,35.26,37.03,71.14
73.34,73.34,37.16,38.18,71.90
70.84,70.84,39.03,33.76,72.16
70.56,70.56,34.12,37.62,73.62
63.64,63.64,27.30,39.25,72.83
66.84,66.84,23.09,32.30,72.57
72.25,72.25,22.73,34.10,72.99
73.91,73.91,24.44,37.10,73.17
72.20,72.20,25.00,35.01,73.79
70.14,70.14,23.08,36.76,75.71
65.03,65.03,17.88,36.15,73.96
64.42,64.42,20.24,36.50,74.39
59.57,59.57,19.09,33.68,74.50
54.85,54.85,21.09,29.91,72.99
54.54,54.54,21.55,25.48,72.33
56.52,56.52,20.12,33.64,71.82
61.67,61.67,15.82,25.21,72.65
63.04,63.04,11.44,25.79,72.09
76.64,76.64,15.50,29.23,69.98
78.19,78.19,21.12,34.45,72.55
77.89,77.89,23.89,30.27,73.95
77.16,77.16,25.36,29.32,72.04
77.45,77.45,26.62,35.44,73.90
76.49,76.49,28.01,26.90,73.23
76.47,76.47,28.08,30.05,73.33
76.85,76.85,25.34,37.06,72.65
76.39,76.39,26.27,35.50,73.02
75.71,75.71,27.62,34.75,73.50
75.90,75.90,27.63,32.39,72.18
75.19,75.19,28.40,36.32,72.10
75.39,75.39,29.43,30.19,72.37
74.40,74.40,31.23,31.53,71.20
75.23,75.23,29.94,31.57,69.27
75.37,75.37,29.05,36.41,68.59
75.12,75.12,28.31,30.90,69.88
75.48,75.48,29.79,33.90,69.72
74.98,74.98,31.78,36.20,70.14
74.61,74.61,30.80,34.39,71.15
74.65,74.65,32.36,35.39,69.32
74.12,74.12,32.70,34.01,69.25
74.05,74.05,33.51,36.07,70.63
75.31,75.31,34.73,36.68,70.22
75.26,75.26,36.26,35.12,71.37
75.79,75.79,34.51,33.90,71.49
75.10,75.10,34.47,36.12,70.25
73.50,73.50,34.79,32.33,70.18
72.92,72.92,35.55,38.52,72.20
72.77,72.77,37.87,39.22,70.83
72.04,72.04,36.83,37.08,71.35
73.29,73.29,35.87,29.43,70.72
73.40,73.40,35.66,34.96,71.16
73.27,73.27,34.94,33.99,70.44
74.84,74.84,33.38,43.06,70.18
74.42,74.42,32.92,43.14,70.66
74.03,74.03,33.21,39.58,69.34
69.48,69.48,33.47,39.29,68.34
73.18,73.18,34.62,39.43,68.98
71.66,71.66,33.54,29.29,70.14
71.64,71.64,34.38,36.32,67.34
71.20,71.20,34.17,39.44,68.71
69.56,69.56,34.86,39.07,66.61
68.23,68.23,36.72,38.46,68.49
66.21,66.21,38.51,35.44,67.01
63.15,63.15,37.37,35.28,66.35
54.92,54.92,38.32,39.22,66.18
53.92,53.92,40.41,33.67,67.49
54.34,54.34,40.84,33.53,65.88
49.68,49.68,42.83,37.53,65.21
49.04,49.04,42.69,34.05,64.63
47.41,47.41,41.95,28.09,64.84
48.52,48.52,46.41,33.56,65.67
49.95,49.95,46.90,35.36,64.08
48.92,48.92,34.98,31.87,66.95
36.06,36.06,27.73,29.61,73.66
26.95,26.95,26.46,29.17,73.00
27.38,27.38,24.47,29.99,76.32
38.66,38.66,27.59,32.53,75.00
45.69,45.69,28.99,37.52,73.09
49.01,49.01,29.93,41.29,71.49
46.76,46.76,29.93,38.04,72.79
43.52,43.52,29.20,38.86,72.11
46.53,46.53,30.38,36.68,69.45
47.40,47.40,29.04,44.06,73.86
45.32,45.32,30.84,40.97,69.56
44.24,44.24,29.89,34.59,73.61
45.00,45.00,30.63,43.11,69.18
46.53,46.53,32.23,45.33,70.77
45.99,45.99,30.88,37.93,70.68
40.94,40.94,33.91,41.30,69.89
38.55,38.55,33.94,42.81,67.71
38.05,38.05,33.05,43.27,69.73
39.78,39.78,28.36,41.01,69.02
42.34,42.34,37.00,40.83,69.94
53.57,53.57,30.90,44.44,69.36
64.24,64.24,26.82,40.43,71.53
70.60,70.60,29.94,41.68,68.62
76.98,76.98,33.71,40.76,71.12
76.94,76.94,32.01,37.17,70.07
63.21,63.21,21.84,41.18,69.95
61.27,61.27,25.78,42.11,70.87
68.22,68.22,29.37,32.72,69.05
70.05,70.05,26.73,41.83,72.47
72.41,72.41,26.01,41.79,70.22
68.21,68.21,21.58,36.13,70.03
67.39,67.39,13.96,40.31,69.72
77.04,77.04,16.33,44.01,68.73
80.91,80.91,20.57,46.03,69.88
72.77,72.77,23.83,35.14,69.35
59.08,59.08,24.38,41.92,66.01
55.48,55.48,25.43,44.11,66.68
52.63,52.63,21.12,43.00,69.65
48.34,48.34,25.47,41.64,67.62
49.63,49.63,22.91,39.28,68.73
55.40,55.40,23.66,41.43,69.29
64.77,64.77,25.73,39.19,65.41
64.78,64.78,19.30,42.22,68.23
76.40,76.40,22.02,36.05,66.32
80.37,80.37,30.16,39.59,67.91
80.92,80.92,35.17,37.03,69.03
79.75,79.75,35.74,41.86,68.10
78.84,78.84,39.57,42.20,67.85
79.26,79.26,38.00,43.64,68.37
76.37,76.37,34.18,39.83,67.62
73.16,73.16,28.67,34.60,66.59
67.27,67.27,26.82,31.57,67.46
69.41,69.41,27.56,40.96,69.03
70.66,70.66,32.17,41.61,69.64
69.53,69.53,27.01,37.58,67.19
70.70,70.70,29.02,38.56,68.87
69.68,69.68,27.19,37.39,67.59
68.28,68.28,28.01,37.75,69.42
58.71,58.71,25.66,36.02,67.33
58.32,58.32,22.27,38.01,66.28
65.05,65.05,24.31,39.16,67.57
60.48,60.48,19.55,36.65,68.26
62.69,62.69,16.99,31.24,64.55
71.83,71.83,18.00,32.33,65.05
76.98,76.98,24.52,33.04,64.54
76.47,76.47,26.62,34.83,67.30
75.89,75.89,25.90,36.43,65.44
76.97,76.97,27.33,35.82,66.67
77.52,77.52,30.73,35.97,63.64
72.56,72.56,27.14,34.04,63.87
75.52,75.52,26.17,39.81,64.96
76.53,76.53,26.27,39.04,68.29
77.73,77.73,28.68,36.64,64.56
77.36,77.36,30.77,36.79,64.09
76.43,76.43,34.94,42.69,64.29
75.22,75.22,37.00,39.40,64.95
70.96,70.96,34.22,37.92,67.72
59.03,59.03,31.99,37.91,64.36
59.57,59.57,31.91,40.58,63.49
57.74,57.74,32.00,35.16,63.77
65.04,65.04,28.65,35.23,66.16
63.89,63.89,23.70,33.26,69.19
62.11,62.11,23.34,24.93,73.64
65.14,65.14,28.26,17.28,73.37
63.34,63.34,27.28,32.80,77.73
75.42,75.42,29.80,39.85,74.93
80.39,80.39,30.12,40.68,73.50
79.12,79.12,32.44,42.36,72.35
78.00,78.00,33.10,37.55,71.62
77.79,77.79,28.51,39.38,72.93
75.95,75.95,27.34,39.00,71.93
75.33,75.33,29.04,42.80,73.91
74.41,74.41,28.98,35.94,71.06
75.01,75.01,27.70,34.98,71.31
74.97,74.97,27.53,38.36,72.31
75.12,75.12,27.66,34.33,72.09
75.55,75.55,27.25,32.76,69.79
75.75,75.75,28.03,38.96,69.75
75.04,75.04,27.72,36.62,68.44
74.80,74.80,29.93,30.03,65.02
73.83,73.83,30.76,31.60,66.31
72.48,72.48,28.38,33.50,65.81
74.59,74.59,28.16,25.87,68.80
74.88,74.88,26.16,21.72,68.30
74.64,74.64,27.47,21.03,71.10
75.23,75.23,24.23,25.16,73.53
76.34,76.34,25.63,27.40,73.79
77.57,77.57,31.58,29.80,72.34
77.48,77.48,30.89,30.29,72.68
77.49,77.49,30.29,29.54,71.08
76.21,76.21,31.19,30.18,72.83
76.25,76.25,27.40,31.53,73.00
75.82,75.82,28.10,36.55,72.24
73.85,73.85,31.04,37.68,72.50
73.79,73.79,30.49,27.36,73.30
73.82,73.82,30.79,33.76,72.72
74.28,74.28,29.48,33.56,73.51
74.05,74.05,27.63,33.13,72.84
75.07,75.07,28.59,36.12,72.77
75.63,75.63,29.69,25.47,73.68
75.58,75.58,30.02,31.96,73.10
75.04,75.04,29.97,32.15,72.43
75.11,75.11,28.72,31.07,73.03
75.07,75.07,30.09,27.03,70.99
74.06,74.06,31.07,29.76,74.30
72.92,72.92,33.46,27.76,72.11
75.59,75.59,33.49,24.75,75.95
74.57,74.57,34.25,26.72,76.97
74.19,74.19,35.83,30.78,71.93
75.21,75.21,34.73,29.84,72.29
75.35,75.35,33.81,34.63,71.43
73.31,73.31,32.76,29.75,68.72
70.60,70.60,28.42,22.03,72.62
70.86,70.86,24.01,30.27,72.14
73.51,73.51,21.54,25.63,73.26
74.36,74.36,21.91,25.64,70.14
76.74,76.74,24.68,27.18,71.30
76.45,76.45,27.12,35.63,71.73
76.06,76.06,26.58,31.34,69.31
74.48,74.48,29.00,29.50,71.84
72.98,72.98,30.66,32.04,68.80
71.30,71.30,30.96,32.59,71.36
68.00,68.00,32.08,36.17,69.31
60.90,60.90,31.42,30.03,70.50
43.01,43.01,33.80,35.88,71.06
50.34,50.34,32.31,35.19,66.33
46.17,46.17,31.72,29.28,72.72
45.11,45.11,34.11,34.17,68.82
48.24,48.24,32.53,35.04,68.97
40.79,40.79,33.55,33.28,70.94
41.46,41.46,31.95,33.91,65.78
37.45,37.45,33.10,36.33,68.28
35.47,35.47,32.61,37.39,70.02
34.98,34.98,33.92,35.55,69.74
31.56,31.56,34.26,38.98,68.65
29.24,29.24,33.21,33.28,69.34
31.67,31.67,32.93,40.38,68.87
31.56,31.56,32.50,39.52,67.13
32.14,32.14,33.28,39.51,66.73
32.51,32.51,33.43,39.14,69.26
29.51,29.51,33.22,38.16,65.74
29.55,29.55,32.10,42.87,63.09
31.40,31.40,29.42,33.62,70.71
30.87,30.87,28.29,32.81,68.81
37.06,37.06,30.84,30.95,71.18
34.28,34.28,27.69,38.32,73.60
31.18,31.18,30.98,40.52,74.99
24.53,24.53,31.17,41.39,74.76
20.84,20.84,30.21,29.93,73.77
17.37,17.37,28.71,33.08,72.28
14.67,14.67,27.94,30.44,71.17
14.13,14.13,24.21,31.83,67.23
11.66,11.66,24.37,32.92,71.10
10.43,10.43,21.50,33.19,69.65
12.50,12.50,22.06,24.35,75.08
9.76,9.76,20.62,25.64,68.52
13.10,13.10,20.26,33.91,69.79
12.66,12.66,21.50,35.91,70.27
11.92,11.92,21.22,32.42,70.45
14.01,14.01,24.08,32.18,71.28
15.25,15.25,24.59,34.26,71.87
21.20,21.20,26.45,32.82,71.88
22.34,22.34,27.11,38.42,72.68
26.50,26.50,29.45,36.51,68.42
30.88,30.88,28.91,30.70,72.11
35.56,35.56,29.03,34.80,70.52
42.40,42.40,31.83,30.58,71.37
44.57,44.57,30.78,32.11,72.68
44.73,44.73,30.39,32.40,71.50
46.82,46.82,32.39,32.86,67.88
48.38,48.38,30.71,31.90,69.69
51.32,51.32,31.11,31.96,68.90
51.50,51.50,32.93,32.18,72.26
50.39,50.39,31.38,30.91,67.59
51.85,51.85,31.11,36.21,68.30
52.41,52.41,31.29,30.52,69.64
55.78,55.78,32.64,36.29,66.77
50.18,50.18,33.19,36.30,68.63
49.52,49.52,34.12,35.25,68.24
45.58,45.58,34.61,35.98,70.46
43.67,43.67,35.47,31.53,69.65
41.96,41.96,36.67,38.43,66.52
33.60,33.60,35.54,30.73,70.49
20.60,20.60,32.82,37.89,66.52
20.55,20.55,33.37,36.49,69.73
39.16,39.16,32.60,36.42,69.48
49.33,49.33,32.68,35.23,64.20
53.60,53.60,32.57,30.06,67.66
71.45,71.45,32.55,24.74,68.29
70.68,70.68,30.52,35.93,68.00
75.28,75.28,27.29,30.81,69.07
75.07,75.07,27.67,26.50,68.13
75.88,75.88,30.01,36.63,75.10
74.74,74.74,30.23,31.25,70.83
78.56,78.56,32.64,39.29,66.75
79.00,79.00,34.25,40.43,71.64
78.86,78.86,33.93,42.91,64.74
76.87,76.87,34.26,40.62,65.66
73.90,73.90,31.97,41.61,71.41
65.40,65.40,33.35,40.91,64.40
59.99,59.99,33.70,40.49,68.93
59.44,59.44,28.65,45.04,67.50
60.66,60.66,32.28,39.52,65.76
59.46,59.46,31.12,42.46,68.26
59.55,59.55,29.15,34.03,61.68
59.20,59.20,25.08,37.90,69.25
59.58,59.58,27.01,34.44,65.24
60.60,60.60,22.38,33.21,66.10
60.87,60.87,20.53,29.03,69.85
74.45,74.45,24.63,33.84,71.40
77.82,77.82,28.72,27.90,72.59
76.48,76.48,28.72,37.30,66.72
77.25,77.25,28.43,35.58,69.96
76.20,76.20,26.47,36.58,71.56
75.18,75.18,26.92,35.32,71.46
75.76,75.76,26.95,31.89,72.57
74.39,74.39,27.11,33.87,68.64
73.69,73.69,27.12,35.49,70.39
72.95,72.95,29.09,36.44,68.08
73.39,73.39,27.84,34.09,70.67
73.35,73.35,28.40,31.89,69.02
73.58,73.58,33.58,38.24,69.41
73.38,73.38,28.89,34.33,66.55
71.98,71.98,30.94,40.92,70.30
72.28,72.28,34.16,32.90,65.31
71.83,71.83,34.06,36.32,66.03
53.55,53.55,35.65,39.38,65.09
52.12,52.12,25.96,36.01,65.62
54.68,54.68,26.02,33.38,66.80
59.89,59.89,25.06,39.32,66.05
64.56,64.56,24.89,34.86,74.48
64.01,64.01,22.44,27.24,72.20
61.86,61.86,19.90,26.70,73.17
57.31,57.31,20.72,23.34,70.92
58.25,58.25,22.75,17.69,70.33
68.14,68.14,27.38,19.16,74.89
70.50,70.50,29.59,26.08,71.47
69.68,69.68,28.68,34.27,76.01
70.66,70.66,26.57,29.46,72.96
71.62,71.62,24.58,26.81,70.53
74.77,74.77,24.46,33.10,67.44
75.09,75.09,22.14,31.42,68.17
77.30,77.30,24.20,29.82,74.56
75.30,75.30,26.18,20.30,71.24
77.07,77.07,23.57,20.51,69.04
78.12,78.12,24.99,22.41,71.79
76.64,76.64,26.63,21.18,69.07
76.90,76.90,28.08,26.89,71.21
76.15,76.15,27.50,26.44,71.64
73.67,73.67,27.66,36.68,72.26
75.74,75.74,28.06,33.36,73.48
76.01,76.01,28.81,29.03,70.70
75.37,75.37,29.08,30.79,70.88
73.43,73.43,22.54,25.53,71.19
76.57,76.57,25.19,36.48,66.93
76.88,76.88,32.04,38.06,69.45
78.06,78.06,35.86,35.66,69.98
78.60,78.60,33.92,34.48,71.46
76.61,76.61,33.62,31.50,66.28
72.47,72.47,31.00,38.52,69.15
73.07,73.07,30.00,34.39,67.05
73.94,73.94,30.49,32.44,70.19
70.68,70.68,29.90,30.95,68.28
74.88,74.88,32.84,31.67,63.24
72.63,72.63,31.41,36.02,68.52
72.76,72.76,32.67,37.55,66.54
73.02,73.02,34.43,38.18,68.62
71.61,71.61,32.17,40.93,68.57
71.94,71.94,31.25,42.23,68.14
71.67,71.67,34.37,39.11,67.59
71.05,71.05,35.70,39.79,69.49
71.51,71.51,37.17,30.98,70.82
71.90,71.90,37.10,30.94,65.66
72.44,72.44,35.16,31.95,65.43
71.67,71.67,33.33,32.32,70.07
73.66,73.66,34.61,35.04,68.67
74.84,74.84,36.20,38.08,74.78
74.48,74.48,35.76,34.26,70.06
75.69,75.69,35.61,33.29,73.51
76.29,76.29,34.57,36.29,68.65
76.52,76.52,32.04,40.47,73.77
76.08,76.08,31.62,40.73,67.61
75.55,75.55,30.99,42.79,69.69
75.83,75.83,30.28,41.59,71.98
75.02,75.02,30.75,40.34,67.81
73.32,73.32,30.65,38.51,69.91
74.22,74.22,29.90,39.96,69.37
74.19,74.19,31.36,43.56,70.18
74.48,74.48,31.31,39.28,66.47
73.98,73.98,29.39,39.43,69.88
74.93,74.93,29.82,35.99,67.75
74.18,74.18,32.88,41.68,69.80
74.73,74.73,34.96,38.78,68.73
73.36,73.36,35.71,39.24,70.65
72.84,72.84,37.28,37.77,68.39
71.64,71.64,35.81,32.86,69.54
69.54,69.54,35.74,38.46,67.36
69.87,69.87,35.51,37.64,69.89
68.82,68.82,35.59,38.47,69.06
68.13,68.13,36.02,36.31,69.58
67.85,67.85,33.70,33.53,68.04
68.93,68.93,34.32,39.53,68.69
69.61,69.61,36.49,36.04,68.37
68.60,68.60,34.08,28.12,66.64
66.85,66.85,34.34,38.10,68.70
64.35,64.35,34.33,36.75,67.97
59.45,59.45,35.69,31.33,67.87
53.90,53.90,36.42,38.22,68.36
51.18,51.18,33.89,34.47,68.24
45.00,45.00,38.33,37.32,67.48
57.08,57.08,42.89,38.46,68.50
63.32,63.32,46.15,34.40,68.23
66.31,66.31,42.45,36.44,68.61
66.37,66.37,43.21,32.79,66.64
60.85,60.85,37.70,36.48,66.02
61.76,61.76,34.56,35.69,65.49
70.57,70.57,38.52,36.11,65.97
56.16,56.16,41.86,36.02,64.10
57.94,57.94,34.50,36.20,64.04
63.64,63.64,32.12,32.90,62.55
76.96,76.96,30.66,29.26,65.34
75.01,75.01,36.13,34.89,67.33
74.93,74.93,33.74,33.46,58.74
75.94,75.94,28.67,36.68,59.91
74.17,74.17,32.21,35.72,59.42
75.27,75.27,32.68,40.13,63.12
74.68,74.68,39.44,39.57,58.13
73.60,73.60,40.52,40.68,60.29
74.94,74.94,42.00,40.79,62.07
74.60,74.60,33.16,36.48,60.87
73.26,73.26,38.56,44.83,61.57
72.83,72.83,34.46,39.07,57.47
76.03,76.03,46.44,42.07,61.47
73.04,73.04,44.88,40.00,58.38
73.83,73.83,44.73,40.76,60.51
74.39,74.39,39.61,40.03,58.23
73.07,73.07,39.09,38.04,56.40
71.90,71.90,46.94,37.61,54.41
72.34,72.34,48.68,36.57,59.86
73.03,73.03,46.53,40.50,58.53
73.83,73.83,40.93,39.40,57.05
77.29,77.29,43.10,39.80,56.00
75.71,75.71,42.82,34.62,54.05
75.17,75.17,45.06,39.40,55.55
75.23,75.23,45.06,44.10,56.15
76.02,76.02,41.42,37.66,55.72
77.47,77.47,44.00,37.40,54.27
76.95,76.95,44.74,41.97,56.47
76.73,76.73,40.24,36.93,55.14
74.93,74.93,39.28,34.14,57.76
76.66,76.66,45.47,39.56,57.23
76.04,76.04,48.07,40.08,60.56
75.17,75.17,46.16,37.89,58.57
75.35,75.35,41.67,39.59,60.86
76.91,76.91,44.60,36.88,60.65
76.79,76.79,41.42,37.85,59.53
75.75,75.75,37.49,36.26,62.15
76.69,76.69,43.67,38.90,59.91
76.69,76.69,40.07,38.48,61.93
76.14,76.14,48.04,37.15,61.83
76.72,76.72,44.60,38.95,59.91
75.43,75.43,44.39,38.27,59.65
74.27,74.27,43.02,37.60,59.82
74.21,74.21,41.87,36.73,62.02
73.19,73.19,42.32,36.09,64.22
74.37,74.37,43.33,39.39,62.67
71.03,71.03,42.88,38.15,64.47
70.47,70.47,42.94,38.15,64.84
70.13,70.13,40.84,41.54,64.73
70.86,70.86,46.62,44.04,66.15
71.09,71.09,45.85,43.78,65.69
69.69,69.69,49.85,40.60,65.14
62.16,62.16,49.94,42.57,65.14
52.91,52.91,46.28,41.03,64.91
47.81,47.81,43.71,37.07,63.82
45.49,45.49,42.05,36.67,63.29
45.93,45.93,43.90,33.31,62.26
44.83,44.83,51.02,36.63,63.01
45.45,45.45,49.85,37.16,63.52
44.96,44.96,50.82,37.44,62.35
46.90,46.90,46.71,36.70,61.52
46.23,46.23,43.75,36.15,64.12
54.73,54.73,47.25,32.28,62.40
57.07,57.07,50.03,38.33,61.80
58.61,58.61,47.03,41.91,59.64
63.17,63.17,49.22,35.76,61.02
67.27,67.27,43.70,39.28,60.66
76.58,76.58,43.81,37.40,60.75
79.39,79.39,39.59,34.19,58.24
78.99,78.99,37.96,39.50,59.27
76.78,76.78,37.26,38.75,63.65
76.83,76.83,43.91,38.90,62.45
77.99,77.99,41.30,40.73,59.02
77.89,77.89,36.10,36.75,60.29
76.59,76.59,38.60,41.08,60.04
76.35,76.35,37.56,38.17,62.25
74.15,74.15,37.70,35.81,63.16
73.17,73.17,36.75,36.87,61.62
73.42,73.42,40.17,41.73,58.92
72.86,72.86,40.66,39.09,62.58
72.82,72.82,43.71,40.39,62.60
72.84,72.84,40.99,41.07,61.74
72.00,72.00,41.37,40.30,60.18
69.54,69.54,41.53,44.48,61.34
68.93,68.93,43.02,38.22,59.62
67.98,67.98,42.60,43.40,61.98
67.95,67.95,46.47,41.28,61.86
64.29,64.29,46.31,38.66,62.52
60.02,60.02,48.70,41.51,60.26
56.33,56.33,46.78,39.03,61.46
56.55,56.55,49.29,32.97,60.47
58.92,58.92,49.88,40.15,60.59
57.25,57.25,49.84,41.09,60.72
57.10,57.10,48.93,40.36,59.78
58.08,58.08,49.47,40.60,60.77
57.98,57.98,47.86,35.72,59.42
60.32,60.32,47.73,36.46,60.08
56.96,56.96,45.84,34.42,59.31
52.42,52.42,48.36,37.98,58.40
46.38,46.38,50.20,37.94,57.71
43.36,43.36,49.31,40.23,57.01
41.83,41.83,47.22,36.52,57.48
43.03,43.03,53.80,44.46,56.80
47.00,47.00,49.00,39.75,55.12
50.10,50.10,48.26,41.22,54.78
46.30,46.30,45.98,39.86,55.52
45.78,45.78,48.92,40.99,54.80
57.81,57.81,47.46,41.98,55.27
62.78,62.78,48.12,44.03,56.45
62.23,62.23,45.28,40.43,56.06
60.22,60.22,48.94,43.17,57.82
58.02,58.02,43.44,42.21,59.12
55.18,55.18,48.21,41.05,59.10
53.83,53.83,42.84,42.55,57.77
51.92,51.92,42.90,40.44,59.19
53.39,53.39,41.69,36.75,58.05
67.51,67.51,34.44,31.41,58.68
78.92,78.92,34.10,32.01,58.26
74.72,74.72,40.26,32.11,58.70
75.41,75.41,44.62,31.73,59.77
75.79,75.79,45.58,37.70,58.76
76.43,76.43,42.67,39.11,61.76
75.24,75.24,40.11,38.28,59.83
74.71,74.71,42.23,30.31,59.48
75.16,75.16,47.90,38.34,58.32
76.05,76.05,44.90,37.81,58.57
77.11,77.11,44.37,36.62,59.84
77.86,77.86,43.68,30.94,57.56
78.46,78.46,42.84,38.00,59.51
78.61,78.61,43.87,36.54,55.88
78.34,78.34,40.72,30.02,55.61
78.27,78.27,43.29,29.92,56.18
78.68,78.68,41.94,34.48,55.41
78.06,78.06,43.87,32.97,56.75
78.84,78.84,43.53,34.03,54.33
78.24,78.24,44.35,34.68,55.80
79.38,79.38,43.44,33.07,55.64
78.12,78.12,39.64,36.95,57.34
76.27,76.27,42.14,31.15,55.60
75.14,75.14,40.27,36.44,57.47
75.83,75.83,47.03,34.44,55.50
75.50,75.50,44.88,32.94,56.77
75.87,75.87,43.05,31.78,56.12
74.98,74.98,46.67,28.64,58.40
74.24,74.24,43.48,28.19,57.65
73.60,73.60,43.40,28.66,57.08
72.84,72.84,48.59,27.72,58.29
72.57,72.57,44.20,25.11,59.84
74.03,74.03,44.35,29.92,60.87
74.66,74.66,47.34,29.35,60.35
75.22,75.22,46.46,26.11,59.28
74.34,74.34,46.80,26.83,58.74
74.10,74.10,44.16,22.95,58.72
74.87,74.87,46.97,28.80,59.13
74.75,74.75,50.82,24.94,58.96
75.81,75.81,47.17,27.63,59.28
75.60,75.60,44.51,23.91,58.39
75.37,75.37,45.97,22.81,58.83
75.05,75.05,44.07,24.81,56.83
74.78,74.78,45.65,27.87,57.39
74.36,74.36,48.73,26.20,58.86
74.42,74.42,42.24,22.35,57.59
74.51,74.51,43.65,16.93,57.44
75.16,75.16,40.35,22.71,57.32
75.37,75.37,49.15,30.88,56.06
74.44,74.44,49.99,28.35,56.12
74.53,74.53,47.95,28.60,55.94
73.71,73.71,41.33,27.39,56.73
74.68,74.68,40.37,25.39,56.05
74.36,74.36,42.83,24.44,55.49
73.63,73.63,48.64,27.58,54.39
74.35,74.35,50.84,33.50,56.27
75.23,75.23,43.25,27.67,54.58
75.19,75.19,44.32,32.88,53.28
74.93,74.93,42.25,31.37,50.66
74.90,74.90,42.45,25.45,48.65
74.49,74.49,47.60,33.65,49.22
74.71,74.71,47.36,35.51,47.10
75.36,75.36,44.21,33.76,50.60
75.67,75.67,40.25,35.10,48.65
75.54,75.54,45.00,33.46,47.10
74.06,74.06,46.66,22.58,48.00
74.44,74.44,49.89,33.65,47.11
74.70,74.70,45.19,29.59,47.19
74.09,74.09,44.20,33.93,45.37
75.42,75.42,46.64,30.21,44.10
74.75,74.75,51.53,32.68,44.31
75.33,75.33,50.07,36.21,43.91
75.56,75.56,44.87,36.06,41.08
75.01,75.01,46.28,32.74,42.58
75.09,75.09,43.41,35.28,45.15
74.86,74.86,39.32,35.74,45.09
74.56,74.56,46.16,36.17,45.35
74.56,74.56,48.78,44.29,48.72
74.14,74.14,44.69,34.41,43.38
74.15,74.15,48.32,41.18,46.44
74.97,74.97,44.29,39.22,43.67
74.59,74.59,45.09,34.45,44.41
74.92,74.92,46.09,34.84,41.16
73.71,73.71,43.64,34.84,40.89
73.66,73.66,47.30,40.55,41.74
73.30,73.30,47.33,41.45,41.79
72.80,72.80,43.27,44.50,45.01
72.77,72.77,42.37,41.69,44.72
72.12,72.12,43.45,41.72,43.88
71.18,71.18,45.22,42.99,42.78
67.30,67.30,45.71,47.14,41.12
64.77,64.77,49.37,46.29,37.97
60.82,60.82,43.58,49.81,35.41
54.60,54.60,45.04,49.32,35.47
50.22,50.22,47.93,46.82,33.01
45.34,45.34,49.26,43.75,31.48
44.47,44.47,48.99,42.10,29.78
43.18,43.18,50.46,39.32,31.25
44.36,44.36,49.05,42.15,28.86
43.83,43.83,50.70,44.59,28.77
41.91,41.91,49.10,45.12,28.31
41.42,41.42,47.37,43.66,29.38
42.56,42.56,48.44,40.60,29.73
40.69,40.69,43.56,38.09,28.02
42.16,42.16,51.23,45.49,27.22
40.62,40.62,46.23,45.91,24.89
40.61,40.61,50.68,49.92,28.02
40.50,40.50,45.01,47.85,28.04
42.55,42.55,48.12,48.35,31.69
40.77,40.77,47.01,48.81,32.18
40.25,40.25,47.31,48.45,32.64
38.81,38.81,50.11,50.65,32.03
38.87,38.87,44.20,47.83,33.37
39.72,39.72,49.82,50.16,33.90
39.99,39.99,48.58,50.03,33.95
37.84,37.84,49.18,50.03,34.50
38.21,38.21,46.19,48.72,33.89
36.51,36.51,42.17,49.31,31.96
41.72,41.72,46.97,48.89,33.15
38.22,38.22,43.01,47.79,33.12
38.95,38.95,51.01,51.57,32.24
40.74,40.74,41.88,49.27,32.73
39.13,39.13,50.82,49.87,32.16
37.21,37.21,48.58,49.32,31.75
40.06,40.06,47.39,49.97,32.04
38.15,38.15,50.24,51.51,32.26
36.91,36.91,44.00,50.71,32.18
39.55,39.55,48.98,50.69,32.89
37.80,37.80,43.70,51.04,31.83
38.29,38.29,47.20,53.08,32.02
37.53,37.53,48.45,52.77,32.55
41.61,41.61,48.12,52.02,32.78
38.09,38.09,48.34,52.46,31.65
35.52,35.52,48.91,52.34,30.35
37.39,37.39,46.18,49.84,29.20
34.37,34.37,46.66,49.51,27.24
39.63,39.63,49.84,47.99,27.36
32.75,32.75,45.46,48.75,26.16
34.67,34.67,47.92,48.67,26.52
35.42,35.42,45.41,46.73,25.63
29.87,29.87,50.38,49.58,25.69
31.33,31.33,48.60,49.27,22.43
36.73,36.73,49.52,52.29,26.67
30.14,30.14,50.18,50.21,27.04
33.30,33.30,42.40,47.52,27.65
32.65,32.65,48.78,46.38,26.32
35.28,35.28,46.70,47.24,27.77
34.28,34.28,49.17,49.50,27.59
32.81,32.81,44.31,47.97,25.87
35.01,35.01,48.82,48.03,25.01
32.35,32.35,45.92,47.34,23.52
33.11,33.11,44.39,48.04,25.44
30.93,30.93,47.85,47.43,25.64
31.76,31.76,45.10,47.31,26.66
34.22,34.22,48.55,46.53,26.23
32.48,32.48,42.05,45.56,25.54
31.03,31.03,47.28,46.74,25.63
31.59,31.59,44.75,46.67,24.54
31.70,31.70,45.49,46.48,25.95
32.64,32.64,44.63,44.99,25.66
31.21,31.21,44.07,44.78,25.73
31.34,31.34,49.62,41.07,27.40
33.72,33.72,44.97,44.54,27.82
31.87,31.87,48.56,43.41,27.63
32.90,32.90,48.08,43.48,27.54
32.18,32.18,47.47,45.25,26.80
30.33,30.33,40.21,43.27,26.40
33.05,33.05,47.97,41.22,26.41
33.09,33.09,43.96,39.05,25.19
31.21,31.21,46.75,44.22,26.25
31.89,31.89,46.48,41.89,25.26
30.53,30.53,42.43,43.24,23.50
30.91,30.91,46.08,42.56,21.48
30.50,30.50,37.89,43.98,22.65
31.35,31.35,44.20,44.40,22.75
30.78,30.78,42.52,43.00,22.91
28.44,28.44,43.78,44.19,21.05
29.56,29.56,43.59,42.25,20.42
28.15,28.15,41.81,42.27,17.64
30.04,30.04,48.34,42.00,19.04
29.04,29.04,43.36,43.44,15.97
28.30,28.30,48.80,40.42,18.70
31.64,31.64,42.37,41.61,17.70
29.55,29.55,49.32,41.61,19.09
31.13,31.13,41.98,39.89,19.05
31.49,31.49,48.00,42.82,18.96
29.20,29.20,42.54,38.32,20.00
31.89,31.89,40.93,42.34,20.15
32.48,32.48,41.77,42.69,20.78
31.02,31.02,42.75,44.11,21.64
32.54,32.54,39.41,43.03,22.17
31.53,31.53,41.23,42.77,22.06
31.94,31.94,43.70,42.40,22.91
32.85,32.85,37.83,43.49,22.16
32.50,32.50,46.16,44.48,21.83
30.53,30.53,44.48,42.86,22.81
32.36,32.36,47.54,44.36,21.68
32.08,32.08,45.28,41.08,20.93
28.86,28.86,46.12,43.49,19.81
30.48,30.48,44.71,42.58,18.66
32.48,32.48,43.37,43.92,19.24
31.23,31.23,43.46,39.95,19.03
32.26,32.26,42.64,43.20,19.00
31.08,31.08,45.30,42.84,18.29
30.48,30.48,44.41,40.80,17.56
31.67,31.67,46.71,44.87,17.98
30.90,30.90,43.25,42.64,19.06
26.97,26.97,42.88,43.77,19.23
30.80,30.80,44.88,41.33,19.15
30.30,30.30,39.91,41.31,19.31
30.05,30.05,44.51,39.67,18.95
31.10,31.10,39.13,41.90,18.42
30.02,30.02,43.77,41.43,18.01
28.63,28.63,39.41,39.86,17.46
30.24,30.24,43.58,42.87,17.78
30.40,30.40,43.16,42.84,16.96
29.84,29.84,40.73,43.84,17.25
30.65,30.65,46.99,41.97,16.20
28.63,28.63,41.21,41.62,16.07
27.37,27.37,49.10,43.04,14.50
27.34,27.34,41.59,40.60,14.05
26.65,26.65,48.47,41.22,13.07
27.16,27.16,41.89,40.20,14.03
27.65,27.65,45.31,43.40,13.18
24.11,24.11,42.44,40.64,14.33
27.00,27.00,42.88,43.46,13.48
27.17,27.17,46.56,41.88,13.24
22.86,22.86,41.12,42.83,14.12
22.72,22.72,48.51,43.49,12.31
25.24,25.24,43.72,42.91,15.08
25.19,25.19,46.70,43.54,16.10
25.21,25.21,38.83,40.97,16.29
27.17,27.17,43.28,42.45,15.40
24.70,24.70,44.20,41.87,14.48
27.15,27.15,45.41,44.13,14.50
26.70,26.70,45.18,43.43,12.98
24.28,24.28,42.08,44.56,11.12
23.82,23.82,46.39,44.73,9.88
29.05,29.05,40.52,43.53,11.56
25.87,25.87,46.53,43.87,8.40
23.98,23.98,39.85,41.70,9.03
27.27,27.27,45.85,44.80,8.75
24.17,24.17,43.60,42.29,13.80
24.32,24.32,42.98,43.68,14.64
25.47,25.47,45.33,40.73,13.79
27.06,27.06,40.71,42.78,12.41
25.40,25.40,45.98,38.07,13.16
29.69,29.69,33.93,39.48,14.97
29.04,29.04,43.57,39.20,16.76
25.57,25.57,39.55,38.01,18.29
30.58,30.58,41.70,39.68,17.71
27.99,27.99,39.34,38.61,12.85
25.99,25.99,44.87,42.05,9.48
25.67,25.67,45.91,40.18,9.29
24.30,24.30,39.18,40.95,8.43
24.94,24.94,45.95,39.81,9.47
24.08,24.08,40.75,39.03,7.93
26.56,26.56,45.27,39.14,9.38
25.67,25.67,40.17,36.78,5.64
25.86,25.86,44.15,41.53,6.24
25.15,25.15,42.19,38.59,7.14
23.66,23.66,39.04,39.33,5.98
21.53,21.53,45.30,36.37,6.89
23.30,23.30,40.60,39.13,6.34
23.85,23.85,46.16,37.32,6.74
20.34,20.34,39.23,37.53,6.25
22.42,22.42,46.07,39.51,5.01
23.94,23.94,37.71,38.01,3.24
25.00,25.00,45.34,37.72,3.59
24.01,24.01,41.03,34.99,3.68
23.23,23.23,41.62,37.79,5.98
22.39,22.39,42.38,35.19,5.76
21.87,21.87,41.36,37.72,5.13
25.48,25.48,44.18,35.09,6.18
22.11,22.11,37.18,33.69,6.98
24.45,24.45,43.41,32.11,3.95
24.11,24.11,38.42,31.45,3.03
24.59,24.59,42.05,34.99,3.01
25.46,25.46,39.97,32.29,2.45
22.98,22.98,39.88,35.38,4.99
24.27,24.27,43.48,33.78,5.91
23.17,23.17,37.29,33.29,4.46
22.76,22.76,45.61,33.18,3.92
23.73,23.73,38.64,34.68,3.57
25.15,25.15,44.17,33.09,4.37
22.33,22.33,39.93,33.75,4.55
24.48,24.48,44.35,34.30,6.57
25.06,25.06,40.98,31.13,6.82
25.92,25.92,40.59,32.77,10.26
27.01,27.01,39.02,28.99,12.20
27.30,27.30,38.45,34.61,12.09
26.10,26.10,39.84,31.81,9.67
28.89,28.89,39.18,31.82,5.56
26.79,26.79,40.72,29.50,5.57
24.83,24.83,36.25,28.58,5.86
29.00,29.00,42.25,28.14,7.59
28.21,28.21,38.71,23.41,7.00
22.77,22.77,38.50,27.45,6.78
25.15,25.15,38.51,24.82,6.63
22.23,22.23,38.55,27.31,6.18
26.02,26.02,42.13,26.37,6.68
26.40,26.40,39.17,28.02,11.19
22.70,22.70,42.87,27.12,16.12
24.36,24.36,46.39,32.76,14.42
26.65,26.65,41.79,38.13,29.15
27.89,27.89,54.46,41.90,41.04
31.82,31.82,49.53,41.81,45.96
34.21,34.21,51.89,41.00,47.63
31.58,31.58,53.56,45.51,48.35
32.03,32.03,58.55,46.42,48.66
33.18,33.18,47.04,45.87,48.71
32.89,32.89,55.32,47.92,49.17
32.31,32.31,52.41,47.80,48.51
33.37,33.37,57.21,45.80,48.40
34.41,34.41,50.17,44.23,47.61
32.12,32.12,55.43,45.69,46.75
32.61,32.61,56.70,47.98,46.76
33.00,33.00,48.54,42.32,47.68
32.88,32.88,54.10,42.72,48.43
35.76,35.76,57.66,38.88,48.24
30.33,30.33,51.64,36.41,52.39
28.23,28.23,36.59,32.29,54.73
23.67,23.67,38.63,30.18,53.61
17.87,17.87,46.25,31.65,57.49
14.00,14.00,62.03,39.44,68.18
17.31,17.31,72.68,57.77,79.59
17.79,17.79,76.83,65.48,83.84
19.52,19.52,90.88,66.56,82.14
24.48,24.48,91.86,68.94,85.52
24.53,24.53,84.59,71.80,83.76
22.55,22.55,79.49,71.44,83.67
23.16,23.16,77.85,75.09,87.94
24.29,24.29,72.24,72.32,83.55
21.94,21.94,70.64,69.38,84.75
22.17,22.17,74.66,65.70,83.93
22.17,22.17,73.82,72.63,84.43
21.53,21.53,70.00,74.86,86.99
21.92,21.92,59.67,73.24,85.11
21.79,21.79,63.86,71.35,86.25
22.24,22.24,66.69,74.92,86.40
21.34,21.34,70.13,73.48,85.75
23.29,23.29,63.26,75.56,86.03
22.57,22.57,53.51,74.62,84.09
21.57,21.57,58.73,75.34,83.98
21.32,21.32,61.80,76.12,86.18
20.57,20.57,59.73,75.68,83.98
20.60,20.60,54.70,75.43,85.06
20.95,20.95,57.31,75.11,87.16
17.47,17.47,55.55,76.04,86.03
16.30,16.30,51.49,75.51,88.25
14.36,14.36,56.52,76.93,85.53
15.74,15.74,58.25,71.86,85.78
17.89,17.89,58.17,75.61,86.60
19.05,19.05,56.76,73.39,84.75
22.02,22.02,51.92,75.98,84.77
23.18,23.18,50.41,73.38,85.03
23.12,23.12,52.63,70.91,85.24
24.50,24.50,57.03,76.73,85.33
23.32,23.32,50.10,73.89,82.86
20.90,20.90,49.12,75.61,84.30
21.54,21.54,54.07,74.10,83.93
19.33,19.33,55.36,75.93,82.90
17.18,17.18,59.98,75.52,81.92
13.81,13.81,65.57,78.26,81.55
11.71,11.71,83.04,72.43,82.22
6.47,6.47,88.86,70.13,84.39
2.56,2.56,79.60,72.00,85.19
1.05,1.05,78.30,74.03,83.92
1.18,1.18,73.06,76.44,86.57
4.25,4.25,63.65,74.17,83.82
9.64,9.64,63.41,74.93,85.55
11.83,11.83,60.56,73.79,83.99
16.45,16.45,57.65,75.67,82.61
18.29,18.29,58.51,75.91,83.35
19.66,19.66,56.79,73.53,83.80
23.72,23.72,55.95,73.58,81.96
23.57,23.57,53.64,75.05,83.68
22.86,22.86,52.60,72.88,83.69
24.18,24.18,53.04,72.98,81.70
23.48,23.48,52.32,74.88,84.96
22.29,22.29,50.21,71.61,80.94
20.47,20.47,47.79,74.99,83.66
17.83,17.83,46.78,75.01,84.19
16.19,16.19,44.78,75.36,81.57
15.86,15.86,44.34,76.67,84.19
19.81,19.81,46.01,77.54,83.54
21.89,21.89,45.39,78.13,82.41
19.79,19.79,45.00,78.49,84.20
16.21,16.21,39.95,77.44,83.11
16.58,16.58,39.39,79.28,85.25
15.42,15.42,36.44,79.89,85.64
14.17,14.17,33.50,76.41,83.23
14.30,14.30,31.44,79.16,84.26
14.63,14.63,33.22,76.38,83.23
13.81,13.81,32.31,79.78,83.59
13.70,13.70,32.94,77.36,84.33
11.35,11.35,30.94,76.50,82.37
11.54,11.54,28.54,77.93,82.93
12.03,12.03,29.34,77.86,81.72
14.82,14.82,30.03,77.17,81.27
14.56,14.56,28.52,77.59,82.74
12.92,12.92,31.80,78.28,82.46
12.67,12.67,49.68,77.67,82.54
12.13,12.13,67.88,76.75,82.52
15.13,15.13,70.85,71.21,82.85
16.09,16.09,83.41,70.39,81.68
16.88,16.88,93.47,67.12,80.94
17.47,17.47,90.70,66.81,80.45
21.51,21.51,79.89,68.80,80.77
20.11,20.11,72.51,71.18,80.53
19.69,19.69,79.66,75.95,81.29
18.87,18.87,68.07,75.50,80.90
15.85,15.85,74.04,74.65,82.51
15.27,15.27,70.14,74.16,80.16
15.45,15.45,67.52,75.77,81.96
14.09,14.09,67.87,75.05,82.52
11.88,11.88,65.62,75.86,81.05
11.89,11.89,57.86,74.22,81.90
13.14,13.14,58.37,76.73,81.66
13.53,13.53,55.41,76.25,83.16
13.64,13.64,55.24,77.15,82.91
13.66,13.66,49.51,75.83,82.65
13.85,13.85,51.80,73.94,83.35
12.87,12.87,55.04,77.70,83.73
14.19,14.19,56.33,75.09,82.59
17.97,17.97,55.11,76.27,83.83
18.19,18.19,60.17,73.69,81.96
16.91,16.91,60.90,73.93,81.81
17.11,17.11,62.26,75.47,82.63
16.90,16.90,47.69,75.93,79.47
18.83,18.83,49.80,72.78,81.46
18.79,18.79,48.44,74.56,79.70
17.03,17.03,60.08,74.96,82.82
16.58,16.58,63.27,77.57,81.09
15.51,15.51,51.61,73.67,81.93
17.02,17.02,42.48,74.59,83.52
16.75,16.75,44.31,75.83,83.12
16.36,16.36,48.89,74.03,83.25
15.31,15.31,47.73,75.54,83.35
17.40,17.40,46.90,71.90,81.55
19.60,19.60,40.62,75.69,82.21
18.47,18.47,48.78,74.17,81.16
15.23,15.23,61.63,73.08,80.54
11.13,11.13,74.09,73.27,78.31
9.61,9.61,80.38,73.35,78.47
7.76,7.76,88.97,70.63,78.50
8.05,8.05,81.06,71.75,79.24
5.27,5.27,78.35,71.21,79.18
2.71,2.71,75.88,69.73,81.67
5.83,5.83,75.00,69.10,83.24
11.71,11.71,68.07,68.24,83.85
16.80,16.80,71.50,73.36,79.26
18.52,18.52,72.37,67.10,80.87
21.07,21.07,64.37,70.07,81.75
23.39,23.39,54.50,71.29,79.85
22.38,22.38,57.69,65.17,81.22
23.07,23.07,57.99,65.52,81.44
25.51,25.51,50.81,65.22,82.50
26.88,26.88,50.79,65.83,81.75
26.69,26.69,45.65,66.00,81.44
28.07,28.07,44.12,65.92,82.45
30.56,30.56,47.14,63.49,82.32
29.49,29.49,39.14,63.90,81.72
26.45,26.45,42.47,55.58,81.87
25.94,25.94,46.31,61.22,80.46
24.31,24.31,55.95,55.82,81.21
22.51,22.51,58.88,60.82,82.01
23.03,23.03,61.98,65.29,83.04
25.05,25.05,58.07,70.20,80.78
26.94,26.94,57.79,72.44,83.08
25.49,25.49,48.98,67.95,81.55
25.95,25.95,45.61,62.49,82.83
25.35,25.35,49.86,67.27,83.40
24.88,24.88,48.54,74.27,81.45
25.04,25.04,45.86,67.48,85.41
24.62,24.62,44.84,70.20,80.27
23.23,23.23,44.12,71.39,85.33
22.70,22.70,30.53,73.83,81.80
23.27,23.27,30.96,69.69,81.96
24.19,24.19,33.29,71.73,82.67
23.97,23.97,27.16,67.46,79.13
22.00,22.00,29.00,73.58,81.82
17.80,17.80,49.75,67.51,79.15
16.56,16.56,62.06,67.70,78.45
20.09,20.09,68.08,65.86,80.84
19.16,19.16,70.01,53.92,82.98
16.78,16.78,91.92,66.82,83.09
15.01,15.01,90.70,66.36,78.78
14.09,14.09,85.69,61.62,81.17
14.32,14.32,85.39,70.48,83.03
15.18,15.18,79.45,74.39,81.87
15.42,15.42,76.33,73.69,81.48
13.44,13.44,68.21,75.62,81.08
12.09,12.09,62.27,75.51,82.66
9.26,9.26,67.37,74.89,81.66
7.27,7.27,69.21,76.66,82.32
5.52,5.52,56.18,76.28,82.43
3.79,3.79,56.10,75.30,82.57
3.77,3.77,64.88,73.00,84.40
3.58,3.58,65.63,73.51,81.03
2.73,2.73,65.07,75.59,84.36
3.42,3.42,64.41,73.11,81.35
4.84,4.84,60.56,75.81,82.25
8.73,8.73,61.25,75.75,83.33
13.05,13.05,57.36,74.43,80.37
16.39,16.39,56.78,75.83,82.82
19.22,19.22,59.28,75.93,84.68
18.18,18.18,63.80,76.29,82.07
16.92,16.92,67.84,75.69,82.78
16.66,16.66,65.51,76.31,82.88
16.55,16.55,61.38,76.23,82.61
15.28,15.28,54.49,74.70,83.82
15.72,15.72,49.43,74.55,81.80
14.95,14.95,59.67,75.36,82.60
15.50,15.50,53.50,73.80,81.58
14.88,14.88,56.07,75.17,80.29
13.94,13.94,55.80,75.83,82.36
13.66,13.66,57.84,75.36,81.60
13.21,13.21,55.12,75.79,82.81
14.37,14.37,53.16,76.46,80.19
14.87,14.87,51.23,76.18,82.73
14.10,14.10,46.37,74.88,81.57
12.77,12.77,49.97,75.78,78.81
7.39,7.39,51.21,76.93,82.03
7.75,7.75,60.77,76.20,81.80
12.33,12.33,73.33,74.31,80.75
12.11,12.11,80.79,73.40,81.26
7.44,7.44,85.17,72.41,80.22
2.35,2.35,75.72,72.58,79.12
2.17,2.17,77.98,74.24,81.76
2.93,2.93,71.48,74.30,82.04
5.48,5.48,67.16,73.83,82.46
6.26,6.26,64.42,75.15,81.64
10.01,10.01,61.83,74.52,80.77
9.59,9.59,59.38,75.04,82.97
9.23,9.23,56.36,73.35,80.08
10.64,10.64,55.08,73.78,81.11
11.04,11.04,54.11,73.32,79.06
12.85,12.85,51.15,72.18,80.02
15.28,15.28,47.39,73.19,81.28
17.64,17.64,43.72,73.79,82.26
16.63,16.63,39.82,69.84,81.02
17.24,17.24,36.47,71.70,82.68
16.38,16.38,35.43,71.72,80.74
22.58,22.58,38.67,68.80,79.47
21.94,21.94,42.99,67.71,83.89
22.18,22.18,48.88,69.46,81.99
23.02,23.02,51.38,69.28,83.68
21.44,21.44,51.55,72.17,81.42
21.50,21.50,47.14,71.14,82.36
22.67,22.67,44.57,74.19,81.35
22.48,22.48,40.45,71.97,79.79
22.27,22.27,36.53,73.03,82.13
22.80,22.80,34.94,71.66,78.90
22.84,22.84,31.66,71.14,83.40
23.11,23.11,29.67,68.45,78.65
23.14,23.14,28.13,67.49,81.13
22.95,22.95,26.61,66.27,80.08
25.31,25.31,26.15,66.36,81.80
23.68,23.68,23.73,66.70,81.85
25.40,25.40,24.37,61.03,79.66
28.31,28.31,24.21,54.63,82.59
27.02,27.02,24.95,54.21,81.69
26.12,26.12,34.30,50.27,80.20
24.30,24.30,49.19,50.97,79.78
23.33,23.33,65.92,50.66,79.87
12.10,12.10,71.87,51.92,77.65
6.93,6.93,89.85,59.00,78.96
10.47,10.47,93.01,54.57,74.51
18.38,18.38,82.98,61.65,73.43
19.85,19.85,87.26,64.02,75.26
17.93,17.93,79.32,73.96,75.66
20.02,20.02,79.08,75.84,73.94
21.31,21.31,63.31,76.36,77.93
23.89,23.89,63.03,75.08,74.69
23.51,23.51,68.82,75.42,76.26
23.75,23.75,70.81,77.13,76.03
24.35,24.35,70.51,76.82,76.11
23.69,23.69,61.77,76.75,76.51
23.40,23.40,55.48,78.30,74.49
26.22,26.22,65.56,77.95,77.53
28.44,28.44,69.97,76.22,76.82
29.15,29.15,63.77,74.59,75.91
30.26,30.26,59.55,70.87,76.29
28.08,28.08,55.74,68.36,76.30
24.55,24.55,56.55,69.56,75.40
25.13,25.13,59.51,64.74,77.23
22.49,22.49,54.93,70.11,79.22
23.07,23.07,51.88,75.13,80.41
25.65,25.65,56.61,81.80,82.57
24.22,24.22,52.62,79.37,81.99
23.79,23.79,54.91,77.34,81.12
22.48,22.48,58.58,77.20,82.30
21.86,21.86,58.90,78.43,81.80
18.51,18.51,52.47,79.08,82.07
17.00,17.00,45.26,79.21,80.77
17.79,17.79,43.58,77.95,82.43
17.91,17.91,57.46,76.31,80.45
15.40,15.40,62.47,76.93,82.87
15.22,15.22,60.41,78.48,82.60
12.87,12.87,56.50,77.12,81.98
10.29,10.29,51.71,74.79,81.37
13.17,13.17,43.67,75.06,82.41
15.10,15.10,37.19,76.57,81.45
21.47,21.47,44.00,75.40,82.09
20.31,20.31,61.69,74.09,81.62
17.00,17.00,71.31,73.14,79.65
15.12,15.12,76.74,74.22,79.59
10.35,10.35,88.07,74.88,81.21
8.26,8.26,82.65,79.79,83.20
18.25,18.25,79.34,77.73,83.29
23.19,23.19,71.10,71.78,84.40
22.33,22.33,66.02,72.74,81.38
18.65,18.65,61.49,78.24,82.33
20.56,20.56,58.89,77.80,83.20
19.46,19.46,60.32,74.43,81.57
21.08,21.08,57.46,66.93,81.32
23.84,23.84,48.09,67.69,83.17
26.22,26.22,45.79,70.98,84.30
23.54,23.54,43.71,75.42,80.65
24.27,24.27,39.22,77.02,83.06
26.12,26.12,39.33,76.78,82.11
24.02,24.02,40.41,77.31,83.94
20.26,20.26,37.44,77.48,79.96
18.50,18.50,33.56,72.25,83.95
19.18,19.18,39.59,72.64,82.76
21.60,21.60,46.92,74.13,82.40
22.52,22.52,54.71,73.07,81.62
23.57,23.57,61.42,74.20,81.63
24.77,24.77,65.74,75.01,82.87
23.18,23.18,74.46,73.88,81.29
22.78,22.78,72.80,80.21,85.03
22.77,22.77,67.87,80.58,83.57
21.87,21.87,65.57,74.65,83.12
21.38,21.38,46.47,74.99,84.28
19.58,19.58,54.46,77.85,81.90
19.67,19.67,49.76,77.18,84.27
20.09,20.09,47.91,74.03,81.66
20.34,20.34,62.63,74.78,81.92
21.40,21.40,62.63,77.11,84.44
20.16,20.16,63.79,76.15,81.52
17.04,17.04,57.94,70.10,83.36
15.53,15.53,55.28,65.97,81.76
14.54,14.54,55.22,69.95,82.98
16.94,16.94,54.55,64.34,83.61
13.85,13.85,62.12,50.23,81.96
7.66,7.66,74.92,49.17,83.53
10.56,10.56,87.48,57.73,81.29
9.05,9.05,92.85,60.29,79.90
7.59,7.59,81.22,62.40,83.52
13.68,13.68,84.15,67.77,84.79
19.16,19.16,76.87,71.11,85.45
20.15,20.15,78.74,69.89,83.56
18.55,18.55,68.65,71.93,85.56
16.45,16.45,66.39,71.32,82.36
15.92,15.92,73.25,71.50,82.86
15.78,15.78,68.33,66.78,84.57
15.05,15.05,67.63,67.39,82.98
15.81,15.81,54.63,70.92,83.43
15.45,15.45,58.09,72.29,82.77
13.73,13.73,66.28,73.37,82.13
13.16,13.16,71.81,71.93,82.15
13.92,13.92,70.48,73.83,81.36
13.61,13.61,70.60,70.25,82.42
14.31,14.31,60.60,67.13,81.94
15.33,15.33,58.40,70.67,82.10
14.34,14.34,64.24,70.50,82.35
16.38,16.38,68.50,69.61,83.11
14.98,14.98,65.01,67.93,82.94
16.59,16.59,62.17,68.17,84.07
17.89,17.89,58.96,70.46,83.18
20.72,20.72,46.17,73.98,83.70
19.42,19.42,58.89,71.42,82.71
16.95,16.95,56.39,70.63,85.16
13.62,13.62,63.47,72.37,83.22
11.32,11.32,65.91,74.57,83.13
8.55,8.55,60.56,71.13,84.88
6.77,6.77,59.82,70.00,83.94
6.01,6.01,63.57,71.62,83.22
4.18,4.18,64.37,72.77,85.99
2.04,2.04,66.03,69.56,82.57
2.32,2.32,66.76,68.83,84.05
4.76,4.76,61.97,70.15,83.25
9.03,9.03,62.45,70.46,82.88
7.67,7.67,63.83,68.06,83.50
10.22,10.22,65.27,67.47,81.74
9.08,9.08,74.97,71.52,80.42
11.21,11.21,87.89,69.91,81.87
8.67,8.67,83.79,67.80,82.48
6.21,6.21,76.61,61.71,82.21
0.42,0.42,69.93,63.46,81.53
0.52,0.52,68.35,60.52,86.13
3.67,3.67,70.31,62.66,85.27
6.18,6.18,63.23,61.95,82.13
13.99,13.99,59.88,43.62,83.48
15.72,15.72,61.22,52.15,80.75
18.39,18.39,54.65,51.45,84.85
18.28,18.28,52.22,47.38,83.48
22.03,22.03,54.08,47.21,83.09
21.32,21.32,48.41,46.44,83.26
22.12,22.12,46.00,45.08,84.15
23.41,23.41,46.43,43.19,84.74
22.49,22.49,40.38,34.87,84.03
21.20,21.20,40.31,38.91,82.88
24.50,24.50,37.10,38.35,82.62
19.54,19.54,38.50,52.86,82.27
20.83,20.83,40.72,56.86,81.77
18.78,18.78,52.48,60.95,82.54
8.17,8.17,55.30,63.32,81.39
6.78,6.78,54.04,76.80,81.38
10.61,10.61,51.35,71.12,82.28
13.70,13.70,45.29,68.41,83.78
16.20,16.20,42.52,73.07,83.03
17.53,17.53,39.81,73.76,82.95
19.30,19.30,36.98,72.26,83.67
21.65,21.65,35.68,70.07,82.50
24.75,24.75,34.56,69.30,82.18
27.98,27.98,35.53,75.58,81.52
28.78,28.78,37.38,70.94,81.49
26.21,26.21,37.53,70.42,80.71
24.23,24.23,37.24,72.82,81.33
21.72,21.72,36.13,72.28,80.02
20.92,20.92,34.46,73.89,80.88
22.45,22.45,35.25,69.76,79.84
24.74,24.74,45.92,70.87,79.70
22.17,22.17,63.64,67.21,80.34
16.66,16.66,70.86,57.77,79.53
10.46,10.46,75.81,59.93,80.19
11.70,11.70,93.17,60.24,78.74
12.76,12.76,91.42,59.44,79.67
13.18,13.18,79.51,61.46,78.94
15.51,15.51,82.45,68.75,80.77
15.95,15.95,80.82,69.34,80.75
16.96,16.96,70.18,69.17,81.64
15.95,15.95,71.91,67.84,81.49
14.99,14.99,70.03,67.67,80.76
13.57,13.57,73.20,65.45,81.86
14.17,14.17,69.58,62.62,78.30
13.76,13.76,63.08,60.90,81.29
14.58,14.58,59.19,63.54,80.11
17.02,17.02,65.33,65.15,81.66
16.49,16.49,69.54,66.58,79.68
15.82,15.82,69.94,61.06,81.48
15.33,15.33,63.05,61.02,81.35
16.63,16.63,55.32,57.33,80.57
20.23,20.23,49.30,58.53,83.64
25.56,25.56,58.53,60.32,80.59
24.44,24.44,60.67,58.11,82.96
26.24,26.24,59.49,65.86,83.93
27.87,27.87,52.27,66.93,82.71
28.48,28.48,56.11,71.23,85.60
27.85,27.85,59.75,74.83,84.60
24.74,24.74,56.79,67.84,83.21
21.81,21.81,48.24,72.08,84.60
21.82,21.82,63.62,72.49,83.48
20.61,20.61,62.33,73.85,85.28
19.83,19.83,61.86,72.39,82.99
19.40,19.40,59.69,74.20,82.05
17.80,17.80,57.39,70.86,82.04
17.11,17.11,61.92,72.75,83.81
17.54,17.54,66.60,72.54,83.44
19.31,19.31,64.40,73.29,82.89
20.21,20.21,54.58,72.42,83.05
20.86,20.86,51.08,70.68,83.96
19.98,19.98,51.91,71.37,81.06
17.17,17.17,60.62,70.69,81.61
14.04,14.04,67.44,72.67,80.81
14.56,14.56,68.31,70.56,81.05
15.54,15.54,89.19,65.46,86.12
23.24,23.24,80.88,65.85,83.06
27.98,27.98,75.22,62.43,84.09
25.29,25.29,77.66,54.99,82.66
19.47,19.47,71.80,64.55,83.04
19.30,19.30,62.66,55.88,81.65
18.73,18.73,64.93,62.36,81.48
19.62,19.62,58.19,62.39,79.59
20.10,20.10,56.29,56.23,82.79
18.77,18.77,54.48,61.50,82.15
21.00,21.00,56.01,56.10,83.03
22.88,22.88,53.18,61.53,82.45
24.09,24.09,43.58,58.26,80.95
25.06,25.06,37.74,58.60,82.15
25.79,25.79,35.17,63.47,83.87
27.04,27.04,34.46,56.98,80.69
27.47,27.47,45.10,59.82,81.89
26.59,26.59,53.70,53.50,81.99
23.92,23.92,66.68,47.51,81.44
22.54,22.54,71.41,50.72,81.29
20.76,20.76,91.42,60.23,81.39
22.09,22.09,90.03,68.63,83.85
27.35,27.35,84.17,73.76,83.64
25.24,25.24,78.07,75.71,84.17
22.40,22.40,80.36,72.50,82.33
23.48,23.48,71.53,68.72,84.90
24.15,24.15,70.14,69.02,83.99
24.78,24.78,74.23,71.89,85.16
26.31,26.31,63.00,69.80,82.92
26.15,26.15,58.58,69.21,84.14
27.03,27.03,69.66,73.42,83.82
26.41,26.41,59.59,73.21,85.30
25.49,25.49,62.56,70.94,84.42
24.99,24.99,64.94,70.32,82.57
22.51,22.51,61.60,63.84,84.19
21.61,21.61,60.15,59.34,84.23
20.86,20.86,55.54,58.84,85.23
20.68,20.68,55.57,52.50,83.46
18.13,18.13,63.93,40.84,86.34
21.67,21.67,78.55,53.96,85.82
17.34,17.34,91.86,58.59,85.39
14.23,14.23,89.80,67.64,81.89
10.92,10.92,83.79,75.09,84.09
11.90,11.90,83.21,78.54,80.23
15.05,15.05,80.80,77.51,80.41
15.97,15.97,66.78,78.41,80.55
16.70,16.70,66.14,79.68,79.34
15.93,15.93,63.99,78.18,81.48
16.25,16.25,71.22,78.16,79.69
16.36,16.36,69.92,77.47,78.91
16.52,16.52,66.43,76.20,80.98
14.44,14.44,60.43,77.28,81.44
12.41,12.41,54.28,77.56,81.10
11.94,11.94,64.84,78.29,81.58
11.68,11.68,66.69,76.70,80.95
11.08,11.08,63.58,78.07,79.84
10.30,10.30,58.49,78.51,81.83
9.49,9.49,63.26,76.46,80.04
9.87,9.87,62.53,77.92,81.20
11.58,11.58,55.86,77.89,79.16
9.95,9.95,56.09,77.60,79.22
13.04,13.04,57.50,76.59,79.52
16.97,16.97,54.73,76.28,77.54
15.33,15.33,58.72,75.97,79.91
18.61,18.61,49.91,75.62,78.10
19.91,19.91,58.34,76.29,76.60
21.09,21.09,56.03,76.54,80.15
20.18,20.18,45.85,73.52,77.63
20.53,20.53,55.50,75.01,79.10
19.67,19.67,51.39,75.22,77.42
17.89,17.89,52.10,75.15,76.90
18.20,18.20,54.59,75.08,77.87
18.99,18.99,47.39,74.22,76.22
19.57,19.57,51.93,71.09,79.06
21.45,21.45,41.67,71.92,75.00
20.81,20.81,37.28,73.31,76.89
20.11,20.11,42.04,74.14,77.28
19.39,19.39,50.19,72.99,77.32
13.53,13.53,65.00,73.50,75.33
9.86,9.86,72.12,72.01,74.50
9.74,9.74,89.18,71.27,77.82
2.76,2.76,82.75,73.41,79.53
3.00,3.00,76.71,74.14,82.35
6.14,6.14,73.59,72.41,78.49
8.56,8.56,68.24,72.19,79.27
11.22,11.22,64.21,73.61,81.22
12.32,12.32,59.76,73.66,78.79
15.24,15.24,56.69,73.71,80.22
15.62,15.62,53.19,76.27,80.65
16.47,16.47,50.23,73.00,80.27
14.55,14.55,48.88,69.82,85.05
15.99,15.99,46.43,72.09,79.61
16.42,16.42,43.30,75.11,80.16
15.97,15.97,41.26,73.82,81.89
16.20,16.20,39.34,72.81,80.59
16.24,16.24,37.72,72.91,81.19
15.84,15.84,35.88,71.47,80.11
15.24,15.24,35.21,72.91,81.66
14.99,14.99,38.13,73.28,81.31
20.89,20.89,46.82,71.54,81.46
22.66,22.66,54.79,70.30,81.99
20.98,20.98,51.15,67.96,83.97
21.77,21.77,44.72,71.03,85.30
22.39,22.39,40.19,76.08,84.39
19.91,19.91,34.55,77.44,83.67
19.62,19.62,31.98,74.18,83.98
18.04,18.04,29.08,73.07,82.58
18.84,18.84,29.41,71.21,82.78
19.16,19.16,28.87,73.35,81.26
18.38,18.38,29.30,72.67,81.15
18.06,18.06,28.09,73.65,82.16
19.09,19.09,28.74,69.83,79.87
20.22,20.22,28.56,63.19,80.40
21.33,21.33,27.13,60.92,80.52
21.19,21.19,28.55,60.86,80.25
21.55,21.55,50.96,64.98,81.87
20.79,20.79,59.71,62.00,79.78
17.45,17.45,68.34,57.53,77.39
16.23,16.23,69.74,54.42,77.55
13.63,13.63,92.64,61.84,77.60
15.95,15.95,91.62,62.02,79.00
15.73,15.73,81.99,63.69,80.78
17.86,17.86,82.53,66.28,78.66
15.91,15.91,77.77,66.63,79.78
16.62,16.62,73.56,65.48,79.37
16.74,16.74,70.89,68.62,78.62
17.75,17.75,67.46,68.05,78.83
19.25,19.25,70.17,65.36,77.03
19.61,19.61,64.09,58.45,79.11
19.53,19.53,64.67,56.10,78.81
19.73,19.73,61.21,49.28,80.42
20.32,20.32,60.87,54.25,79.45
21.40,21.40,68.10,54.30,81.08
23.06,23.06,63.35,54.74,79.73
23.19,23.19,65.01,46.14,79.60
22.52,22.52,59.20,40.78,77.20
19.94,19.94,59.83,47.82,79.73
24.26,24.26,54.17,60.92,76.87
26.49,26.49,57.56,71.96,80.50
21.50,21.50,67.02,81.90,82.14
20.79,20.79,62.47,84.01,81.19
17.67,17.67,69.01,82.74,80.60
18.74,18.74,69.96,81.75,83.41
17.23,17.23,62.83,80.50,82.06
19.91,19.91,63.79,80.42,80.65
19.03,19.03,56.07,79.72,79.60
16.68,16.68,60.78,79.41,80.81
15.62,15.62,63.05,79.60,81.19
16.01,16.01,64.28,78.87,80.82
15.65,15.65,60.82,79.09,82.25
14.43,14.43,61.43,79.20,80.76
13.82,13.82,52.65,79.36,80.40
13.58,13.58,47.95,77.95,80.94
12.52,12.52,47.95,78.10,80.15
12.60,12.60,52.31,78.63,80.42
12.27,12.27,53.37,78.99,77.08
10.94,10.94,64.20,75.61,78.63
12.72,12.72,69.87,73.86,79.37
16.13,16.13,86.03,75.31,80.15
18.07,18.07,89.30,73.82,81.10
7.68,7.68,83.59,73.83,80.78
4.40,4.40,79.56,70.90,84.62
5.77,5.77,70.83,73.03,84.45
10.57,10.57,66.86,78.19,82.61
19.41,19.41,66.74,75.90,82.86
22.14,22.14,60.23,73.87,82.67
19.88,19.88,55.68,78.00,85.56
20.36,20.36,52.64,78.39,84.19
21.31,21.31,45.60,76.07,84.20
21.70,21.70,44.11,66.99,82.97
21.74,21.74,41.72,73.82,82.53
20.05,20.05,42.00,80.87,85.14
19.36,19.36,39.03,82.53,83.88
21.92,21.92,33.11,82.35,82.98
26.32,26.32,42.97,80.42,83.23
27.42,27.42,59.91,80.61,83.58
23.92,23.92,69.29,80.12,82.52
23.67,23.67,71.15,76.71,80.77
15.70,15.70,87.84,73.87,80.86
6.88,6.88,91.40,71.91,80.88
0.93,0.93,85.61,76.47,82.93
2.58,2.58,83.54,72.66,83.40
5.34,5.34,77.83,70.51,82.54
8.54,8.54,75.80,69.02,82.44
11.04,11.04,60.91,68.08,81.62
12.15,12.15,61.96,68.39,83.10
16.95,16.95,67.20,55.91,82.09
18.82,18.82,65.71,58.95,82.93
18.75,18.75,52.25,67.82,83.52
19.52,19.52,61.04,70.86,81.18
19.40,19.40,65.23,70.43,82.18
22.83,22.83,66.76,67.65,82.46
23.56,23.56,65.08,65.90,82.60
20.91,20.91,65.09,50.98,82.30
18.70,18.70,63.83,62.54,81.94
16.51,16.51,61.63,54.47,81.44
16.30,16.30,63.91,47.38,81.69
16.34,16.34,70.34,56.55,81.96
20.31,20.31,90.61,63.97,81.40
22.12,22.12,92.18,64.39,82.44
25.83,25.83,84.60,64.99,83.22
23.21,23.21,79.94,67.01,83.75
21.10,21.10,76.98,71.39,82.24
20.39,20.39,75.86,72.35,82.51
18.49,18.49,64.23,71.47,82.46
16.58,16.58,60.49,71.13,82.82
14.14,14.14,68.97,71.15,82.88
12.43,12.43,67.45,69.93,81.60
10.61,10.61,62.90,67.96,82.93
9.75,9.75,62.80,70.10,82.97
8.09,8.09,52.49,69.81,82.69
7.53,7.53,62.84,71.47,83.76
6.74,6.74,67.96,71.39,82.35
7.45,7.45,73.15,70.61,83.32
8.99,8.99,67.28,71.10,81.37
9.35,9.35,56.96,73.91,81.97
10.97,10.97,60.06,74.48,81.83
14.28,14.28,67.84,74.58,81.56
17.98,17.98,65.88,74.07,81.37
19.76,19.76,62.90,77.17,82.36
17.35,17.35,61.60,74.16,81.53
16.21,16.21,63.02,73.55,82.29
15.24,15.24,64.87,73.05,84.02
14.73,14.73,51.96,74.25,82.67
11.58,11.58,64.43,72.79,83.36
9.04,9.04,66.00,69.56,82.79
8.02,8.02,61.31,70.33,82.80
7.62,7.62,64.15,71.38,82.67
7.28,7.28,66.53,71.02,82.08
5.50,5.50,64.94,69.89,82.12
5.36,5.36,63.07,70.40,82.30
5.66,5.66,60.85,67.79,82.34
7.41,7.41,64.90,70.51,81.98
9.54,9.54,63.67,68.05,80.20
10.80,10.80,60.60,68.87,83.18
11.78,11.78,58.45,66.97,82.15
10.66,10.66,65.16,67.91,79.93
18.47,18.47,74.80,65.22,80.89
10.39,10.39,91.51,63.61,80.18
3.06,3.06,85.30,73.92,81.22
2.05,2.05,77.31,72.87,82.17
4.43,4.43,74.31,68.38,83.36
9.70,9.70,74.61,71.81,82.26
13.46,13.46,70.20,71.92,83.12
15.09,15.09,66.48,73.27,80.77
18.16,18.16,69.66,72.04,82.15
18.10,18.10,61.48,74.63,80.64
19.41,19.41,55.50,72.73,81.89
20.79,20.79,56.17,73.60,80.30
24.49,24.49,51.98,74.44,81.67
24.81,24.81,42.83,75.28,81.99
24.66,24.66,43.99,74.15,82.31
24.68,24.68,42.33,74.20,82.53
24.15,24.15,41.91,73.06,82.15
22.71,22.71,37.55,71.61,82.02
20.30,20.30,35.47,73.27,83.74
20.33,20.33,35.59,72.07,83.26
19.73,19.73,41.37,73.60,81.93
20.67,20.67,49.78,73.04,83.05
18.67,18.67,48.09,75.53,83.01
18.97,18.97,49.27,73.81,83.89
19.05,19.05,48.76,78.59,82.21
17.36,17.36,45.38,77.55,83.39
16.83,16.83,47.16,76.41,84.16
15.18,15.18,42.04,74.44,82.66
16.28,16.28,44.77,77.49,82.30
16.92,16.92,44.01,71.61,82.44
17.12,17.12,33.43,70.47,83.56
15.44,15.44,24.82,70.05,82.73
17.49,17.49,18.87,71.95,84.17
17.51,17.51,15.75,72.68,82.00
16.85,16.85,14.45,69.28,83.56
17.08,17.08,17.14,72.91,83.07
17.12,17.12,33.76,70.59,85.03
17.95,17.95,50.40,71.85,82.17
18.94,18.94,62.26,66.62,82.72
18.83,18.83,69.50,62.92,81.19
18.27,18.27,85.24,59.85,80.35
14.03,14.03,91.16,56.56,80.44
6.93,6.93,85.70,61.22,80.63
8.14,8.14,83.66,62.42,80.29
14.61,14.61,84.06,60.03,80.14
17.19,17.19,76.21,60.50,80.93
21.14,21.14,65.40,62.45,82.50
18.74,18.74,60.00,70.76,80.59
18.55,18.55,68.57,73.73,80.01
16.46,16.46,70.76,76.11,80.81
17.25,17.25,64.39,74.17,79.09
16.45,16.45,57.41,73.29,81.48
16.75,16.75,54.77,73.67,80.99
15.64,15.64,61.82,72.69,80.08
14.19,14.19,68.03,72.08,82.66
13.66,13.66,71.18,73.91,81.93
13.18,13.18,69.21,74.67,81.87
13.75,13.75,63.00,72.86,81.52
18.55,18.55,60.00,76.42,81.14
22.69,22.69,64.18,76.68,81.88
26.27,26.27,62.89,76.31,84.83
29.30,29.30,59.31,75.94,85.20
28.27,28.27,54.22,78.66,84.70
23.00,23.00,63.07,77.47,83.41
21.88,21.88,55.46,78.52,84.36
16.81,16.81,60.82,76.97,83.07
15.59,15.59,58.15,79.40,85.23
15.72,15.72,57.75,76.58,83.27
13.82,13.82,62.95,76.27,84.79
13.50,13.50,60.48,77.22,83.51
12.26,12.26,61.23,76.83,83.00
11.89,11.89,64.90,76.92,82.56
12.67,12.67,63.98,74.31,81.45
12.85,12.85,61.58,75.95,82.17
13.28,13.28,64.06,73.99,81.53
13.82,13.82,61.65,73.46,82.79
13.98,13.98,61.61,71.30,80.18
13.57,13.57,62.04,72.34,82.10
10.64,10.64,63.57,69.63,81.55
10.83,10.83,73.24,70.16,80.59
13.03,13.03,80.19,64.98,81.18
8.08,8.08,87.89,65.63,82.15
0.51,0.51,77.14,67.87,84.40
0.98,0.98,75.32,67.42,81.03
4.31,4.31,67.86,66.37,81.40
7.40,7.40,63.82,65.90,79.46
11.10,11.10,63.60,62.54,81.87
12.30,12.30,60.68,64.01,78.97
14.16,14.16,59.70,59.75,81.74
16.75,16.75,54.38,50.84,81.47
17.05,17.05,53.56,54.93,81.70
16.56,16.56,48.30,55.65,83.51
18.02,18.02,48.33,56.04,81.97
17.16,17.16,42.90,52.86,82.80
16.37,16.37,39.69,50.88,83.13
16.66,16.66,47.03,55.96,82.20
16.63,16.63,42.38,49.20,82.50
17.06,17.06,34.54,51.74,84.07
15.33,15.33,37.01,46.94,82.05
16.17,16.17,41.66,49.78,82.68
19.11,19.11,49.19,59.38,84.06
20.62,20.62,51.97,58.83,84.53
22.22,22.22,51.41,72.16,85.07
19.90,19.90,45.02,65.79,83.84
19.39,19.39,39.41,62.56,83.03
19.40,19.40,35.78,65.06,81.76
18.60,18.60,32.78,71.60,83.22
18.37,18.37,30.76,73.69,82.60
20.46,20.46,31.33,70.58,83.80
20.87,20.87,30.66,69.83,83.23
18.51,18.51,29.39,70.27,86.39
17.88,17.88,29.25,65.41,84.61
20.02,20.02,31.06,63.46,83.41
18.79,18.79,31.14,69.79,84.36
15.29,15.29,29.77,62.46,84.89
11.35,11.35,30.38,63.66,81.43
9.30,9.30,42.85,54.51,81.95
8.38,8.38,52.84,59.33,84.12
7.05,7.05,68.30,54.11,80.96
5.97,5.97,74.34,47.96,79.29
7.52,7.52,82.32,57.24,81.98
2.38,2.38,92.83,62.60,81.57
4.58,4.58,83.80,64.05,81.82
8.87,8.87,83.62,71.72,83.49
12.74,12.74,82.50,74.44,85.61
14.69,14.69,77.12,74.26,84.52
14.30,14.30,68.44,76.19,84.82
12.95,12.95,69.18,79.17,85.08
10.65,10.65,67.33,79.02,85.03
7.73,7.73,70.05,77.20,83.40
5.75,5.75,66.71,78.52,84.50
4.39,4.39,58.77,78.24,83.45
3.44,3.44,63.57,77.74,84.91
3.57,3.57,61.87,77.86,82.65
4.74,4.74,67.68,78.24,83.51
5.72,5.72,66.64,78.24,83.11
5.12,5.12,66.60,76.67,81.06
3.46,3.46,63.02,77.19,81.95
5.06,5.06,64.20,77.77,81.71
9.17,9.17,62.33,75.96,82.78
13.18,13.18,59.88,77.06,83.67
14.33,14.33,58.20,78.57,81.89
11.20,11.20,60.28,77.33,84.71
10.51,10.51,70.13,78.56,85.54
10.55,10.55,68.41,78.89,82.80
10.19,10.19,69.55,78.47,85.63
7.35,7.35,63.61,77.40,82.59
3.43,3.43,58.60,77.72,85.73
1.59,1.59,58.05,76.96,83.75
1.02,1.02,60.06,76.46,83.49
5.41,5.41,57.58,77.42,82.90
10.27,10.27,60.92,76.86,79.40
12.01,12.01,53.82,75.42,82.66
11.88,11.88,40.69,75.76,82.50
9.21,9.21,49.31,76.12,80.85
4.64,4.64,49.35,73.93,81.78
3.62,3.62,53.62,73.86,82.72
4.89,4.89,56.14,75.47,83.50
9.84,9.84,63.72,73.26,82.39
20.20,20.20,74.55,70.27,79.03
16.65,16.65,87.97,71.17,84.17
13.29,13.29,82.26,71.82,81.02
7.97,7.97,76.38,71.51,81.82
8.58,8.58,73.50,69.48,81.10
10.82,10.82,63.03,69.71,80.97
9.46,9.46,60.81,70.54,80.26
10.75,10.75,58.32,70.93,81.65
11.75,11.75,56.36,68.73,80.62
10.17,10.17,52.26,68.09,79.96
7.64,7.64,48.23,67.93,80.02
7.94,7.94,46.47,70.97,81.05
7.45,7.45,46.83,70.92,81.94
12.38,12.38,45.00,69.22,79.98
14.96,14.96,40.09,69.13,81.00
15.49,15.49,38.00,68.74,82.95
16.51,16.51,36.89,62.03,82.01
16.28,16.28,36.91,68.77,82.80
12.83,12.83,35.05,66.00,83.13
15.14,15.14,42.19,75.57,80.90
17.41,17.41,50.70,73.13,82.66
20.14,20.14,56.74,74.35,80.80
17.95,17.95,52.94,76.13,83.98
18.57,18.57,48.14,74.26,83.47
18.33,18.33,42.56,73.50,83.63
18.56,18.56,38.13,74.94,85.02
19.24,19.24,35.22,74.11,82.45
16.85,16.85,31.01,74.89,82.94
15.89,15.89,30.07,75.10,82.64
16.93,16.93,28.44,75.45,82.61
16.78,16.78,28.01,72.98,81.82
17.38,17.38,28.82,74.34,82.33
19.40,19.40,27.72,73.92,81.77
19.20,19.20,25.32,72.69,81.84
19.37,19.37,22.60,69.63,81.56
19.85,19.85,31.02,58.86,80.85
17.07,17.07,43.34,57.67,82.99
15.04,15.04,64.84,54.32,79.72
9.61,9.61,73.03,47.87,77.88
10.84,10.84,83.36,58.38,76.90
11.43,11.43,93.63,61.98,77.96
13.51,13.51,92.28,67.71,79.75
13.37,13.37,83.32,72.43,80.86
15.03,15.03,83.23,75.17,80.51
13.13,13.13,79.46,77.50,81.44
10.83,10.83,70.51,75.17,79.16
8.19,8.19,69.09,76.96,82.62
7.64,7.64,60.76,76.01,82.46
8.01,8.01,72.34,74.60,83.60
9.72,9.72,65.58,76.55,84.07
11.50,11.50,65.02,75.79,82.27
11.66,11.66,56.84,75.36,83.53
12.74,12.74,50.04,77.89,83.90
14.42,14.42,62.58,77.97,83.49
13.31,13.31,63.93,77.77,83.94
15.74,15.74,57.23,79.78,83.39
12.50,12.50,55.88,79.49,81.47
11.15,11.15,53.82,79.13,82.55
14.02,14.02,54.37,80.66,81.65
17.91,17.91,52.08,81.39,82.49
19.57,19.57,53.05,79.68,81.42
18.87,18.87,56.89,79.57,80.28
18.98,18.98,57.56,80.95,82.02
19.49,19.49,64.26,80.12,83.55
17.47,17.47,61.22,79.26,82.02
17.81,17.81,51.99,80.18,83.37
18.51,18.51,54.17,80.03,82.94
17.75,17.75,48.85,80.11,82.52
14.94,14.94,53.73,79.63,83.66
14.55,14.55,59.95,80.93,83.48
12.52,12.52,59.37,80.84,82.87
11.97,11.97,59.31,79.29,82.24
11.68,11.68,53.32,79.79,83.71
10.42,10.42,49.87,80.87,82.09
10.53,10.53,40.51,80.22,83.76
9.75,9.75,44.40,78.59,82.65
8.90,8.90,60.63,80.03,79.93
9.19,9.19,71.53,79.34,82.96
12.10,12.10,77.93,76.01,82.81
18.21,18.21,90.01,75.01,82.87
13.02,13.02,82.63,73.22,83.98
7.58,7.58,78.62,74.58,84.20
12.94,12.94,74.93,74.79,85.89
20.70,20.70,65.30,75.67,87.17
22.31,22.31,58.06,75.34,84.06
22.15,22.15,57.37,74.98,86.01
24.08,24.08,55.38,74.23,87.92
24.13,24.13,47.44,71.75,84.69
24.11,24.11,42.91,68.22,86.76
22.46,22.46,41.00,64.25,84.80
21.49,21.49,41.85,59.88,84.47
20.67,20.67,42.56,51.66,82.92
21.04,21.04,38.82,43.10,83.46
20.86,20.86,40.65,45.98,84.27
22.12,22.12,39.11,47.23,83.63
21.05,21.05,40.28,48.02,83.94
19.69,19.69,59.42,56.01,82.27
23.47,23.47,69.68,52.73,81.30
25.28,25.28,71.78,56.23,84.81
26.51,26.51,90.70,60.15,84.14
29.10,29.10,89.88,64.48,80.77
28.61,28.61,84.18,64.74,85.46
23.22,23.22,80.66,62.86,83.88
19.75,19.75,76.76,66.68,84.76
19.03,19.03,74.36,68.65,84.59
19.94,19.94,68.00,61.71,86.16
21.01,21.01,62.44,61.47,84.95
20.10,20.10,67.05,67.27,83.87
18.53,18.53,57.44,70.05,86.19
16.63,16.63,63.18,69.26,82.90
19.64,19.64,57.87,66.58,82.92
20.13,20.13,61.23,70.88,81.68
20.88,20.88,58.50,73.01,82.22
21.20,21.20,54.37,70.30,82.95
19.50,19.50,49.39,68.17,82.43
13.92,13.92,60.05,65.02,83.49
8.69,8.69,64.74,59.15,83.45
8.53,8.53,71.77,52.65,82.63
14.32,14.32,88.17,58.92,84.83
20.54,20.54,91.75,53.97,82.17
23.68,23.68,80.91,58.69,84.31
23.80,23.80,86.63,62.83,86.79
22.28,22.28,77.26,66.44,84.39
21.08,21.08,77.92,67.37,85.06
20.26,20.26,65.98,69.25,84.20
20.22,20.22,61.78,71.74,83.44
19.03,19.03,63.31,68.34,84.64
17.95,17.95,68.45,70.64,83.05
17.51,17.51,70.02,69.07,81.83
17.12,17.12,65.42,69.87,82.69
16.69,16.69,60.87,69.11,81.79
18.39,18.39,60.03,66.45,81.16
18.91,18.91,70.73,70.13,82.57
16.25,16.25,72.99,69.15,82.02
12.29,12.29,65.24,71.02,79.56
9.59,9.59,58.16,68.23,82.84
11.79,11.79,58.36,68.72,80.87
15.86,15.86,63.27,64.79,83.62
20.72,20.72,64.38,66.52,81.54
25.23,25.23,68.48,74.32,82.86
22.59,22.59,72.46,80.80,80.74
20.38,20.38,65.85,77.12,81.52
16.46,16.46,53.89,73.99,80.27
12.39,12.39,56.86,73.43,80.66
10.45,10.45,55.78,72.29,81.59
6.88,6.88,58.35,73.09,80.22
5.18,5.18,60.65,71.79,79.94
4.17,4.17,61.15,72.80,81.19
4.36,4.36,63.53,74.74,82.38
5.70,5.70,62.00,74.49,81.96
5.17,5.17,63.19,73.41,82.15
2.67,2.67,63.21,74.68,82.37
2.08,2.08,64.57,73.76,82.77
1.83,1.83,61.11,76.33,83.35
3.08,3.08,62.29,76.11,82.26
2.66,2.66,63.12,76.69,82.71
5.12,5.12,64.48,75.56,82.09
9.84,9.84,76.94,76.02,83.01
8.07,8.07,88.43,73.31,86.83
2.06,2.06,79.09,75.86,84.47
1.46,1.46,78.97,75.49,83.38
4.47,4.47,80.33,77.14,82.06
7.73,7.73,68.95,75.60,83.82
7.30,7.30,61.70,77.51,82.45
11.04,11.04,66.70,75.71,84.61
16.07,16.07,60.38,77.97,82.92
18.01,18.01,55.77,75.85,83.25
21.18,21.18,53.12,78.07,83.58
21.65,21.65,49.19,74.73,84.57
18.79,18.79,44.45,77.12,82.99
22.35,22.35,42.92,76.80,85.00
23.85,23.85,43.09,75.78,83.67
22.22,22.22,44.30,76.76,82.96
20.38,20.38,40.85,75.05,84.95
21.32,21.32,38.80,74.99,83.76
21.22,21.22,40.71,74.60,84.00
18.57,18.57,40.75,74.20,83.18
21.05,21.05,43.73,74.41,85.67
23.83,23.83,47.12,73.45,84.34
22.27,22.27,43.68,76.30,85.93
21.62,21.62,41.40,78.24,86.03
22.07,22.07,40.12,75.59,85.45
18.74,18.74,39.98,75.40,83.75
16.47,16.47,42.61,74.99,86.11
15.13,15.13,40.37,78.02,84.09
12.94,12.94,34.27,77.14,84.01
12.35,12.35,27.50,74.06,82.73
12.41,12.41,24.78,71.94,84.22
12.11,12.11,25.35,75.81,83.88
13.03,13.03,28.61,72.53,84.61
16.74,16.74,29.37,72.23,83.74
18.54,18.54,26.68,73.29,84.94
20.55,20.55,24.90,69.47,81.19
19.10,19.10,29.48,72.07,82.95
15.55,15.55,50.66,68.54,82.35
13.86,13.86,63.18,64.33,82.55
12.82,12.82,74.19,57.86,82.32
13.28,13.28,82.72,57.63,82.59
15.61,15.61,92.06,59.43,82.26
14.20,14.20,82.83,65.44,82.23
13.67,13.67,83.32,74.06,82.90
16.19,16.19,83.12,72.68,82.66
17.37,17.37,76.41,74.03,85.68
21.49,21.49,68.60,70.71,83.61
22.00,22.00,66.17,67.63,85.33
23.11,23.11,68.83,61.95,85.00
23.39,23.39,69.69,52.69,85.76
24.25,24.25,65.84,66.26,83.50
25.60,25.60,67.32,69.25,83.83
24.07,24.07,63.53,70.17,81.28
23.55,23.55,66.04,62.20,83.29
23.78,23.78,68.92,64.44,82.55
22.78,22.78,65.36,63.11,82.16
23.53,23.53,57.42,57.90,82.82
22.69,22.69,58.83,60.60,82.91
20.95,20.95,60.30,65.02,83.34
20.35,20.35,49.30,59.80,81.58
23.55,23.55,59.97,74.04,81.96
25.03,25.03,63.91,83.56,84.00
23.64,23.64,58.25,78.89,86.48
25.45,25.45,58.40,80.90,84.32
23.19,23.19,52.26,79.53,84.81
21.70,21.70,57.22,78.74,84.37
20.34,20.34,55.36,78.33,85.20
18.40,18.40,51.40,77.60,85.02
16.63,16.63,60.11,76.77,85.89
15.70,15.70,60.69,74.03,83.80
13.79,13.79,58.17,76.16,82.62
12.42,12.42,58.35,74.58,82.89
10.64,10.64,56.90,74.45,82.90
7.60,7.60,58.10,72.14,80.19
7.59,7.59,61.42,75.19,83.64
7.47,7.47,57.84,74.68,83.17
9.00,9.00,57.06,76.31,84.62
11.22,11.22,57.36,72.75,83.05
13.28,13.28,63.86,73.42,83.08
12.17,12.17,72.02,71.11,80.44
8.92,8.92,84.35,70.58,85.52
11.29,11.29,85.31,67.97,83.06
5.70,5.70,78.83,69.57,84.90
0.89,0.89,77.73,71.96,85.38
2.38,2.38,72.15,74.95,86.37
4.66,4.66,67.36,71.24,84.38
10.23,10.23,70.13,71.73,84.49
14.28,14.28,67.65,70.20,85.52
20.24,20.24,59.87,73.06,83.98
19.45,19.45,58.10,69.97,85.46
19.97,19.97,52.29,73.41,83.10
21.76,21.76,47.89,71.06,85.57
21.67,21.67,44.49,72.54,83.19
20.26,20.26,45.76,72.10,84.85
20.34,20.34,37.66,70.31,82.00
21.47,21.47,42.22,72.67,80.88
20.58,20.58,43.67,71.13,80.33
17.65,17.65,59.84,69.74,76.86
17.27,17.27,66.04,66.49,76.36
13.63,13.63,75.26,59.70,78.65
13.27,13.27,91.93,62.68,85.80
18.83,18.83,89.95,62.46,82.43
19.22,19.22,85.04,62.58,85.09
20.04,20.04,81.05,69.90,82.62
15.77,15.77,75.90,72.30,83.17
15.68,15.68,72.62,68.40,82.61
12.02,12.02,69.69,70.18,81.64
10.95,10.95,72.03,73.40,84.13
14.22,14.22,68.06,73.21,81.59
15.77,15.77,68.64,69.53,82.40
15.08,15.08,69.74,69.24,84.77
14.46,14.46,70.38,66.79,81.58
15.21,15.21,60.93,64.12,85.85
17.33,17.33,66.82,59.19,82.31
16.62,16.62,64.65,57.87,84.08
14.89,14.89,62.57,59.07,79.73
12.05,12.05,70.15,52.94,78.55
10.36,10.36,69.75,47.12,78.15
10.12,10.12,70.34,41.49,78.88
6.62,6.62,84.17,59.47,80.55
2.88,2.88,93.12,63.96,82.60
3.77,3.77,85.44,62.72,85.76
7.17,7.17,84.30,68.62,85.10
11.96,11.96,64.47,70.31,83.46
13.45,13.45,78.86,67.91,85.80
15.16,15.16,70.60,68.67,82.36
16.20,16.20,73.67,69.29,82.73
19.60,19.60,68.25,68.62,84.28
21.93,21.93,69.91,67.76,84.97
24.18,24.18,60.31,65.38,82.84
22.29,22.29,68.78,64.27,85.24
22.67,22.67,60.30,64.62,84.58
22.65,22.65,64.81,64.24,81.32
19.70,19.70,76.35,62.92,82.52
16.67,16.67,72.42,60.82,82.69
15.78,15.78,69.03,55.96,80.57
12.36,12.36,67.55,51.36,80.86
13.08,13.08,68.64,57.45,81.74
15.76,15.76,62.59,57.26,82.18
23.77,23.77,63.12,61.86,83.21
32.43,32.43,66.83,62.80,86.41
29.30,29.30,56.11,71.12,86.20
25.70,25.70,65.07,77.37,83.37
22.35,22.35,62.64,77.81,84.35
22.40,22.40,55.40,76.81,85.34
23.01,23.01,59.05,78.12,81.85
22.08,22.08,60.11,76.47,83.67
20.89,20.89,59.50,75.18,84.80
21.30,21.30,53.64,75.73,82.61
21.02,21.02,67.05,72.98,82.90
18.99,18.99,61.73,73.16,81.12
14.91,14.91,62.21,72.75,82.19
16.74,16.74,60.60,72.22,83.13
18.65,18.65,55.65,73.01,83.00
16.94,16.94,54.57,71.71,82.38
15.40,15.40,55.91,70.98,83.10
14.46,14.46,61.00,67.71,83.34
13.39,13.39,71.64,62.59,82.94
13.47,13.47,75.89,61.57,81.68
12.39,12.39,87.88,60.31,86.66
4.99,4.99,77.03,68.34,84.15
0.76,0.76,74.52,69.35,86.43
1.91,1.91,68.77,67.46,86.37
6.47,6.47,64.46,67.61,85.70
14.93,14.93,60.29,68.97,82.83
20.02,20.02,56.65,68.47,85.85
23.37,23.37,56.04,69.81,84.54
23.75,23.75,51.79,68.39,85.03
25.30,25.30,53.41,67.32,84.65
21.85,21.85,49.56,68.02,83.05
22.41,22.41,50.62,65.66,83.57
23.68,23.68,49.08,65.30,84.75
22.31,22.31,41.75,63.65,85.17
22.05,22.05,47.35,63.06,85.00
20.36,20.36,48.11,62.63,85.87
20.30,20.30,48.52,61.38,83.32
18.19,18.19,59.46,60.53,85.89
17.59,17.59,67.22,59.46,85.24
19.60,19.60,74.14,54.50,83.87
19.13,19.13,86.74,63.73,82.03
18.94,18.94,92.31,70.57,79.65
20.74,20.74,83.84,75.14,83.89
19.46,19.46,84.00,78.59,84.31
19.69,19.69,79.03,78.32,85.56
18.87,18.87,77.14,79.49,85.78
18.52,18.52,70.63,80.50,85.91
15.96,15.96,70.55,80.70,84.53
16.66,16.66,66.43,79.72,84.31
16.69,16.69,67.08,80.99,83.63
13.81,13.81,65.38,80.87,82.39
16.88,16.88,66.04,79.88,83.55
15.16,15.16,58.43,80.06,83.31
14.03,14.03,70.82,78.64,82.88
16.68,16.68,67.84,77.70,80.70
16.68,16.68,59.51,78.97,82.13
16.36,16.36,58.46,78.90,83.45
13.21,13.21,69.79,77.80,81.19
14.95,14.95,71.52,71.61,79.95
24.01,24.01,79.54,65.83,81.32
28.93,28.93,91.94,60.87,83.13
28.12,28.12,89.14,61.88,83.10
22.56,22.56,84.72,66.36,84.87
20.62,20.62,72.55,73.28,84.97
22.91,22.91,71.28,76.00,84.70
22.59,22.59,60.92,75.74,85.35
25.59,25.59,74.76,76.75,83.89
28.07,28.07,67.76,78.03,85.37
30.79,30.79,68.36,78.54,84.10
30.81,30.81,61.54,76.15,83.23
31.64,31.64,65.66,75.88,84.02
32.93,32.93,65.72,78.43,85.34
35.92,35.92,66.28,77.95,83.38
35.73,35.73,64.13,76.28,84.49
33.46,33.46,62.27,77.34,83.77
29.85,29.85,50.11,72.90,83.38
28.43,28.43,58.69,60.27,84.18
28.82,28.82,70.31,56.70,82.33
25.36,25.36,75.09,62.56,81.85
16.58,16.58,86.99,63.24,82.40
9.09,9.09,79.75,79.40,84.29
10.80,10.80,75.90,81.37,84.06
13.77,13.77,65.64,82.57,83.95
15.12,15.12,60.81,81.45,85.39
17.97,17.97,60.13,80.41,84.39
21.25,21.25,58.04,81.23,84.17
19.79,19.79,55.43,80.34,84.65
22.06,22.06,52.07,80.28,87.42
21.96,21.96,49.99,80.65,84.82
23.17,23.17,45.15,81.66,84.06
22.79,22.79,54.17,80.71,86.29
25.03,25.03,51.48,80.64,84.32
25.97,25.97,52.02,80.63,86.63
26.64,26.64,46.49,79.85,84.46
29.70,29.70,35.35,80.36,84.32
25.70,25.70,41.52,80.48,83.58
23.60,23.60,56.78,80.09,83.70
21.88,21.88,61.74,80.06,82.65
19.67,19.67,71.91,77.48,82.27
13.06,13.06,88.07,74.01,86.44
2.22,2.22,82.66,70.42,82.34
0.13,0.13,79.93,81.53,83.06
0.01,0.01,78.47,80.62,83.45
0.26,0.26,69.46,80.62,83.32
2.91,2.91,66.39,80.82,86.07
3.05,3.05,63.68,82.03,84.62
2.17,2.17,63.67,79.57,85.35
2.03,2.03,62.98,80.69,84.73
0.42,0.42,61.92,80.89,84.34
0.42,0.42,62.63,80.38,86.02
0.53,0.53,64.42,80.55,81.79
0.66,0.66,64.45,79.80,87.25
0.13,0.13,64.17,81.48,82.64
0.73,0.73,63.52,81.75,84.11
3.53,3.53,71.31,79.16,84.90
6.07,6.07,77.69,79.68,81.82
5.38,5.38,77.59,79.15,82.97
1.95,1.95,78.55,79.94,82.26
1.88,1.88,73.13,77.68,82.07
4.05,4.05,83.87,76.03,80.67
1.90,1.90,88.98,74.29,83.00
3.29,3.29,86.25,69.59,86.21
8.69,8.69,79.15,73.23,85.73
7.76,7.76,73.78,77.80,84.07
7.45,7.45,76.72,77.36,84.18
10.54,10.54,69.21,76.43,85.08
12.68,12.68,71.10,76.61,84.84
15.65,15.65,67.42,78.32,83.95
18.96,18.96,69.26,77.25,85.48
17.67,17.67,59.99,75.74,82.94
17.10,17.10,69.95,77.66,83.49
18.60,18.60,65.80,75.33,83.77
16.34,16.34,51.38,67.99,82.91
16.52,16.52,62.97,58.00,81.76
21.63,21.63,65.42,52.82,83.70
24.27,24.27,62.79,36.86,84.77
23.51,23.51,68.51,39.10,84.72
24.46,24.46,71.11,35.85,85.20
22.71,22.71,78.13,54.74,83.53
23.13,23.13,89.11,59.44,85.06
24.41,24.41,83.90,64.10,85.05
24.12,24.12,82.76,67.83,86.06
24.22,24.22,80.79,72.66,85.27
25.56,25.56,76.83,77.97,85.67
25.40,25.40,68.99,75.22,84.37
26.31,26.31,67.55,77.23,83.89
25.17,25.17,63.08,76.65,83.90
28.49,28.49,67.90,77.40,83.19
30.04,30.04,68.04,71.04,84.11
28.22,28.22,66.10,73.22,83.49
25.01,25.01,70.42,72.18,84.55
21.48,21.48,70.38,71.88,82.02
21.50,21.50,70.85,74.04,83.06
21.68,21.68,66.15,68.30,85.42
20.74,20.74,69.30,72.23,84.51
22.22,22.22,68.49,72.32,82.65
22.22,22.22,67.38,75.76,85.87
21.01,21.01,52.78,74.53,83.40
19.16,19.16,62.58,74.23,84.74
16.91,16.91,64.54,75.54,85.74
16.35,16.35,64.47,76.39,85.23
12.26,12.26,59.10,75.62,84.84
16.05,16.05,57.45,74.20,86.13
19.07,19.07,56.74,75.60,83.64
18.00,18.00,62.55,74.48,85.34
19.42,19.42,61.51,74.65,84.52
20.03,20.03,47.82,72.01,83.76
18.83,18.83,60.88,74.71,83.60
21.33,21.33,61.08,75.20,84.40
19.52,19.52,61.02,77.54,83.38
18.12,18.12,60.12,74.74,83.98
18.73,18.73,57.26,75.62,82.80
19.05,19.05,61.45,74.58,83.54
20.01,20.01,65.68,76.68,83.93
20.19,20.19,60.25,75.07,83.93
17.95,17.95,56.78,76.71,85.53
15.14,15.14,65.19,73.46,84.19
15.04,15.04,75.68,77.28,82.99
11.08,11.08,87.56,75.08,84.11
6.67,6.67,83.26,69.88,82.61
5.56,5.56,82.17,74.86,83.71
-0.00,-0.00,80.01,75.22,85.09
-0.00,-0.00,75.73,76.31,84.58
0.00,0.00,73.34,76.01,83.66
0.01,0.01,68.36,77.14,85.15
2.66,2.66,68.75,74.57,83.68
10.60,10.60,67.35,77.55,83.62
14.80,14.80,61.41,77.60,83.22
21.03,21.03,54.62,78.31,84.27
24.06,24.06,55.68,73.33,84.27
26.02,26.02,53.47,79.20,84.07
26.95,26.95,48.36,76.26,83.93
27.46,27.46,45.96,75.34,84.45
27.61,27.61,46.21,69.35,84.62
25.71,25.71,50.31,65.07,85.14
26.14,26.14,54.85,70.26,84.99
24.30,24.30,46.08,61.99,85.61
23.54,23.54,46.29,65.97,85.64
22.48,22.48,47.52,71.80,84.54
23.62,23.62,49.08,84.01,85.04
22.22,22.22,50.51,79.74,84.69
20.32,20.32,51.35,81.06,83.21
20.20,20.20,51.98,82.30,84.32
18.41,18.41,48.82,80.85,83.09
16.54,16.54,50.94,81.06,83.37
15.78,15.78,48.44,78.38,83.44
16.71,16.71,44.55,82.18,83.27
13.95,13.95,41.72,80.90,85.26
14.15,14.15,42.01,79.53,84.10
14.28,14.28,40.64,79.03,84.18
16.53,16.53,38.35,79.49,85.21
21.92,21.92,37.88,78.33,84.01
26.53,26.53,37.58,78.00,86.31
29.99,29.99,45.66,69.88,84.70
31.49,31.49,59.53,73.36,85.04
38.99,38.99,71.80,68.11,84.32
46.36,46.36,72.75,61.98,82.38
57.68,57.68,89.07,67.99,83.24
65.65,65.65,87.12,68.86,83.61
74.57,74.57,81.18,68.42,83.52
74.78,74.78,81.03,76.93,83.88
76.66,76.66,75.62,77.30,82.49
78.71,78.71,71.07,79.82,86.31
77.48,77.48,60.94,75.69,86.15
80.15,80.15,58.52,76.01,83.87
80.97,80.97,69.82,74.04,84.40
78.74,78.74,70.22,78.20,81.65
76.09,76.09,65.56,76.40,81.89
78.80,78.80,59.15,78.50,82.87
79.57,79.57,61.86,76.62,83.31
77.41,77.41,66.00,78.27,84.99
77.42,77.42,71.24,77.83,84.80
79.24,79.24,66.76,78.40,82.52
79.40,79.40,57.00,76.27,83.77
77.69,77.69,60.92,76.97,82.43
75.59,75.59,65.87,76.30,83.07
74.69,74.69,62.69,76.54,83.13
75.37,75.37,57.61,77.14,84.49
74.91,74.91,58.30,76.81,83.87
74.09,74.09,60.94,79.64,83.82
75.58,75.58,59.34,76.65,82.31
77.76,77.76,51.91,76.11,82.98
77.47,77.47,46.58,74.90,85.16
77.55,77.55,49.02,77.73,82.41
79.96,79.96,66.57,78.64,82.28
79.67,79.67,65.20,76.19,81.07
80.21,80.21,61.26,75.05,82.17
79.52,79.52,50.41,74.28,81.66
77.51,77.51,62.99,76.58,81.62
79.55,79.55,60.83,74.53,81.74
82.40,82.40,63.30,73.55,80.57
80.19,80.19,56.30,72.04,81.67
77.58,77.58,52.74,73.46,80.39
77.82,77.82,57.72,71.57,82.42
76.31,76.31,65.75,73.68,80.54
73.73,73.73,66.64,69.78,79.63
74.97,74.97,80.71,69.08,82.53
72.54,72.54,85.81,71.35,79.45
72.31,72.31,76.22,75.07,81.57
80.01,80.01,71.61,73.54,83.22
81.48,81.48,74.59,71.60,84.29
79.78,79.78,72.00,67.77,83.31
78.23,78.23,69.66,69.62,80.14
76.66,76.66,67.69,64.36,81.68
77.76,77.76,60.08,64.51,80.02
77.66,77.66,59.61,66.54,80.67
75.13,75.13,60.32,62.40,80.93
77.41,77.41,54.75,61.79,82.59
81.19,81.19,51.05,62.42,83.80
79.73,79.73,54.13,60.84,85.09
81.30,81.30,50.98,68.75,84.38
81.97,81.97,48.20,68.39,83.89
81.70,81.70,47.99,71.91,84.03
80.16,80.16,42.84,69.78,82.91
80.93,80.93,41.79,73.81,82.84
80.48,80.48,42.24,74.46,83.58
78.54,78.54,44.31,74.54,81.88
79.80,79.80,46.49,74.24,85.58
75.88,75.88,48.76,75.78,81.79
78.92,78.92,50.67,73.12,81.88
78.68,78.68,49.24,78.41,80.15
79.42,79.42,47.36,77.54,80.04
80.62,80.62,44.24,73.40,81.28
79.05,79.05,40.77,71.19,81.48
78.79,78.79,37.16,77.21,80.89
78.51,78.51,34.65,74.17,83.42
83.33,83.33,36.04,76.36,80.53
80.33,80.33,38.21,73.52,80.93
79.69,79.69,38.21,72.64,83.22
80.23,80.23,35.05,77.13,80.83
78.81,78.81,33.40,77.14,81.58
79.79,79.79,32.54,74.30,80.93
80.27,80.27,37.38,71.60,82.15
79.62,79.62,56.27,68.66,81.15
79.20,79.20,65.92,68.89,81.63
76.44,76.44,68.87,53.15,80.40
73.63,73.63,83.87,42.83,81.74
77.39,77.39,89.36,48.08,82.10
72.85,72.85,80.78,51.39,82.93
75.76,75.76,78.83,69.58,83.92
76.15,76.15,71.72,69.61,81.90
78.60,78.60,77.72,70.93,84.42
80.40,80.40,63.89,75.40,82.85
79.35,79.35,61.24,77.11,82.51
77.83,77.83,67.59,77.78,83.56
77.33,77.33,65.55,78.31,84.14
79.01,79.01,55.22,75.27,84.61
80.88,80.88,52.15,74.96,80.36
78.01,78.01,54.75,79.04,83.26
78.46,78.46,50.26,76.82,79.58
77.94,77.94,50.50,77.94,79.57
78.70,78.70,54.67,72.63,82.25
77.63,77.63,48.00,74.67,80.76
78.97,78.97,50.82,76.62,83.26
78.27,78.27,48.92,77.43,82.06
79.67,79.67,45.75,78.84,82.78
77.96,77.96,48.03,74.70,80.02
78.12,78.12,48.00,74.91,79.13
77.27,77.27,46.98,75.85,83.05
78.78,78.78,46.09,78.91,80.72
78.33,78.33,45.28,78.87,79.68
80.08,80.08,48.74,77.01,81.03
79.46,79.46,47.39,74.96,81.14
77.73,77.73,49.17,76.80,79.12
76.87,76.87,47.07,78.64,82.25
75.20,75.20,46.12,80.12,81.82
78.55,78.55,41.52,79.78,82.38
80.41,80.41,38.19,79.03,79.76
80.71,80.71,37.69,76.88,81.04
79.06,79.06,40.37,78.13,82.62
79.53,79.53,38.41,74.76,81.63
79.96,79.96,36.76,79.78,82.98
80.55,80.55,43.84,77.89,80.17
79.53,79.53,53.85,78.36,81.31
79.39,79.39,65.11,76.97,81.35
77.06,77.06,74.69,75.10,81.62
74.12,74.12,87.10,70.61,81.10
75.15,75.15,80.78,75.73,80.45
79.33,79.33,73.78,75.74,84.41
76.29,76.29,71.29,75.99,82.30
79.97,79.97,66.03,76.93,83.80
78.47,78.47,64.15,76.18,83.12
78.74,78.74,59.58,78.26,81.77
82.20,82.20,57.99,75.23,83.56
80.89,80.89,59.48,76.19,83.11
80.40,80.40,55.35,73.34,82.81
79.44,79.44,51.32,76.58,82.79
80.55,80.55,50.94,74.42,82.49
82.40,82.40,47.65,78.12,82.03
82.25,82.25,46.40,76.00,82.83
82.39,82.39,43.38,75.62,80.12
83.56,83.56,41.70,74.99,84.34
85.57,85.57,40.43,76.31,82.72
85.26,85.26,42.65,73.71,83.52
85.53,85.53,41.79,75.88,83.87
83.87,83.87,44.05,73.58,80.74
84.63,84.63,46.40,74.17,82.64
83.20,83.20,47.55,73.13,82.50
83.48,83.48,47.26,70.38,81.10
83.66,83.66,45.77,71.72,83.67
84.38,84.38,45.92,71.91,84.26
83.19,83.19,45.78,72.70,82.99
81.84,81.84,43.83,73.29,80.72
81.18,81.18,42.05,75.60,81.79
80.29,80.29,41.30,71.39,81.07
80.61,80.61,38.30,73.26,83.76
81.27,81.27,34.40,70.35,82.29
81.30,81.30,33.49,73.84,83.33
80.40,80.40,31.76,69.12,84.24
80.28,80.28,32.46,61.07,82.36
82.20,82.20,33.72,51.59,82.26
82.98,82.98,33.59,62.62,82.74
82.15,82.15,39.27,62.48,82.73
78.47,78.47,49.72,62.22,83.75
77.68,77.68,68.59,61.18,81.45
75.34,75.34,67.18,54.76,82.92
72.59,72.59,86.69,59.36,84.99
74.23,74.23,91.35,64.01,81.60
75.03,75.03,82.13,67.65,83.48
69.68,69.68,82.08,78.30,82.92
70.60,70.60,76.90,74.87,81.14
74.28,74.28,76.05,76.76,82.17
75.00,75.00,62.37,71.09,79.94
76.29,76.29,62.99,75.85,81.36
74.27,74.27,60.87,80.87,78.83
76.39,76.39,52.32,75.42,79.48
76.67,76.67,57.03,75.65,78.60
78.72,78.72,46.46,75.28,79.70
78.69,78.69,50.99,76.61,81.05
77.50,77.50,54.60,81.42,80.56
77.88,77.88,50.60,82.86,79.62
75.89,75.89,48.93,80.39,80.36
75.15,75.15,46.01,78.84,81.02
77.47,77.47,51.85,79.58,79.77
74.55,74.55,50.69,76.46,80.43
76.39,76.39,52.86,78.12,80.97
74.47,74.47,56.01,76.27,82.66
76.38,76.38,54.85,77.57,83.21
77.54,77.54,52.84,81.05,83.65
74.95,74.95,51.55,77.25,82.60
71.89,71.89,47.30,77.18,82.03
80.69,80.69,45.25,79.77,82.31
82.87,82.87,41.81,77.85,84.39
81.15,81.15,46.43,76.74,82.31
78.46,78.46,44.39,79.23,82.84
77.04,77.04,43.88,76.38,81.22
78.36,78.36,40.09,76.34,82.98
81.67,81.67,41.72,78.38,83.65
81.70,81.70,44.41,75.79,80.96
79.89,79.89,41.89,75.03,82.20
81.47,81.47,38.61,78.50,82.47
82.01,82.01,38.19,77.49,82.41
81.16,81.16,38.61,78.54,81.45
81.32,81.32,48.67,79.80,83.87
81.26,81.26,62.69,76.02,82.31
79.89,79.89,71.11,74.49,82.73
77.11,77.11,86.02,68.00,83.23
75.11,75.11,85.05,72.57,83.19
74.39,74.39,82.04,76.58,83.63
76.55,76.55,76.91,77.25,83.07
76.92,76.92,71.31,72.55,85.28
77.39,77.39,66.73,71.78,81.93
75.39,75.39,61.87,69.49,79.93
77.13,77.13,58.70,71.85,81.65
76.79,76.79,54.80,72.27,81.35
74.28,74.28,51.78,72.57,82.53
74.26,74.26,51.71,72.08,81.37
74.04,74.04,51.57,72.45,82.09
78.50,78.50,49.69,72.37,82.94
78.14,78.14,46.05,73.71,82.30
76.63,76.63,42.85,74.44,82.49
77.42,77.42,40.36,73.28,81.01
76.90,76.90,43.89,73.40,82.67
78.49,78.49,57.02,72.50,81.60
79.43,79.43,64.97,70.17,79.16
80.76,80.76,76.14,69.72,80.63
79.34,79.34,84.12,68.87,82.92
74.15,74.15,90.39,68.10,82.09
74.72,74.72,78.48,69.29,83.93
74.17,74.17,81.77,73.80,83.86
80.68,80.68,77.85,72.40,84.80
76.90,76.90,72.40,71.96,86.99
77.80,77.80,67.22,73.55,86.63
79.75,79.75,54.88,73.11,83.66
80.77,80.77,66.25,76.44,85.29
81.60,81.60,63.66,75.29,82.84
80.28,80.28,57.14,73.56,83.14
78.58,78.58,52.36,73.70,82.85
77.16,77.16,51.01,69.87,82.34
77.59,77.59,47.28,56.79,80.44
79.69,79.69,52.88,58.60,82.32
78.32,78.32,59.30,60.15,80.75
75.02,75.02,59.14,59.99,83.49
75.94,75.94,64.22,55.85,80.44
76.31,76.31,68.79,34.11,80.50
75.32,75.32,82.23,56.37,81.01
72.42,72.42,92.30,67.62,80.51
73.22,73.22,83.15,64.90,81.22
73.76,73.76,81.47,72.22,78.78
75.75,75.75,79.61,73.13,82.87
74.85,74.85,77.09,78.48,82.18
75.61,75.61,63.65,77.35,81.98
73.33,73.33,62.51,74.57,82.74
75.94,75.94,60.31,68.28,83.07
72.08,72.08,64.29,71.35,82.59
74.88,74.88,69.51,71.55,84.24
73.80,73.80,66.13,70.84,83.82
70.89,70.89,64.28,69.37,81.27
73.04,73.04,55.51,71.10,83.49
67.61,67.61,65.82,69.75,82.52
70.30,70.30,68.52,74.22,81.93
68.17,68.17,69.94,70.06,82.34
69.06,69.06,61.31,68.44,81.84
66.79,66.79,53.02,71.74,80.57
62.06,62.06,60.88,73.87,81.06
63.59,63.59,68.57,71.04,81.37
59.61,59.61,61.38,70.49,82.92
58.31,58.31,55.58,72.57,83.44
56.18,56.18,54.70,68.89,80.37
53.98,53.98,58.81,67.84,81.85
51.84,51.84,60.12,68.94,81.03
50.91,50.91,57.67,72.86,82.69
50.71,50.71,51.34,67.03,80.98
44.23,44.23,57.99,69.97,81.02
42.87,42.87,60.61,75.24,82.30
42.37,42.37,51.09,73.26,79.73
41.23,41.23,52.46,68.84,80.06
44.23,44.23,54.11,74.37,81.22
38.59,38.59,61.16,70.39,80.74
38.57,38.57,60.87,73.61,79.28
38.40,38.40,60.82,70.42,82.40
37.74,37.74,57.21,74.78,80.47
41.49,41.49,61.59,74.17,80.82
37.49,37.49,66.08,74.45,80.83
29.73,29.73,77.93,67.89,82.07
26.19,26.19,85.09,74.30,85.20
25.99,25.99,75.20,74.57,85.65
28.74,28.74,74.94,74.81,84.17
24.22,24.22,71.54,75.53,84.61
18.43,18.43,69.02,73.56,84.43
16.34,16.34,64.04,74.53,84.30
14.85,14.85,66.55,73.18,84.70
15.31,15.31,61.98,75.52,84.74
20.42,20.42,57.84,74.45,84.21
15.59,15.59,56.69,77.17,83.53
16.07,16.07,55.34,75.49,85.29
19.11,19.11,52.01,75.10,84.49
19.36,19.36,50.76,74.15,83.31
19.93,19.93,49.66,73.03,83.08
19.44,19.44,47.54,65.38,82.37
21.67,21.67,46.38,70.40,81.96
24.19,24.19,43.97,66.52,81.88
22.23,22.23,43.69,65.89,84.50
20.42,20.42,45.95,63.88,82.31
21.17,21.17,50.64,63.75,82.52
16.01,16.01,54.88,69.62,83.96
11.17,11.17,54.78,61.47,82.43
6.34,6.34,53.88,78.52,81.33
5.58,5.58,52.55,72.74,80.98
6.26,6.26,50.40,76.62,81.33
8.96,8.96,49.32,78.34,81.87
12.84,12.84,47.63,73.75,83.25
18.33,18.33,46.69,75.61,83.98
21.21,21.21,45.00,76.87,83.60
23.33,23.33,42.38,75.90,83.92
24.41,24.41,40.31,75.75,82.81
24.42,24.42,37.74,77.64,82.55
24.62,24.62,36.44,73.95,82.75
26.83,26.83,36.06,78.07,82.22
29.77,29.77,35.21,75.66,81.76
33.42,33.42,40.04,74.35,81.66
35.56,35.56,54.81,70.64,83.29
41.01,41.01,58.93,63.83,81.57
49.00,49.00,69.69,54.38,83.20
60.59,60.59,83.50,55.90,82.46
68.88,68.88,91.83,62.56,83.83
76.54,76.54,87.82,66.01,80.51
81.41,81.41,78.70,68.88,81.62
79.69,79.69,80.44,66.83,81.51
82.11,82.11,77.18,63.84,80.18
81.84,81.84,62.60,70.84,80.35
82.59,82.59,61.78,73.01,81.88
82.53,82.53,63.27,72.02,80.27
81.84,81.84,68.02,72.14,81.01
83.03,83.03,63.57,70.98,80.88
80.51,80.51,61.16,70.36,81.44
77.72,77.72,62.82,74.23,78.97
80.52,80.52,64.19,64.96,82.37
83.23,83.23,59.72,69.80,82.20
79.43,79.43,52.12,63.81,81.43
81.84,81.84,57.05,66.78,82.63
80.35,80.35,62.15,69.44,80.85
81.08,81.08,63.86,70.73,81.23
80.79,80.79,60.80,68.99,80.70
77.21,77.21,54.41,71.91,82.88
78.05,78.05,56.90,73.95,80.76
77.08,77.08,64.14,73.63,83.11
75.90,75.90,57.52,69.05,81.67
79.23,79.23,50.13,75.22,80.96
79.23,79.23,51.31,78.51,81.98
78.73,78.73,54.29,75.73,84.74
78.58,78.58,54.06,75.48,83.51
78.37,78.37,45.34,72.99,82.99
77.04,77.04,51.08,79.37,84.67
79.11,79.11,50.66,71.79,84.67
80.09,80.09,50.41,76.15,84.20
80.02,80.02,53.57,73.75,83.82
76.92,76.92,50.49,75.15,84.08
75.68,75.68,45.15,77.65,84.17
77.51,77.51,45.37,72.83,82.69
77.27,77.27,48.29,76.26,83.14
75.98,75.98,51.05,74.55,83.91
76.26,76.26,56.82,73.95,81.58
75.74,75.74,72.88,75.28,80.90
73.83,73.83,74.75,70.93,79.41
72.98,72.98,87.66,65.46,81.31
74.71,74.71,82.62,65.90,81.00
73.61,73.61,72.40,69.35,82.43
72.38,72.38,68.25,73.41,81.98
77.30,77.30,68.13,71.18,82.83
79.94,79.94,70.50,72.20,84.75
78.48,78.48,67.96,71.41,83.66
78.41,78.41,62.55,72.76,83.03
76.99,76.99,60.10,69.84,83.17
78.40,78.40,65.54,72.85,83.81
77.06,77.06,58.16,71.12,85.14
79.53,79.53,50.78,70.97,85.59
77.23,77.23,49.94,70.60,85.55
78.07,78.07,50.11,71.24,85.03
77.29,77.29,45.89,72.21,82.52
78.66,78.66,44.23,70.13,85.42
78.03,78.03,44.91,69.52,83.18
80.00,80.00,56.95,63.93,84.60
75.36,75.36,66.45,58.79,82.77
75.45,75.45,62.37,47.45,81.59
75.11,75.11,83.49,49.92,82.03
74.56,74.56,92.02,56.60,86.08
79.26,79.26,84.69,61.20,84.15
79.82,79.82,80.70,62.53,83.55
80.88,80.88,71.88,66.51,84.50
80.77,80.77,75.86,65.13,81.66
78.52,78.52,64.84,63.61,81.76
78.89,78.89,68.48,62.96,81.85
78.53,78.53,59.03,67.67,80.81
78.90,78.90,64.61,74.14,81.16
80.32,80.32,49.81,72.14,81.02
75.32,75.32,53.69,71.48,83.74
77.36,77.36,56.82,71.53,83.16
78.46,78.46,54.33,71.08,80.46
75.82,75.82,60.90,70.54,81.84
75.57,75.57,54.02,60.28,83.12
77.64,77.64,59.95,63.40,82.05
77.08,77.08,63.25,62.31,80.73
79.17,79.17,72.67,57.66,79.52
72.86,72.86,76.93,61.19,80.31
74.75,74.75,90.81,66.73,81.99
75.93,75.93,86.62,63.98,78.59
76.60,76.60,75.60,72.87,83.37
78.49,78.49,76.50,75.80,82.36
77.37,77.37,72.75,78.08,80.21
74.32,74.32,73.81,75.79,82.10
76.25,76.25,69.26,77.97,84.12
77.92,77.92,64.69,78.97,80.00
78.80,78.80,64.03,78.90,82.25
79.58,79.58,57.47,78.77,80.02
78.19,78.19,45.92,76.49,81.32
78.18,78.18,46.98,77.84,81.76
77.80,77.80,44.68,79.09,80.36
78.73,78.73,52.97,81.60,82.67
77.98,77.98,52.03,78.09,79.37
76.97,76.97,47.54,77.34,79.12
75.92,75.92,46.60,79.34,82.38
76.36,76.36,47.05,79.40,79.56
76.72,76.72,47.86,78.44,80.95
79.13,79.13,51.31,79.59,84.07
76.42,76.42,55.25,81.98,84.54
78.58,78.58,54.62,79.17,82.02
75.80,75.80,51.89,80.38,79.51
78.63,78.63,50.48,80.78,81.94
76.64,76.64,46.75,80.29,82.28
80.93,80.93,45.63,80.24,79.94
77.99,77.99,42.58,81.09,83.26
79.23,79.23,43.44,76.97,81.43
77.59,77.59,41.53,79.42,80.93
75.12,75.12,41.09,79.84,82.98
77.64,77.64,40.00,79.26,80.39
78.62,78.62,40.53,80.52,81.53
79.50,79.50,39.52,81.89,82.53
79.12,79.12,40.38,78.62,78.69
79.33,79.33,38.71,80.36,81.39
80.23,80.23,43.36,79.26,78.49
79.73,79.73,62.08,78.75,78.44
76.26,76.26,64.54,79.42,79.03
73.90,73.90,72.30,77.87,79.68
73.12,73.12,87.72,76.30,83.20
71.56,71.56,82.58,76.52,80.37
75.82,75.82,73.45,76.75,82.70
77.15,77.15,70.88,79.34,84.40
78.88,78.88,65.35,79.11,81.73
77.81,77.81,61.39,76.64,83.45
78.82,78.82,58.12,76.33,80.23
79.81,79.81,55.16,77.47,83.58
79.23,79.23,50.66,78.19,82.03
78.87,78.87,47.29,78.27,80.01
77.61,77.61,46.46,80.06,82.10
81.22,81.22,45.96,76.56,82.75
79.34,79.34,43.68,77.14,83.69
75.33,75.33,40.99,77.73,82.11
77.61,77.61,41.62,77.00,80.02
77.41,77.41,40.74,76.78,82.78
78.73,78.73,41.20,77.85,81.47
79.18,79.18,43.13,75.25,81.19
80.96,80.96,47.99,79.40,81.43
80.04,80.04,52.69,79.59,81.97
79.47,79.47,55.12,75.07,80.89
81.67,81.67,55.53,77.15,82.81
80.47,80.47,53.66,77.46,80.08
80.25,80.25,50.67,74.22,83.95
79.98,79.98,48.13,78.85,82.26
81.86,81.86,43.33,76.47,81.48
81.18,81.18,39.83,76.26,82.44
80.27,80.27,38.10,78.67,82.67
80.67,80.67,34.77,76.48,81.35
80.59,80.59,32.53,78.50,81.42
80.21,80.21,30.59,80.20,81.04
80.67,80.67,31.77,77.14,79.28
81.62,81.62,32.04,73.18,79.98
81.64,81.64,30.67,65.65,78.27
80.73,80.73,30.41,53.50,80.77
80.34,80.34,37.05,54.85,78.30
82.13,82.13,50.61,52.68,78.55
82.31,82.31,61.56,44.93,78.72
78.51,78.51,65.96,51.30,76.10
71.83,71.83,85.60,56.31,80.08
68.20,68.20,93.02,66.91,79.20
70.75,70.75,85.98,73.80,79.69
72.22,72.22,83.88,81.34,81.13
71.67,71.67,77.97,77.47,83.05
71.24,71.24,72.91,79.26,82.49
71.05,71.05,69.86,81.44,83.91
74.72,74.72,64.09,82.42,82.13
73.73,73.73,61.29,83.26,82.17
73.17,73.17,63.31,79.07,82.39
76.44,76.44,59.35,80.67,81.14
75.71,75.71,53.49,79.04,81.87
74.67,74.67,55.48,80.95,82.14
74.71,74.71,50.46,82.03,83.39
76.43,76.43,46.61,83.24,80.95
71.96,71.96,44.70,79.22,82.28
74.99,74.99,42.12,80.55,82.05
76.18,76.18,49.08,77.59,82.66
74.79,74.79,60.35,77.29,80.13
73.00,73.00,69.78,77.64,81.95
68.37,68.37,81.46,72.52,83.33
68.61,68.61,88.08,70.91,82.78
69.75,69.75,82.86,72.17,83.40
77.50,77.50,74.65,70.67,81.09
74.00,74.00,74.75,75.94,83.24
73.60,73.60,78.05,79.22,83.51
79.76,79.76,68.77,79.74,83.08
78.09,78.09,66.99,76.95,83.08
75.19,75.19,63.14,81.06,82.50
77.57,77.57,54.60,79.78,82.28
76.30,76.30,48.13,79.85,83.47
77.36,77.36,55.51,81.10,80.71
78.00,78.00,54.92,78.50,84.30
77.64,77.64,54.42,77.63,83.35
76.33,76.33,50.52,79.87,81.29
74.64,74.64,47.75,79.37,84.74
81.19,81.19,44.21,78.86,80.85
77.67,77.67,50.09,80.63,85.39
76.84,76.84,60.92,76.04,82.88
79.06,79.06,68.23,79.11,81.82
77.62,77.62,80.50,77.83,83.12
74.03,74.03,87.33,77.08,80.61
74.92,74.92,79.56,75.79,81.55
76.10,76.10,77.06,78.80,83.40
76.55,76.55,68.91,75.36,80.86
74.71,74.71,61.77,69.22,81.23
74.30,74.30,62.20,61.33,82.16
77.74,77.74,59.73,36.78,82.86
75.91,75.91,57.45,49.94,82.26
75.18,75.18,54.96,61.38,81.06
76.16,76.16,50.48,64.72,83.13
77.42,77.42,48.84,79.06,80.10
77.19,77.19,46.14,82.41,80.05
79.24,79.24,45.24,80.16,81.47
79.31,79.31,45.72,78.32,80.98
79.84,79.84,44.20,78.70,83.24
77.11,77.11,41.84,79.25,79.69
76.78,76.78,42.96,79.58,81.85
79.76,79.76,48.72,78.76,80.71
79.35,79.35,55.69,75.58,78.90
78.69,78.69,61.42,76.44,83.43
79.09,79.09,63.04,73.05,83.53
77.60,77.60,62.82,73.96,86.59
77.58,77.58,60.73,77.64,84.44
77.06,77.06,59.36,78.69,85.43
78.27,78.27,58.04,75.49,81.80
79.19,79.19,56.40,74.55,82.87
78.95,78.95,54.23,76.59,82.26
79.14,79.14,54.57,77.46,83.17
81.07,81.07,54.48,76.61,82.15
81.11,81.11,51.35,74.98,82.76
80.62,80.62,50.16,74.56,82.92
80.62,80.62,48.25,76.79,84.22
80.91,80.91,47.88,77.74,83.28
78.94,78.94,46.18,75.44,82.51
76.72,76.72,43.66,77.43,80.83
76.99,76.99,43.25,73.27,82.73
75.31,75.31,51.86,73.74,81.41
74.00,74.00,65.59,70.62,82.12
76.58,76.58,69.59,66.92,78.49
77.45,77.45,84.68,67.53,82.70
76.64,76.64,90.03,64.02,82.89
75.17,75.17,81.82,68.68,79.99
74.56,74.56,81.63,70.61,82.49
76.05,76.05,81.93,70.12,81.11
76.20,76.20,74.43,71.54,81.85
78.18,78.18,66.31,69.29,83.07
78.43,78.43,56.84,73.79,82.63
73.93,73.93,70.40,77.58,82.02
72.14,72.14,70.00,76.68,81.22
69.99,69.99,71.97,76.84,80.75
68.44,68.44,63.57,77.61,79.82
70.05,70.05,53.61,80.86,81.75
73.00,73.00,59.93,79.28,82.13
72.21,72.21,68.74,80.16,79.39
72.24,72.24,67.39,78.33,79.73
69.48,69.48,67.78,80.51,80.15
69.50,69.50,60.46,78.70,79.47
68.10,68.10,61.36,80.10,79.55
66.59,66.59,64.43,79.34,79.27
64.96,64.96,61.22,76.86,80.61
66.86,66.86,52.71,79.96,80.30
64.93,64.93,56.39,79.64,78.94
67.35,67.35,50.94,80.91,80.71
66.44,66.44,56.14,78.10,79.28
65.26,65.26,57.41,79.12,80.21
65.04,65.04,50.50,78.76,82.24
64.61,64.61,51.81,80.24,82.10
65.85,65.85,53.65,77.37,82.43
65.46,65.46,49.55,77.04,82.39
66.32,66.32,52.00,79.16,82.88
64.27,64.27,51.42,76.72,81.73
61.51,61.51,54.83,77.79,83.62
59.60,59.60,46.85,75.17,84.25
58.20,58.20,40.30,78.85,79.48
56.53,56.53,45.62,76.01,81.22
56.41,56.41,58.68,77.71,82.92
52.52,52.52,66.44,76.70,80.88
56.55,56.55,72.54,76.82,82.00
59.66,59.66,87.26,72.70,82.15
53.99,53.99,81.26,74.15,82.08
47.23,47.23,80.71,74.84,84.94
46.30,46.30,75.76,79.54,84.14
54.92,54.92,69.11,77.40,83.44
53.74,53.74,67.44,78.67,83.37
51.18,51.18,64.31,78.01,82.61
47.72,47.72,59.23,78.61,83.70
46.59,46.59,59.31,79.47,80.40
44.52,44.52,57.84,76.70,80.67
46.06,46.06,53.44,78.15,80.24
47.69,47.69,54.51,77.14,81.02
46.86,46.86,54.08,78.54,81.40
46.08,46.08,53.51,77.26,82.01
44.39,44.39,51.11,77.61,82.02
43.98,43.98,46.19,76.05,81.20
41.34,41.34,43.58,78.11,81.69
42.87,42.87,43.09,75.76,81.16
42.82,42.82,46.88,77.75,81.02
44.04,44.04,51.28,74.89,82.43
47.14,47.14,54.40,80.03,83.36
47.50,47.50,53.87,84.12,82.45
44.85,44.85,53.16,84.27,80.87
43.71,43.71,52.87,82.62,82.23
41.26,41.26,51.39,80.52,79.12
42.06,42.06,50.40,80.35,82.05
43.56,43.56,45.89,80.78,81.08
40.95,40.95,42.65,80.12,78.05
38.94,38.94,42.86,79.08,80.29
36.68,36.68,40.81,81.00,80.41
38.87,38.87,40.09,79.23,80.62
41.00,41.00,40.86,80.81,80.85
41.72,41.72,39.06,79.16,81.34
38.08,38.08,37.10,79.84,80.81
37.83,37.83,38.71,78.16,81.47
41.30,41.30,38.99,80.28,79.97
42.13,42.13,54.65,80.24,78.98
41.07,41.07,62.80,77.15,79.53
49.65,49.65,68.70,72.52,81.88
59.30,59.30,86.00,69.56,82.49
67.15,67.15,89.03,63.83,81.47
73.07,73.07,81.94,62.55,82.72
82.07,82.07,84.70,68.41,83.00
81.26,81.26,77.81,68.10,82.70
82.57,82.57,72.20,70.49,83.48
79.23,79.23,64.30,72.78,81.18
77.03,77.03,69.56,74.45,84.20
80.29,80.29,68.01,73.28,83.42
81.46,81.46,62.10,75.47,80.34
83.11,83.11,62.36,73.25,83.85
78.54,78.54,65.56,75.44,80.08
79.01,79.01,62.27,74.85,84.66
80.73,80.73,47.02,75.99,81.66
81.78,81.78,51.40,72.06,81.27
81.77,81.77,57.05,73.99,82.94
81.85,81.85,54.90,75.24,81.19
76.98,76.98,57.36,76.66,81.55
79.90,79.90,65.78,73.67,81.35
79.91,79.91,71.36,64.53,80.36
79.14,79.14,80.41,63.38,80.06
77.16,77.16,90.87,65.01,79.80
77.82,77.82,85.34,62.83,82.25
76.84,76.84,78.04,63.93,80.49
83.17,83.17,79.83,68.39,81.83
81.84,81.84,73.93,68.15,81.17
81.06,81.06,67.35,74.62,81.14
80.31,80.31,71.47,76.94,79.35
79.06,79.06,66.90,79.15,78.02
76.07,76.07,65.12,77.21,81.48
75.95,75.95,59.05,78.70,81.73
79.25,79.25,63.72,77.64,81.01
77.25,77.25,64.83,78.71,81.77
77.71,77.71,57.78,77.74,80.50
78.13,78.13,60.55,77.78,81.51
78.19,78.19,65.77,79.38,81.04
80.45,80.45,66.64,77.73,82.70
81.49,81.49,62.45,78.03,77.93
78.33,78.33,67.20,75.40,78.18
77.81,77.81,76.85,75.23,78.43
75.32,75.32,88.83,71.22,79.21
78.19,78.19,82.45,74.29,82.46
75.23,75.23,80.08,72.38,83.37
81.10,81.10,76.96,70.37,84.36
80.23,80.23,71.47,67.63,82.60
77.34,77.34,66.11,72.29,81.61
79.20,79.20,60.94,70.75,83.26
79.24,79.24,62.68,70.29,82.01
79.57,79.57,56.42,70.39,80.94
78.11,78.11,57.34,68.26,79.34
77.87,77.87,54.14,66.05,80.73
74.31,74.31,51.96,63.69,82.02
77.81,77.81,48.20,68.94,80.45
78.07,78.07,46.63,66.42,81.25
78.29,78.29,47.17,69.84,82.47
78.62,78.62,47.60,73.46,85.16
80.65,80.65,48.34,71.97,84.49
78.82,78.82,47.97,71.22,81.61
78.74,78.74,49.09,69.45,83.79
79.76,79.76,55.15,65.13,82.86
74.31,74.31,56.37,77.34,83.17
74.85,74.85,56.14,79.92,81.61
79.03,79.03,54.88,82.60,80.95
80.84,80.84,52.03,75.59,81.71
78.09,78.09,49.01,81.53,82.67
79.45,79.45,45.20,80.34,80.62
82.32,82.32,41.95,75.46,84.84
80.92,80.92,39.40,80.77,84.26
78.46,78.46,39.24,76.83,83.61
80.93,80.93,36.38,75.26,84.35
80.23,80.23,35.53,77.17,84.13
80.94,80.94,34.62,79.23,83.97
79.32,79.32,34.33,72.16,84.12
79.97,79.97,33.96,81.72,82.83
78.71,78.71,34.15,74.84,83.75
80.25,80.25,46.17,76.35,81.44
77.58,77.58,60.47,64.25,82.81
74.75,74.75,64.08,63.81,82.20
75.34,75.34,72.82,62.13,81.18
78.18,78.18,86.92,66.46,81.14
73.10,73.10,91.57,68.88,80.52
77.06,77.06,83.84,73.29,82.45
81.48,81.48,81.88,78.21,81.60
78.24,78.24,71.68,79.06,83.07
80.02,80.02,68.19,79.26,82.39
78.48,78.48,71.37,76.47,82.25
78.60,78.60,62.71,77.92,83.66
84.05,84.05,63.05,74.91,82.53
80.10,80.10,53.42,77.15,81.68
77.18,77.18,54.45,76.25,84.00
77.22,77.22,58.26,80.23,82.13
80.10,80.10,48.55,78.47,81.18
78.77,78.77,47.93,76.75,80.64
76.46,76.46,46.71,76.92,78.91
78.76,78.76,47.66,80.29,81.01
80.09,80.09,51.92,79.03,80.75
80.93,80.93,53.05,76.41,80.67
81.04,81.04,51.91,79.42,82.02
75.50,75.50,52.21,81.82,77.10
71.84,71.84,55.78,81.13,80.29
77.24,77.24,55.07,82.14,84.40
77.52,77.52,53.67,81.14,82.37
79.24,79.24,50.57,78.80,82.71
78.30,78.30,48.89,80.21,82.62
78.97,78.97,48.32,81.17,83.42
77.34,77.34,46.04,80.81,81.45
77.27,77.27,45.13,81.21,82.45
78.37,78.37,44.13,81.47,81.58
77.86,77.86,41.71,75.40,81.37
78.32,78.32,41.40,79.33,80.51
77.66,77.66,39.59,78.42,82.39
76.28,76.28,37.06,80.12,81.41
75.41,75.41,36.14,79.41,80.63
74.94,74.94,37.36,81.05,81.64
75.09,75.09,41.77,79.24,80.53
75.90,75.90,57.02,80.15,79.72
73.38,73.38,68.82,78.79,80.21
76.64,76.64,73.98,80.51,79.98
76.93,76.93,87.80,78.15,80.48
75.44,75.44,78.93,80.19,82.79
73.01,73.01,77.43,77.39,83.10
78.30,78.30,74.58,79.30,83.87
77.32,77.32,66.95,75.85,82.77
79.00,79.00,62.90,76.14,84.29
75.37,75.37,60.13,76.84,83.19
78.20,78.20,57.70,75.53,81.50
78.86,78.86,57.28,75.75,86.06
77.54,77.54,54.48,77.94,82.51
75.87,75.87,49.13,76.17,81.60
78.85,78.85,47.98,75.41,85.56
77.87,77.87,46.68,78.42,83.33
77.94,77.94,48.45,77.15,82.14
78.84,78.84,46.38,78.04,82.42
83.66,83.66,43.45,78.42,83.44
83.79,83.79,41.49,76.24,82.21
84.45,84.45,45.12,77.17,82.16
85.39,85.39,48.55,78.46,82.59
84.17,84.17,51.83,75.38,82.04
82.66,82.66,54.94,76.80,77.41
80.83,80.83,53.44,77.09,82.50
78.63,78.63,52.14,75.59,81.64
80.05,80.05,49.96,78.40,81.71
77.85,77.85,47.71,77.93,81.26
76.03,76.03,44.80,74.53,80.53
77.62,77.62,42.03,76.98,81.42
79.32,79.32,42.47,78.23,81.19
80.88,80.88,42.61,78.28,79.97
81.23,81.23,40.49,77.16,79.48
81.59,81.59,38.33,74.83,80.01
81.18,81.18,37.85,71.52,79.54
81.60,81.60,35.54,67.78,80.32
80.74,80.74,34.05,58.47,81.49
81.57,81.57,33.93,56.38,82.73
80.36,80.36,48.63,58.42,78.84
80.85,80.85,55.02,52.91,80.19
79.47,79.47,60.73,54.87,78.10
75.00,75.00,74.30,53.87,79.67
71.48,71.48,89.24,58.94,77.82
73.07,73.07,92.49,64.74,81.26
70.31,70.31,84.89,69.19,80.67
71.59,71.59,84.78,79.27,83.88
74.28,74.28,75.83,76.66,82.43
72.81,72.81,69.35,77.23,80.85
72.53,72.53,66.37,78.91,78.94
74.68,74.68,64.52,77.97,81.90
74.74,74.74,65.30,77.89,81.71
75.97,75.97,56.70,80.31,80.17
74.83,74.83,57.79,79.56,79.69
73.48,73.48,51.38,78.63,79.33
73.94,73.94,44.54,80.48,80.87
75.77,75.77,46.25,79.42,81.84
75.32,75.32,50.42,82.38,81.74
76.78,76.78,43.77,81.70,80.99
77.42,77.42,45.76,72.07,81.53
80.37,80.37,57.51,68.87,81.21
80.04,80.04,66.72,63.11,80.04
77.25,77.25,77.76,55.01,79.24
71.20,71.20,91.79,58.27,80.00
73.69,73.69,88.46,58.91,81.82
76.16,76.16,77.29,62.82,81.60
73.90,73.90,77.55,72.27,80.56
78.21,78.21,82.18,82.14,82.33
74.29,74.29,70.94,79.88,82.00
74.49,74.49,62.04,76.74,79.24
81.31,81.31,58.35,80.54,83.75
75.07,75.07,62.37,81.64,82.35
75.63,75.63,55.32,81.11,81.14
75.64,75.64,54.09,80.79,83.46
77.52,77.52,52.89,79.29,81.56
78.30,78.30,56.59,79.21,81.72
78.80,78.80,50.73,80.09,81.84
79.59,79.59,54.40,79.39,79.88
82.70,82.70,51.94,81.24,77.92
80.89,80.89,59.13,82.81,79.31
80.32,80.32,64.29,79.23,77.89
77.74,77.74,70.42,77.88,78.52
77.14,77.14,89.02,73.36,78.83
77.25,77.25,78.23,74.13,78.52
73.85,73.85,72.02,80.61,79.39
77.34,77.34,71.21,82.37,81.57
76.97,76.97,68.53,78.31,83.25
76.17,76.17,69.38,77.50,80.52
76.22,76.22,65.87,77.71,83.21
76.18,76.18,67.55,81.24,81.84
76.87,76.87,59.49,80.54,82.94
78.20,78.20,54.19,81.43,80.84
79.32,79.32,51.17,77.13,81.93
77.94,77.94,50.31,80.17,83.34
78.13,78.13,50.50,79.49,81.02
78.26,78.26,47.71,81.01,82.57
75.66,75.66,48.97,79.94,81.81
78.04,78.04,48.44,81.15,82.85
76.77,76.77,44.05,78.14,80.69
78.25,78.25,47.50,80.17,79.56
79.36,79.36,56.75,78.57,82.28
77.63,77.63,62.53,79.76,79.00
75.56,75.56,66.95,78.50,79.34
74.25,74.25,66.17,78.79,82.83
72.67,72.67,64.44,78.29,80.25
69.68,69.68,62.50,80.56,80.40
74.12,74.12,60.89,78.81,83.58
76.98,76.98,59.26,80.49,82.09
78.75,78.75,57.42,78.19,81.93
82.21,82.21,55.24,75.99,82.52
81.51,81.51,54.91,77.35,81.51
76.64,76.64,53.45,74.46,82.11
76.62,76.62,51.62,73.26,80.58
75.23,75.23,50.47,77.37,81.78
76.72,76.72,47.16,78.36,81.39
75.23,75.23,45.69,75.84,81.20
75.35,75.35,42.16,70.91,84.93
77.35,77.35,40.26,59.60,83.19
75.62,75.62,44.49,54.80,82.36
76.51,76.51,55.65,46.59,82.29
75.39,75.39,70.58,51.65,80.16
73.82,73.82,79.97,52.46,79.72
71.26,71.26,92.12,64.57,78.29
77.91,77.91,87.78,69.52,79.39
77.26,77.26,76.41,75.99,81.11
77.14,77.14,78.02,74.42,81.60
76.24,76.24,75.45,79.03,81.89
76.47,76.47,70.74,78.29,82.45
74.51,74.51,64.79,78.09,82.98
74.64,74.64,60.84,79.98,79.69
73.86,73.86,56.83,78.79,83.72
73.38,73.38,54.66,72.49,81.34
74.50,74.50,53.99,79.23,79.16
77.50,77.50,51.70,80.46,83.07
78.10,78.10,50.75,74.88,79.19
74.74,74.74,54.27,74.85,77.95
68.99,68.99,51.60,75.51,75.94
65.05,65.05,55.19,74.59,76.90
67.32,67.32,50.41,75.25,78.01
63.04,63.04,46.38,80.29,77.76
63.58,63.58,47.64,71.80,77.57
63.71,63.71,50.10,76.56,78.92
60.70,60.70,53.55,80.14,80.64
61.85,61.85,53.50,72.97,79.10
64.29,64.29,51.55,74.84,82.94
58.78,58.78,50.24,79.51,81.52
63.04,63.04,46.90,75.99,80.39
64.43,64.43,48.11,75.35,83.01
58.65,58.65,48.04,75.23,81.65
60.57,60.57,44.87,77.86,82.80
63.96,63.96,42.80,72.73,81.97
57.30,57.30,41.29,71.13,80.66
55.25,55.25,42.47,79.44,82.20
57.16,57.16,36.94,72.85,80.80
52.89,52.89,38.28,73.62,80.28
56.31,56.31,36.88,76.76,81.38
54.17,54.17,38.17,72.04,79.50
54.60,54.60,40.83,75.15,81.03
55.73,55.73,55.42,78.46,79.70
50.75,50.75,66.15,73.26,79.02
44.82,44.82,70.11,72.26,77.92
46.70,46.70,86.88,76.96,80.41
47.49,47.49,80.97,74.13,82.42
48.14,48.14,81.94,73.83,83.20
43.52,43.52,74.98,73.20,85.14
41.54,41.54,66.83,77.03,81.73
44.23,44.23,67.24,71.42,81.31
45.30,45.30,63.43,73.34,83.24
47.19,47.19,60.21,78.32,82.67
48.23,48.23,57.43,74.25,84.28
44.75,44.75,54.19,73.47,82.58
43.76,43.76,52.64,75.72,83.92
52.43,52.43,50.85,72.66,84.70
51.18,51.18,49.08,76.45,82.65
39.62,39.62,47.37,72.00,82.63
47.42,47.42,44.97,70.88,83.30
48.58,48.58,43.13,73.47,81.21
42.30,42.30,42.46,73.04,80.86
44.46,44.46,43.41,75.24,81.92
47.11,47.11,41.57,69.16,81.52
38.18,38.18,45.63,76.05,83.05
41.98,41.98,49.81,75.61,81.77
42.92,42.92,52.29,66.96,83.01
35.61,35.61,51.70,79.26,83.57
28.81,28.81,53.60,77.49,83.71
29.70,29.70,54.12,73.71,82.93
35.33,35.33,51.08,78.16,83.68
38.63,38.63,47.50,79.03,83.65
41.14,41.14,44.74,72.78,84.20
44.58,44.58,46.24,73.42,84.55
50.68,50.68,42.49,76.89,82.94
49.12,49.12,41.00,72.94,83.58
50.29,50.29,37.99,71.33,84.77
53.64,53.64,38.47,67.39,84.93
53.83,53.83,36.50,70.44,83.39
56.22,56.22,36.13,68.44,83.91
56.69,56.69,34.33,59.86,83.56
57.62,57.62,40.09,69.04,82.24
56.77,56.77,57.61,68.30,84.35
51.99,51.99,68.72,62.15,80.91
46.69,46.69,75.02,64.52,80.76
50.13,50.13,90.87,62.71,80.41
59.98,59.98,89.76,67.84,81.75
66.93,66.93,78.64,67.68,81.33
68.48,68.48,77.63,71.74,82.53
66.40,66.40,71.61,73.82,83.51
68.11,68.11,68.05,71.88,84.11
68.52,68.52,68.79,66.56,83.46
68.29,68.29,60.98,74.37,82.96
73.50,73.50,64.65,72.89,82.05
68.03,68.03,55.54,70.03,83.21
65.34,65.34,54.03,75.22,82.06
63.42,63.42,50.91,70.57,82.35
70.07,70.07,50.82,71.09,82.07
67.83,67.83,53.45,71.79,80.33
71.05,71.05,54.35,74.91,81.84
71.26,71.26,51.61,73.71,81.60
69.51,69.51,47.73,72.61,84.70
66.03,66.03,54.04,70.73,82.96
62.19,62.19,63.11,71.71,83.50
61.06,61.06,75.88,66.29,82.30
57.80,57.80,82.73,62.36,81.85
59.46,59.46,90.88,63.44,83.01
62.11,62.11,81.93,68.28,82.24
66.78,66.78,80.54,74.42,84.27
66.28,66.28,68.90,66.66,85.17
66.30,66.30,72.46,70.39,85.19
67.38,67.38,63.06,71.72,87.44
65.74,65.74,66.66,75.56,86.87
65.69,65.69,60.11,74.67,86.35
65.57,65.57,62.73,77.48,87.77
65.74,65.74,51.77,72.46,87.44
69.01,69.01,57.66,76.57,84.27
70.96,70.96,46.42,72.85,86.29
70.19,70.19,44.03,70.06,88.86
67.75,67.75,55.47,77.87,84.74
66.29,66.29,51.55,74.05,84.55
65.85,65.85,53.73,72.93,82.39
66.39,66.39,64.24,74.56,83.44
67.38,67.38,68.53,70.68,82.32
65.86,65.86,79.50,62.77,81.69
68.64,68.64,86.52,62.82,82.77
70.29,70.29,81.64,66.43,84.07
70.72,70.72,77.92,69.19,87.84
69.89,69.89,67.62,76.51,85.17
68.50,68.50,68.49,82.22,86.14
70.42,70.42,65.14,83.93,85.58
69.89,69.89,56.30,80.22,83.47
71.47,71.47,55.18,80.74,83.58
72.96,72.96,54.89,76.92,83.81
73.23,73.23,51.80,79.94,82.31
74.91,74.91,50.72,78.95,84.07
69.43,69.43,46.67,78.66,82.60
67.31,67.31,44.18,81.47,82.96
68.22,68.22,42.71,81.67,86.09
64.72,64.72,41.61,83.15,86.34
64.47,64.47,42.49,79.69,85.03
64.25,64.25,44.04,81.93,85.25
65.93,65.93,48.90,79.10,86.87
65.93,65.93,49.74,79.43,83.87
67.21,67.21,58.96,75.87,85.81
69.44,69.44,60.15,71.12,84.60
74.44,74.44,58.33,75.75,84.21
79.18,79.18,56.24,80.06,84.19
79.01,79.01,53.63,78.12,84.02
79.25,79.25,52.62,79.04,83.59
78.81,78.81,50.26,79.75,83.09
80.56,80.56,48.42,80.17,83.62
79.51,79.51,45.80,79.56,84.03
76.34,76.34,46.49,80.35,84.24
81.74,81.74,46.23,76.79,84.72
77.34,77.34,42.92,76.93,83.73
79.89,79.89,38.40,76.37,82.34
78.33,78.33,38.84,72.34,80.13
79.37,79.37,38.54,66.89,80.68
77.44,77.44,38.27,67.94,81.37
76.19,76.19,41.12,66.22,83.25
75.08,75.08,55.30,67.46,81.19
78.35,78.35,63.86,61.40,79.01
80.56,80.56,70.39,57.12,82.28
77.40,77.40,87.10,48.34,83.50
76.11,76.11,87.98,65.45,82.53
75.60,75.60,85.09,69.79,85.04
77.11,77.11,74.51,70.80,85.11
74.94,74.94,75.92,77.09,84.88
75.21,75.21,65.91,75.89,82.97
74.47,74.47,69.39,79.77,84.86
76.76,76.76,58.53,75.27,82.95
76.22,76.22,44.50,77.65,81.61
74.99,74.99,49.02,78.87,85.61
73.40,73.40,56.36,80.65,83.17
76.10,76.10,47.51,79.92,83.95
75.56,75.56,56.57,79.72,83.84
73.76,73.76,52.59,76.32,84.06
73.31,73.31,53.22,75.74,84.29
71.41,71.41,49.75,76.75,81.09
70.74,70.74,49.83,80.18,82.67
71.26,71.26,45.60,80.15,82.36
69.59,69.59,47.41,79.21,83.54
68.81,68.81,49.63,77.38,83.62
69.17,69.17,51.66,73.71,85.51
67.99,67.99,51.25,75.47,85.69
65.09,65.09,54.10,78.69,84.42
63.87,63.87,53.27,81.37,84.87
59.53,59.53,52.09,82.45,84.87
58.02,58.02,48.71,80.40,84.44
55.85,55.85,44.49,81.50,85.21
54.23,54.23,42.18,77.81,84.36
53.93,53.93,41.15,79.96,83.12
51.70,51.70,40.92,79.86,85.42
52.46,52.46,40.30,80.66,84.67
49.15,49.15,38.78,79.21,82.39
49.46,49.46,40.24,81.30,83.03
47.53,47.53,37.43,78.90,82.22
45.90,45.90,35.67,80.28,81.96
47.53,47.53,41.54,80.03,82.95
45.18,45.18,55.29,78.47,82.20
42.85,42.85,62.21,77.22,78.69
49.15,49.15,70.87,78.32,81.93
44.05,44.05,89.14,70.76,81.83
39.71,39.71,79.48,77.27,82.27
41.82,41.82,80.80,76.52,84.45
45.53,45.53,78.88,74.95,85.63
42.34,42.34,67.08,77.54,84.35
44.39,44.39,64.95,76.77,84.07
46.11,46.11,62.48,77.72,85.12
43.05,43.05,59.78,77.12,82.62
42.52,42.52,60.42,77.87,84.92
38.96,38.96,58.63,75.18,83.58
40.27,40.27,54.99,78.38,83.26
37.60,37.60,53.21,78.59,83.63
36.70,36.70,52.17,76.68,82.15
37.97,37.97,51.69,77.26,82.16
39.40,39.40,49.79,78.37,80.09
42.63,42.63,46.87,76.28,81.19
46.90,46.90,44.56,79.34,79.79
44.96,44.96,52.75,78.01,81.56
40.38,40.38,64.34,72.95,81.83
38.74,38.74,70.10,70.14,81.44
37.66,37.66,81.64,56.70,82.54
36.24,36.24,89.07,65.77,84.77
38.56,38.56,81.48,66.76,84.15
39.56,39.56,75.14,65.39,87.16
38.39,38.39,74.53,73.24,87.05
35.47,35.47,78.07,75.65,84.84
37.85,37.85,68.91,75.88,84.37
37.19,37.19,69.50,71.99,82.09
42.69,42.69,60.11,74.39,82.32
43.64,43.64,57.53,72.84,82.15
38.78,38.78,58.39,73.74,81.93
30.55,30.55,59.71,77.06,80.16
32.94,32.94,49.34,70.68,82.27
36.54,36.54,46.44,70.88,82.18
45.40,45.40,46.27,73.56,82.20
42.81,42.81,49.98,74.64,82.43
44.83,44.83,46.47,72.08,82.90
43.42,43.42,54.86,76.56,82.82
42.25,42.25,66.09,72.44,79.96
36.76,36.76,73.20,72.35,82.37
33.12,33.12,87.07,72.27,83.79
30.74,30.74,89.94,70.20,78.77
35.85,35.85,80.65,71.26,82.73
41.69,41.69,82.24,75.85,82.61
47.81,47.81,71.64,70.51,84.84
52.79,52.79,68.39,73.67,80.82
61.44,61.44,67.16,75.01,83.17
64.04,64.04,67.46,74.52,83.90
67.32,67.32,65.43,78.51,82.89
67.39,67.39,64.60,76.21,80.77
64.61,64.61,70.58,77.91,81.49
68.97,68.97,69.68,78.09,79.43
72.23,72.23,64.46,76.95,81.66
70.03,70.03,58.62,76.48,80.41
69.11,69.11,59.57,77.53,82.67
72.69,72.69,57.50,74.71,79.14
74.03,74.03,60.44,75.04,80.78
74.75,74.75,64.93,74.41,80.21
71.55,71.55,74.35,67.69,78.62
68.78,68.78,82.53,72.54,80.03
71.64,71.64,69.69,78.37,83.20
70.88,70.88,67.50,76.12,81.65
72.88,72.88,70.75,78.64,82.20
72.10,72.10,65.02,78.35,83.78
70.54,70.54,60.55,75.51,83.34
72.39,72.39,57.34,75.99,86.39
71.65,71.65,63.01,75.70,88.14
68.86,68.86,64.88,75.79,88.11
67.78,67.78,81.09,62.64,86.51
69.59,69.59,78.68,62.90,86.16
69.27,69.27,67.44,74.19,85.69
65.67,65.67,63.38,75.45,88.31
65.38,65.38,54.82,76.41,90.21
66.75,66.75,52.37,77.97,89.41
66.25,66.25,48.15,80.31,88.48
67.29,67.29,47.57,78.84,87.12
68.39,68.39,57.25,76.55,87.56
68.21,68.21,62.18,74.71,85.28
68.74,68.74,75.38,70.98,85.44
66.66,66.66,88.65,57.25,85.11
66.85,66.85,78.45,62.86,83.27
67.12,67.12,73.35,67.86,82.81
70.05,70.05,67.61,70.48,85.62
70.67,70.67,64.74,67.25,84.29
70.99,70.99,61.12,69.91,84.58
69.22,69.22,58.39,68.81,87.51
70.16,70.16,55.08,67.05,83.76
70.41,70.41,53.51,68.03,85.77
72.84,72.84,52.07,68.96,84.76
71.67,71.67,51.45,70.29,83.61
71.47,71.47,49.83,70.89,87.05
76.76,76.76,43.67,72.42,84.03
74.94,74.94,43.73,73.81,85.39
75.90,75.90,44.46,70.72,86.60
72.83,72.83,45.24,71.06,84.09
73.17,73.17,53.17,70.27,86.98
73.48,73.48,64.48,59.26,85.05
72.20,72.20,72.62,58.35,83.45
69.24,69.24,86.59,56.75,81.79
66.32,66.32,90.50,60.30,80.47
66.67,66.67,78.00,64.74,77.05
67.55,67.55,83.12,69.97,82.09
67.83,67.83,76.76,70.56,84.61
66.76,66.76,73.44,61.95,82.45
68.88,68.88,68.62,62.56,85.25
69.94,69.94,59.91,68.77,87.24
71.80,71.80,60.70,68.30,86.57
70.03,70.03,64.25,68.98,85.17
67.47,67.47,65.91,65.21,85.25
68.03,68.03,61.24,71.46,86.57
69.96,69.96,60.02,58.03,84.75
69.09,69.09,57.97,58.59,88.05
67.03,67.03,65.51,68.41,87.10
67.63,67.63,62.87,69.14,87.90
67.88,67.88,56.18,62.97,86.36
70.88,70.88,63.45,69.77,87.68
71.04,71.04,66.32,66.11,85.93
69.54,69.54,73.57,58.67,85.60
68.24,68.24,85.66,63.38,84.37
62.90,62.90,88.73,68.09,82.35
59.19,59.19,79.41,67.76,84.72
55.48,55.48,81.66,68.97,86.86
60.19,60.19,71.77,73.36,86.36
61.20,61.20,70.44,78.17,84.89
63.34,63.34,63.40,77.51,87.33
59.94,59.94,66.95,77.22,85.43
57.72,57.72,71.85,74.21,85.71
56.72,56.72,71.50,75.42,84.39
59.12,59.12,67.20,73.61,85.46
59.13,59.13,58.16,77.11,83.30
57.59,57.59,71.48,75.82,84.51
59.92,59.92,71.16,75.37,84.41
59.34,59.34,70.15,76.21,83.36
56.39,56.39,66.58,75.84,86.45
54.59,54.59,67.54,75.29,86.21
53.10,53.10,67.97,76.22,85.54
49.19,49.19,66.20,74.16,87.46
48.32,48.32,55.96,72.44,84.87
48.04,48.04,59.63,74.18,86.01
46.18,46.18,61.26,73.66,84.43
43.39,43.39,60.82,69.87,82.94
42.29,42.29,53.31,68.21,84.20
43.66,43.66,58.75,65.66,83.97
42.17,42.17,56.39,62.59,85.06
44.52,44.52,53.21,63.81,85.83
45.11,45.11,52.73,64.00,85.20
44.43,44.43,59.22,65.48,85.45
44.70,44.70,55.72,61.69,85.47
43.67,43.67,55.24,62.77,84.25
44.90,44.90,54.12,70.21,85.04
43.77,43.77,50.68,65.09,83.43
43.76,43.76,50.54,62.80,83.62
44.47,44.47,55.44,68.74,85.03
44.47,44.47,52.26,60.62,84.59
42.07,42.07,49.61,67.08,82.12
43.12,43.12,58.15,67.15,82.35
43.94,43.94,63.01,68.19,82.76
46.27,46.27,73.92,70.68,83.18
45.14,45.14,83.51,70.94,82.55
40.91,40.91,87.83,71.40,83.63
29.57,29.57,73.75,69.76,82.94
24.59,24.59,68.73,72.51,84.87
21.43,21.43,66.53,73.75,85.61
19.79,19.79,67.06,73.55,84.83
13.95,13.95,65.94,73.30,86.72
13.02,13.02,64.98,73.10,87.06
23.60,23.60,63.83,70.89,86.29
25.72,25.72,62.33,73.53,85.24
21.36,21.36,60.85,69.66,85.61
17.89,17.89,60.75,71.59,83.87
19.87,19.87,59.34,72.93,85.29
18.52,18.52,58.39,72.68,83.81
12.91,12.91,58.86,71.88,85.30
9.35,9.35,56.02,74.33,84.06
14.75,14.75,57.54,68.25,85.78
16.14,16.14,55.25,72.08,86.77
20.80,20.80,55.06,73.01,87.37
21.47,21.47,54.04,74.89,85.38
21.89,21.89,54.37,74.16,85.60
25.39,25.39,56.95,72.46,85.27
20.81,20.81,57.80,76.83,84.99
15.72,15.72,57.09,75.66,83.94
15.54,15.54,56.59,79.73,84.71
16.73,16.73,55.67,78.31,84.88
19.33,19.33,57.27,77.90,83.20
23.29,23.29,54.59,77.22,83.22
24.22,24.22,54.08,79.85,83.63
24.00,24.00,52.08,76.01,83.26
28.29,28.29,49.86,77.30,83.25
28.80,28.80,49.03,74.47,84.07
32.36,32.36,48.64,78.99,84.90
40.17,40.17,49.12,70.54,84.58
45.73,45.73,46.94,71.29,86.23
46.46,46.46,45.03,75.70,85.35
48.94,48.94,43.87,70.43,84.78
48.65,48.65,51.31,75.56,84.46
53.22,53.22,62.62,67.12,84.72
57.80,57.80,69.57,60.62,83.01
63.60,63.60,79.80,57.36,81.12
68.73,68.73,89.45,64.63,78.61
74.91,74.91,86.72,69.85,81.44
76.39,76.39,75.92,73.50,82.67
75.24,75.24,80.87,76.91,80.73
76.79,76.79,74.43,76.10,85.06
76.20,76.20,63.47,76.10,84.61
79.22,79.22,62.89,79.18,83.92
77.51,77.51,54.93,77.85,84.99
78.06,78.06,62.28,76.14,84.09
76.18,76.18,67.33,76.38,80.98
77.82,77.82,67.52,77.68,81.86
76.00,76.00,60.64,75.50,83.09
79.25,79.25,55.27,76.37,83.27
78.20,78.20,61.05,75.09,86.24
78.32,78.32,69.06,74.73,82.82
77.98,77.98,65.83,76.32,85.19
75.50,75.50,60.65,76.28,82.95
77.31,77.31,56.16,72.75,84.34
77.16,77.16,63.78,72.67,84.13
76.21,76.21,62.93,72.10,85.73
73.24,73.24,60.51,73.94,83.72
72.44,72.44,54.82,70.28,82.89
73.74,73.74,53.11,77.35,81.86
74.50,74.50,55.37,77.39,83.04
75.98,75.98,52.76,77.69,83.29
76.35,76.35,49.54,75.74,82.70
78.44,78.44,55.37,79.29,80.78
77.05,77.05,57.40,79.02,83.69
78.51,78.51,50.47,78.13,84.55
79.63,79.63,45.63,75.95,82.46
77.32,77.32,42.19,78.76,81.55
77.81,77.81,48.99,79.05,85.98
77.98,77.98,49.55,76.06,81.44
77.76,77.76,45.93,80.10,82.73
77.27,77.27,39.67,75.38,83.03
76.71,76.71,47.97,77.54,83.43
74.56,74.56,62.97,75.82,84.14
71.70,71.70,75.74,78.69,81.47
70.46,70.46,82.91,74.92,82.30
71.70,71.70,84.77,74.83,82.15
71.19,71.19,77.99,72.51,84.85
70.74,70.74,79.75,75.50,84.88
71.08,71.08,75.77,76.19,82.81
72.81,72.81,73.96,77.17,83.23
73.79,73.79,73.95,74.13,83.12
76.15,76.15,67.84,73.54,83.10
74.77,74.77,61.55,78.01,83.26
74.98,74.98,58.66,76.43,85.59
73.49,73.49,52.31,77.41,85.48
75.04,75.04,55.08,75.33,83.77
76.70,76.70,52.82,78.11,86.33
73.15,73.15,47.29,77.38,85.00
73.17,73.17,46.02,77.64,85.46
75.33,75.33,47.57,75.98,85.87
75.20,75.20,44.85,76.83,83.94
75.07,75.07,45.21,74.41,83.45
73.51,73.51,45.36,71.42,82.71
74.47,74.47,47.61,68.75,83.71
70.52,70.52,52.43,69.92,83.87
71.24,71.24,54.50,70.38,85.52
71.36,71.36,56.30,69.61,86.34
72.12,72.12,55.30,75.32,85.18
72.83,72.83,54.96,78.66,82.94
76.56,76.56,52.61,75.92,83.44
76.82,76.82,49.40,80.68,82.39
73.39,73.39,46.71,77.09,82.59
75.27,75.27,46.21,80.67,84.81
74.84,74.84,44.42,72.41,83.26
75.77,75.77,44.91,74.48,85.52
75.11,75.11,45.09,77.49,83.82
76.82,76.82,44.03,72.87,83.24
77.42,77.42,43.87,77.06,82.87
78.59,78.59,41.13,71.13,83.41
78.00,78.00,37.22,71.68,84.95
76.97,76.97,44.85,71.11,84.84
77.38,77.38,57.07,72.67,82.58
76.32,76.32,69.13,66.83,82.53
74.94,74.94,73.71,66.84,82.48
70.42,70.42,88.99,61.48,84.78
70.83,70.83,89.04,59.07,83.46
71.85,71.85,82.07,72.94,84.31
71.52,71.52,83.71,76.56,81.34
73.42,73.42,71.83,76.63,83.75
75.51,75.51,72.58,72.37,82.98
73.10,73.10,67.30,77.59,85.13
73.35,73.35,60.98,77.25,83.25
75.42,75.42,64.62,81.63,82.79
76.34,76.34,63.09,79.87,84.95
76.74,76.74,49.78,77.01,84.98
76.39,76.39,58.35,74.24,83.56
77.18,77.18,52.83,79.97,85.59
74.81,74.81,51.48,78.04,82.85
76.40,76.40,53.93,81.63,84.43
78.00,78.00,50.31,81.75,84.92
76.65,76.65,51.34,78.21,82.85
76.96,76.96,46.22,75.98,82.81
76.03,76.03,47.53,76.64,84.82
76.17,76.17,48.40,77.10,85.10
75.78,75.78,51.45,78.30,84.10
77.66,77.66,53.68,78.29,84.25
77.05,77.05,53.44,75.55,87.40
76.96,76.96,54.33,80.25,84.06
76.40,76.40,50.39,77.75,83.97
74.44,74.44,49.96,81.11,83.20
75.83,75.83,48.14,80.12,86.17
74.82,74.82,46.53,80.90,84.00
73.69,73.69,44.12,78.52,85.15
71.72,71.72,41.73,79.77,84.81
75.71,75.71,42.74,79.19,84.17
73.58,73.58,42.41,80.47,85.53
75.12,75.12,42.19,80.92,82.86
74.50,74.50,40.41,79.80,85.26
71.99,71.99,40.62,77.70,82.92
74.44,74.44,42.18,80.68,85.50
75.20,75.20,51.12,79.09,82.66
73.92,73.92,68.03,79.85,81.44
72.38,72.38,72.45,77.23,80.44
71.64,71.64,84.12,75.74,82.39
73.44,73.44,81.96,73.45,84.04
74.15,74.15,76.63,76.51,81.74
72.95,72.95,76.33,75.56,82.67
74.74,74.74,67.37,74.97,82.02
75.89,75.89,64.26,74.42,83.41
74.88,74.88,60.24,75.69,82.53
76.19,76.19,57.51,77.90,83.00
73.66,73.66,59.46,77.18,83.84
75.99,75.99,59.26,78.29,82.87
75.49,75.49,56.52,77.86,84.21
76.06,76.06,54.06,78.86,85.52
73.80,73.80,50.72,77.72,82.97
75.37,75.37,49.26,80.29,85.51
74.41,74.41,46.96,77.57,85.83
72.77,72.77,44.76,79.40,83.52
74.92,74.92,45.27,77.37,86.84
72.62,72.62,44.31,77.91,83.26
72.23,72.23,46.82,75.47,84.19
71.86,71.86,44.93,78.13,83.63
72.42,72.42,46.39,78.66,82.38
73.96,73.96,49.53,79.32,83.36
73.90,73.90,51.30,79.63,85.20
74.45,74.45,52.80,79.26,83.73
76.11,76.11,50.47,79.85,86.51
76.31,76.31,47.20,80.53,85.48
75.69,75.69,44.80,77.21,81.51
76.81,76.81,46.24,78.78,84.04
78.04,78.04,44.10,72.56,82.26
76.24,76.24,41.52,75.92,83.88
74.20,74.20,40.45,79.25,82.89
74.72,74.72,40.57,78.48,83.24
72.78,72.78,40.80,76.79,83.74
75.12,75.12,38.61,71.62,82.42
75.50,75.50,38.43,62.97,82.83
73.03,73.03,36.30,53.78,83.36
72.84,72.84,37.01,49.76,85.98
71.66,71.66,47.36,58.56,83.87
70.90,70.90,52.00,61.81,84.73
67.40,67.40,68.09,61.56,82.27
63.90,63.90,75.73,47.32,80.88
66.39,66.39,88.64,58.88,81.97
66.61,66.61,88.49,69.77,80.79
70.76,70.76,83.46,71.91,84.91
72.81,72.81,76.02,71.76,85.34
74.70,74.70,78.15,71.57,81.34
73.52,73.52,65.30,74.76,82.55
72.75,72.75,73.22,77.43,82.90
75.08,75.08,58.97,78.92,84.43
75.28,75.28,66.39,71.91,83.82
75.32,75.32,57.81,76.99,83.67
73.85,73.85,54.13,73.78,82.75
77.28,77.28,52.29,77.83,84.41
74.23,74.23,55.10,77.58,82.23
74.76,74.76,48.77,76.05,81.66
72.90,72.90,48.30,70.45,81.33
72.69,72.69,51.71,69.13,81.29
75.01,75.01,43.36,65.98,81.65
74.86,74.86,48.97,61.25,81.74
73.91,73.91,53.84,70.40,81.17
69.99,69.99,51.67,72.22,84.00
76.48,76.48,55.02,75.78,81.79
69.64,69.64,55.48,77.31,82.21
73.20,73.20,55.97,79.65,84.44
75.50,75.50,50.23,78.64,85.67
76.83,76.83,47.33,78.68,84.61
72.57,72.57,44.65,78.52,83.28
74.29,74.29,43.80,75.74,86.02
73.73,73.73,44.25,78.72,84.08
71.84,71.84,43.84,77.76,80.80
73.09,73.09,43.08,79.60,84.02
72.75,72.75,42.72,79.02,81.54
74.94,74.94,41.14,76.33,83.48
74.56,74.56,40.31,73.96,80.50
73.08,73.08,39.13,78.16,82.63
74.87,74.87,38.64,76.98,80.57
74.47,74.47,38.43,79.47,81.32
76.23,76.23,53.73,76.62,82.11
74.04,74.04,60.05,73.76,80.88
75.42,75.42,66.11,73.07,81.31
73.85,73.85,81.25,75.43,80.53
74.91,74.91,83.03,72.73,82.76
75.48,75.48,78.17,67.76,81.99
75.90,75.90,78.65,74.05,85.00
76.03,76.03,70.23,76.33,84.51
73.62,73.62,63.86,76.45,84.74
74.63,74.63,59.85,71.16,85.60
75.73,75.73,61.36,75.45,86.85
78.15,78.15,64.39,77.30,84.95
78.21,78.21,57.36,72.71,85.34
75.86,75.86,52.11,74.37,84.97
76.97,76.97,51.05,75.91,86.47
75.18,75.18,46.87,74.49,83.63
74.19,74.19,44.93,74.48,84.72
73.90,73.90,46.37,76.20,81.11
75.40,75.40,45.41,75.89,79.98
74.13,74.13,45.75,74.35,85.28
74.96,74.96,51.61,73.59,82.68
71.20,71.20,62.00,70.47,84.30
73.51,73.51,73.36,68.72,82.61
69.83,69.83,80.90,65.95,81.61
69.93,69.93,92.20,68.61,80.80
72.49,72.49,86.43,70.87,82.20
72.90,72.90,83.17,75.57,84.89
75.28,75.28,76.23,77.54,83.02
77.29,77.29,69.62,73.19,85.56
76.42,76.42,65.28,73.56,82.78
77.48,77.48,68.44,72.69,83.20
74.99,74.99,61.31,72.80,81.95
74.82,74.82,51.29,77.05,83.81
75.89,75.89,63.23,79.60,81.23
77.20,77.20,60.13,79.12,81.45
77.04,77.04,55.41,75.82,82.18
77.70,77.70,48.15,75.93,82.55
76.10,76.10,54.00,76.73,82.28
78.49,78.49,52.04,76.69,83.00
77.08,77.08,50.36,78.29,81.43
75.39,75.39,56.81,76.93,83.75
75.27,75.27,68.96,73.09,82.61
76.02,76.02,72.96,58.37,82.47
72.90,72.90,88.85,59.92,82.05
71.97,71.97,88.32,61.13,82.83
76.91,76.91,77.85,64.46,83.24
75.40,75.40,82.71,69.03,80.19
78.36,78.36,76.89,67.80,83.80
78.82,78.82,68.99,74.37,83.28
77.19,77.19,61.56,72.93,86.34
75.77,75.77,63.81,70.53,85.28
76.40,76.40,60.55,71.65,85.07
75.90,75.90,67.26,73.83,85.98
76.07,76.07,62.51,71.95,83.92
77.17,77.17,56.96,73.74,84.74
75.48,75.48,59.33,75.75,85.24
75.02,75.02,66.46,72.95,84.01
74.11,74.11,63.70,78.68,83.89
77.00,77.00,59.76,76.68,83.94
77.72,77.72,52.40,75.45,81.72
77.57,77.57,58.87,78.82,84.52
78.92,78.92,60.92,71.85,82.82
79.31,79.31,54.40,75.20,84.40
79.52,79.52,54.49,74.34,84.84
79.46,79.46,56.43,72.99,83.76
76.40,76.40,59.50,72.42,83.19
76.17,76.17,54.94,74.31,83.37
76.55,76.55,49.69,78.24,82.78
76.39,76.39,53.84,79.37,84.52
77.23,77.23,57.34,75.99,83.37
76.30,76.30,47.51,78.38,83.20
73.01,73.01,54.31,80.37,82.30
73.89,73.89,51.30,77.73,82.50
75.10,75.10,48.60,79.90,82.30
75.41,75.41,52.17,76.85,80.59
75.29,75.29,51.30,79.12,81.96
75.78,75.78,43.75,77.26,83.95
72.86,72.86,35.42,77.47,81.56
70.73,70.73,43.45,77.56,83.13
70.45,70.45,59.04,78.07,82.70
70.29,70.29,67.85,76.36,81.22
71.13,71.13,76.66,77.41,82.78
69.79,69.79,90.35,75.49,81.00
72.21,72.21,76.78,75.25,82.36
73.57,73.57,74.30,73.73,85.07
72.01,72.01,72.91,71.78,88.14
70.98,70.98,69.81,74.18,85.97
72.12,72.12,71.25,72.36,86.25
68.42,68.42,70.35,74.39,84.52
69.30,69.30,67.38,72.59,83.62
68.27,68.27,66.94,75.74,85.46
69.33,69.33,61.42,75.44,83.63
70.13,70.13,61.85,68.78,83.83
70.96,70.96,63.98,70.47,87.10
70.51,70.51,62.50,68.85,86.81
69.08,69.08,61.27,75.67,84.89
68.68,68.68,52.28,73.48,83.11
69.69,69.69,50.43,73.85,86.64
71.65,71.65,49.39,74.50,85.14
70.80,70.80,48.35,72.18,84.86
70.44,70.44,52.80,74.12,85.84
71.19,71.19,62.63,67.74,83.64
70.39,70.39,65.12,74.41,85.24
69.10,69.10,67.00,78.57,85.39
68.45,68.45,66.45,78.59,83.03
68.95,68.95,53.17,74.84,85.49
69.21,69.21,56.53,74.36,84.29
68.09,68.09,55.47,75.63,84.80
68.87,68.87,49.10,74.47,84.43
68.39,68.39,51.90,69.17,83.56
67.67,67.67,57.88,73.43,86.91
67.46,67.46,51.67,72.43,82.13
68.57,68.57,47.96,76.63,85.42
69.75,69.75,46.22,71.23,83.21
67.47,67.47,45.05,76.02,85.27
70.26,70.26,46.23,75.64,86.09
67.33,67.33,41.50,76.12,84.04
64.77,64.77,47.40,75.14,84.08
66.92,66.92,56.41,74.27,85.45
66.66,66.66,64.11,64.38,82.56
68.11,68.11,72.49,62.48,81.61
68.01,68.01,84.85,60.57,83.74
67.34,67.34,90.92,65.45,81.83
69.44,69.44,82.57,63.04,85.01
73.66,73.66,82.66,72.98,81.75
75.11,75.11,78.30,76.14,82.68
75.47,75.47,72.49,78.56,85.53
76.40,76.40,62.25,76.72,84.11
75.16,75.16,57.87,76.67,83.13
78.72,78.72,60.41,77.66,84.80
75.62,75.62,61.44,73.64,83.40
78.79,78.79,64.29,75.46,83.71
80.14,80.14,58.76,73.53,82.16
76.99,76.99,51.98,75.45,83.88
77.31,77.31,65.22,75.93,83.21
77.99,77.99,67.14,75.71,83.14
77.01,77.01,64.94,75.60,83.27
80.71,80.71,58.45,76.51,83.14
80.57,80.57,61.03,74.55,83.89
79.97,79.97,64.31,77.69,83.02
78.88,78.88,63.88,74.40,84.12
77.31,77.31,58.07,74.15,85.89
77.01,77.01,53.35,70.77,84.62
77.51,77.51,58.91,74.00,86.43
75.08,75.08,53.53,65.99,86.51
71.39,71.39,53.27,60.31,86.31
73.70,73.70,57.41,69.91,85.04
77.27,77.27,47.49,65.90,85.33
77.61,77.61,54.26,65.60,86.65
75.19,75.19,54.86,72.37,84.22
75.38,75.38,46.27,59.29,83.98
75.86,75.86,48.68,68.01,84.77
76.45,76.45,50.53,70.52,84.81
74.77,74.77,45.80,67.38,86.41
75.88,75.88,44.80,70.57,85.72
76.71,76.71,50.41,68.59,81.55
74.92,74.92,45.88,70.80,84.29
75.10,75.10,50.78,71.02,83.04
74.29,74.29,60.42,68.68,83.44
74.88,74.88,64.05,73.57,82.84
73.33,73.33,71.79,72.51,80.22
69.61,69.61,87.69,69.26,82.52
69.18,69.18,78.79,74.28,83.91
69.36,69.36,72.16,72.81,82.46
71.26,71.26,71.00,74.99,85.75
74.82,74.82,70.35,73.82,85.84
75.52,75.52,73.30,71.98,84.44
73.93,73.93,63.61,77.61,85.27
75.13,75.13,67.09,75.60,84.47
74.91,74.91,66.14,75.08,84.75
75.78,75.78,61.13,76.29,84.21
71.09,71.09,54.82,72.89,85.26
72.19,72.19,57.97,76.66,84.53
71.04,71.04,54.11,75.98,85.57
73.21,73.21,47.81,76.63,86.65
73.05,73.05,49.90,76.44,85.72
73.52,73.52,49.01,74.14,87.04
69.13,69.13,48.46,72.81,85.31
72.71,72.71,60.78,68.07,83.27
69.38,69.38,70.18,66.19,84.31
69.97,69.97,68.11,49.02,83.45
69.40,69.40,91.14,62.13,83.03
70.74,70.74,88.73,62.43,81.56
71.93,71.93,85.98,69.16,82.59
72.94,72.94,81.84,72.97,85.38
73.05,73.05,79.56,76.32,82.59
73.48,73.48,73.52,74.91,81.81
75.84,75.84,65.58,78.36,84.71
74.77,74.77,64.43,76.41,83.50
76.03,76.03,56.49,72.33,83.92
73.53,73.53,62.97,79.29,85.24
76.09,76.09,57.05,74.68,84.58
75.63,75.63,51.02,72.36,83.10
74.97,74.97,51.58,74.82,84.42
72.90,72.90,57.76,78.13,82.12
72.91,72.91,51.29,67.72,83.75
73.18,73.18,51.26,72.47,83.85
76.19,76.19,55.88,62.91,84.30
76.93,76.93,61.29,56.93,85.17
74.22,74.22,70.58,56.49,84.50
70.94,70.94,84.32,58.07,82.95
71.36,71.36,89.50,65.53,82.39
69.90,69.90,83.39,71.37,82.36
71.77,71.77,86.53,79.02,84.06
73.90,73.90,74.18,76.23,85.74
74.18,74.18,74.56,76.50,83.63
75.00,75.00,70.10,76.66,86.44
73.09,73.09,57.85,72.46,86.36
75.58,75.58,64.75,78.51,84.36
72.55,72.55,51.65,79.52,87.50
72.51,72.51,52.07,74.99,84.77
74.78,74.78,49.97,73.41,84.83
73.53,73.53,51.90,78.37,85.67
75.01,75.01,50.55,76.99,83.91
73.71,73.71,53.16,81.19,86.49
74.48,74.48,48.29,74.51,86.26
73.15,73.15,52.29,63.85,84.21
72.91,72.91,55.83,61.56,88.30
73.83,73.83,58.30,67.77,83.78
74.27,74.27,50.76,67.17,86.21
74.45,74.45,52.03,67.04,83.24
73.94,73.94,55.28,72.59,85.72
74.08,74.08,53.70,80.35,86.27
73.34,73.34,51.99,81.90,84.27
74.47,74.47,50.33,80.68,85.15
75.89,75.89,49.14,78.30,84.07
74.72,74.72,47.73,79.72,83.16
73.88,73.88,47.84,81.73,83.52
72.28,72.28,45.04,76.73,81.52
71.57,71.57,45.22,77.76,81.47
72.12,72.12,42.46,79.60,84.02
73.65,73.65,42.61,80.36,83.58
72.92,72.92,40.15,80.38,84.12
73.97,73.97,36.83,81.64,84.41
71.12,71.12,37.73,76.94,85.83
73.28,73.28,38.17,81.02,85.30
73.02,73.02,45.80,78.96,84.47
71.77,71.77,56.76,79.27,82.20
70.24,70.24,70.67,78.69,84.50
66.96,66.96,80.41,76.77,83.40
65.91,65.91,89.04,68.59,82.98
68.20,68.20,80.27,78.33,83.87
67.55,67.55,77.74,73.99,83.56
67.86,67.86,69.85,77.81,84.70
70.26,70.26,63.35,78.75,85.12
74.60,74.60,60.43,78.73,86.08
72.59,72.59,57.77,76.92,85.84
68.90,68.90,54.96,77.74,85.32
70.77,70.77,59.63,76.19,85.92
71.85,71.85,55.95,78.83,83.41
71.11,71.11,51.35,79.91,85.82
74.13,74.13,51.67,78.04,86.63
74.36,74.36,52.60,74.28,84.60
70.72,70.72,46.48,75.27,85.76
72.61,72.61,46.34,64.09,84.17
71.45,71.45,45.28,62.01,86.14
73.84,73.84,52.59,60.10,86.92
71.67,71.67,65.51,57.53,83.97
70.57,70.57,75.98,46.12,84.38
68.57,68.57,90.94,54.07,80.83
69.97,69.97,88.37,59.11,84.58
69.92,69.92,85.58,63.75,84.29
70.07,70.07,83.63,75.64,84.55
73.74,73.74,75.41,76.19,86.86
73.86,73.86,70.91,78.45,85.89
76.15,76.15,61.74,76.70,85.12
72.93,72.93,63.90,73.89,83.12
73.16,73.16,63.03,78.64,85.48
73.16,73.16,53.57,79.55,84.34
74.73,74.73,54.44,74.03,85.24
74.56,74.56,51.90,76.18,85.56
73.24,73.24,49.41,79.14,85.08
72.54,72.54,49.59,77.69,83.99
72.64,72.64,44.18,79.60,83.76
69.82,69.82,53.73,80.85,83.49
72.78,72.78,43.11,79.54,82.58
66.79,66.79,49.46,76.91,82.88
71.15,71.15,57.42,80.75,85.87
70.95,70.95,69.87,79.78,81.59
69.75,69.75,79.35,75.96,82.66
65.86,65.86,90.37,72.62,83.01
67.10,67.10,84.85,67.59,82.24
67.02,67.02,80.03,71.30,82.70
67.85,67.85,73.77,74.14,83.38
69.48,69.48,75.09,74.56,83.13
67.30,67.30,67.82,78.45,83.52
67.00,67.00,66.01,80.16,83.60
69.66,69.66,59.62,78.08,82.49
69.76,69.76,60.23,80.60,85.39
68.49,68.49,53.30,78.59,83.78
69.02,69.02,51.96,79.33,84.52
67.63,67.63,51.43,76.96,84.40
67.28,67.28,53.36,79.99,80.83
67.16,67.16,54.66,75.08,82.24
73.34,73.34,45.49,66.17,84.19
70.82,70.82,49.05,57.63,79.18
70.76,70.76,56.68,55.08,82.23
74.26,74.26,63.42,41.64,82.31
68.84,68.84,74.39,43.72,82.26
70.81,70.81,92.34,50.70,82.11
65.64,65.64,87.32,59.01,85.34
65.26,65.26,77.58,66.38,82.66
68.51,68.51,72.10,74.44,88.35
69.48,69.48,65.33,75.89,85.97
69.55,69.55,59.50,78.74,87.07
69.62,69.62,69.68,83.01,85.57
70.05,70.05,61.43,79.48,85.90
74.16,74.16,55.35,77.15,85.31
72.82,72.82,53.83,75.52,85.23
73.15,73.15,54.91,76.50,86.78
75.79,75.79,49.19,78.90,85.57
74.77,74.77,51.33,81.17,85.32
69.98,69.98,46.99,77.18,84.40
73.20,73.20,49.61,77.22,83.26
72.88,72.88,42.60,77.34,83.39
71.20,71.20,50.15,79.95,82.32
71.79,71.79,58.40,80.94,82.26
72.13,72.13,73.33,82.22,82.09
68.58,68.58,81.94,77.54,81.46
69.05,69.05,87.27,78.23,81.56
66.01,66.01,73.90,76.81,82.17
67.69,67.69,71.86,78.34,85.25
67.64,67.64,68.19,79.89,80.92
67.15,67.15,63.05,78.47,85.44
70.80,70.80,60.33,75.88,82.90
73.59,73.59,60.52,79.51,83.89
75.30,75.30,60.60,78.15,84.63
72.49,72.49,58.95,77.10,84.03
75.35,75.35,57.94,78.65,84.20
73.29,73.29,55.75,77.94,83.92
73.54,73.54,53.30,78.18,83.46
73.59,73.59,49.14,80.72,82.69
72.47,72.47,48.91,78.43,84.13
69.80,69.80,48.87,78.61,85.06
73.24,73.24,46.58,76.28,86.75
73.29,73.29,47.81,68.57,86.08
71.85,71.85,49.65,59.22,87.68
71.69,71.69,56.22,44.94,86.61
71.62,71.62,61.02,53.17,86.68
69.05,69.05,61.14,56.76,85.92
69.80,69.80,59.29,68.24,86.58
70.15,70.15,58.42,74.42,89.10
70.54,70.54,58.19,80.62,90.06
66.87,66.87,59.30,81.46,88.05
66.62,66.62,58.04,77.23,86.92
66.43,66.43,55.00,78.97,86.82
70.23,70.23,52.76,82.65,88.23
73.32,73.32,53.14,76.79,86.63
71.05,71.05,52.46,77.17,86.75
70.66,70.66,51.30,81.72,85.78
72.17,72.17,49.96,76.20,85.61
67.10,67.10,47.61,77.03,84.95
65.24,65.24,46.40,82.54,84.68
64.67,64.67,46.75,78.47,85.25
63.50,63.50,48.68,74.64,86.22
66.93,66.93,53.55,79.05,86.81
67.47,67.47,70.51,78.97,86.06
66.72,66.72,80.46,69.51,83.54
59.69,59.69,88.88,69.98,83.75
62.54,62.54,84.01,62.97,86.25
64.86,64.86,83.06,68.70,86.89
61.90,61.90,75.61,72.34,87.28
67.05,67.05,75.24,77.52,86.75
66.49,66.49,69.24,76.33,85.18
62.17,62.17,68.08,72.54,84.75
60.29,60.29,65.35,73.52,84.84
61.20,61.20,66.31,74.09,82.94
58.97,58.97,64.18,74.73,84.90
62.72,62.72,56.29,76.11,83.57
54.39,54.39,58.71,74.78,82.17
50.87,50.87,61.40,77.47,80.27
50.14,50.14,63.92,75.34,82.08
51.13,51.13,60.61,76.38,82.41
54.18,54.18,56.82,78.30,81.84
54.60,54.60,55.23,73.38,83.41
55.09,55.09,50.50,65.07,82.31
49.97,49.97,49.97,59.13,83.91
48.70,48.70,48.38,60.51,83.89
50.50,50.50,52.08,56.02,83.94
50.89,50.89,53.06,68.16,85.04
45.82,45.82,52.55,83.16,87.48
41.00,41.00,51.23,83.13,86.11
40.35,40.35,53.41,81.43,82.88
41.52,41.52,51.53,82.65,84.32
37.75,37.75,46.51,78.35,84.19
35.31,35.31,50.01,83.66,83.23
33.09,33.09,48.32,79.02,83.22
37.54,37.54,46.70,81.33,82.84
45.25,45.25,50.22,77.38,83.14
45.91,45.91,44.93,80.29,84.19
44.61,44.61,41.45,80.87,82.14
48.01,48.01,40.28,78.67,83.03
48.29,48.29,36.98,82.27,81.28
47.58,47.58,48.29,79.36,83.75
47.70,47.70,61.18,80.26,82.10
46.90,46.90,61.13,81.47,81.12
45.41,45.41,71.41,78.84,81.72
44.83,44.83,85.95,74.40,82.48
43.27,43.27,83.11,74.53,82.85
40.16,40.16,76.59,74.51,82.54
43.10,43.10,73.92,77.49,85.46
43.30,43.30,69.85,74.13,86.10
45.06,45.06,72.14,74.79,87.47
45.24,45.24,66.15,73.48,87.03
39.64,39.64,64.09,74.47,88.56
33.84,33.84,63.90,75.09,88.01
32.04,32.04,63.28,64.86,87.12
35.41,35.41,66.68,73.53,86.43
34.14,34.14,57.08,64.84,86.43
36.83,36.83,56.57,67.12,84.90
39.88,39.88,53.73,68.31,85.86
40.69,40.69,55.11,66.60,85.95
41.61,41.61,53.66,70.20,83.80
41.87,41.87,51.92,74.99,85.23
41.77,41.77,54.24,72.40,85.61
39.96,39.96,56.72,69.67,85.72
35.78,35.78,54.94,69.60,84.39
34.01,34.01,57.25,68.62,83.36
29.06,29.06,58.36,80.75,84.90
27.64,27.64,55.99,75.29,85.13
23.85,23.85,53.94,82.37,84.93
22.79,22.79,53.64,73.48,86.12
25.42,25.42,53.22,80.46,85.00
28.26,28.26,51.72,77.25,84.27
28.52,28.52,50.70,78.08,87.35
29.83,29.83,47.95,77.38,85.49
33.10,33.10,48.39,76.62,85.72
33.28,33.28,47.46,77.91,85.61
33.29,33.29,45.19,76.40,85.69
31.83,31.83,45.10,79.18,85.70
32.25,32.25,42.85,76.90,86.20
37.31,37.31,40.57,76.79,85.37
38.49,38.49,41.08,68.27,85.42
40.87,40.87,39.99,69.57,85.83
41.59,41.59,48.54,60.61,86.72
43.76,43.76,59.45,60.67,84.78
53.48,53.48,70.54,63.12,82.28
59.61,59.61,84.52,66.34,81.89
65.60,65.60,89.79,69.76,83.54
76.00,76.00,80.59,63.64,85.01
76.45,76.45,82.21,74.59,85.41
77.42,77.42,77.83,76.47,85.98
81.14,81.14,69.56,77.30,86.41
79.72,79.72,52.97,79.28,83.29
78.70,78.70,58.44,78.11,83.00
77.80,77.80,63.53,78.27,82.46
78.77,78.77,63.04,78.81,82.79
77.07,77.07,58.86,79.67,82.93
78.04,78.04,54.12,75.70,83.45
74.94,74.94,60.69,79.54,82.35
75.96,75.96,66.16,74.82,85.85
74.51,74.51,64.29,79.15,84.37
72.73,72.73,59.76,74.71,84.56
79.55,79.55,56.11,77.11,81.72
77.01,77.01,58.28,77.72,81.09
75.63,75.63,56.66,77.53,81.67
76.97,76.97,52.69,77.55,82.69
78.38,78.38,55.82,79.97,82.16
77.15,77.15,58.35,77.13,80.98
73.21,73.21,55.63,80.86,82.70
72.85,72.85,48.63,79.46,83.76
73.60,73.60,52.76,77.01,82.68
74.97,74.97,51.27,78.32,81.37
77.44,77.44,49.66,78.84,82.84
76.72,76.72,53.44,80.36,83.13
74.79,74.79,54.38,78.66,85.48
73.74,73.74,46.96,77.68,84.43
73.21,73.21,47.67,80.25,83.33
75.89,75.89,45.83,80.44,83.39
77.03,77.03,42.13,79.47,81.49
76.66,76.66,39.62,81.19,83.62
76.54,76.54,36.94,76.72,80.66
77.04,77.04,48.49,82.11,81.73
75.76,75.76,60.78,77.65,80.39
72.82,72.82,69.31,81.18,78.59
71.04,71.04,72.70,77.23,83.14
72.75,72.75,89.29,73.80,84.17
69.62,69.62,78.36,76.51,84.63
68.94,68.94,79.66,69.82,82.49
69.46,69.46,77.17,72.04,85.73
69.65,69.65,68.92,75.34,85.23
71.50,71.50,64.66,74.47,86.41
73.66,73.66,65.49,75.46,84.03
73.18,73.18,60.06,75.87,81.61
74.31,74.31,56.08,76.16,81.30
75.19,75.19,63.25,75.06,83.81
72.21,72.21,62.29,54.22,80.73
70.78,70.78,57.13,64.92,82.53
71.11,71.11,53.62,65.09,82.33
71.26,71.26,57.20,65.42,83.96
69.39,69.39,56.49,64.87,83.03
69.81,69.81,62.05,59.93,82.82
70.70,70.70,68.72,66.12,84.21
72.65,72.65,75.40,56.49,82.73
71.14,71.14,84.43,59.44,82.79
65.50,65.50,91.36,61.93,82.79
68.92,68.92,84.65,71.56,83.09
70.23,70.23,84.44,75.95,84.51
72.85,72.85,77.41,74.68,84.64
72.13,72.13,75.28,75.68,83.61
70.88,70.88,71.11,78.50,85.11
72.23,72.23,59.01,70.21,84.23
74.38,74.38,60.41,70.94,85.83
75.25,75.25,55.28,75.54,86.07
74.14,74.14,61.59,76.43,83.61
75.30,75.30,53.89,74.83,84.69
75.54,75.54,54.95,81.30,85.77
75.77,75.77,53.56,76.59,86.05
74.02,74.02,48.69,71.67,84.66
73.93,73.93,44.89,73.47,85.05
73.04,73.04,54.16,75.77,83.50
72.54,72.54,51.63,73.25,85.39
72.57,72.57,63.00,66.91,85.69
73.93,73.93,72.97,59.53,85.36
72.76,72.76,83.85,55.32,86.69
71.99,71.99,90.55,65.47,83.68
74.30,74.30,78.91,72.84,85.80
70.44,70.44,81.21,72.46,83.48
69.28,69.28,77.77,80.64,86.40
72.78,72.78,67.84,79.77,86.76
73.14,73.14,63.02,77.77,85.82
69.57,69.57,62.83,81.31,86.57
71.60,71.60,57.31,79.65,87.15
71.10,71.10,60.59,81.95,85.30
69.31,69.31,53.10,80.71,86.54
72.99,72.99,56.03,79.93,84.54
70.94,70.94,52.33,78.60,86.33
74.69,74.69,57.99,81.42,84.89
74.39,74.39,51.87,79.62,84.37
71.51,71.51,51.80,80.60,84.32
72.72,72.72,48.44,79.78,84.70
71.74,71.74,48.69,76.33,84.10
74.75,74.75,43.98,70.34,84.62
72.11,72.11,46.13,58.04,83.09
73.73,73.73,45.90,64.16,83.47
72.78,72.78,48.83,74.48,83.28
70.00,70.00,50.52,79.74,82.71
72.12,72.12,50.19,79.11,83.96
72.25,72.25,46.33,81.19,85.21
71.22,71.22,45.69,79.67,84.93
70.80,70.80,45.07,80.55,86.50
69.69,69.69,43.69,80.96,84.18
71.05,71.05,42.41,79.61,83.90
69.79,69.79,43.97,77.56,83.46
70.33,70.33,42.64,79.22,82.78
69.56,69.56,41.97,80.36,83.15
68.24,68.24,41.33,78.02,83.55
70.26,70.26,41.03,81.80,84.33
70.68,70.68,40.06,79.51,83.26
71.40,71.40,40.12,78.25,81.49
71.37,71.37,49.05,79.47,83.74
68.56,68.56,59.84,77.25,81.08
66.61,66.61,73.41,78.43,82.92
65.98,65.98,77.09,79.16,81.15
67.79,67.79,87.33,76.52,81.88
69.93,69.93,78.57,76.39,83.30
70.37,70.37,79.35,78.55,84.68
72.68,72.68,67.86,78.45,85.05
71.16,71.16,63.15,77.14,86.33
72.87,72.87,62.53,78.72,84.72
74.23,74.23,65.34,76.85,87.14
71.04,71.04,62.73,79.91,85.73
74.27,74.27,59.67,77.07,85.15
76.74,76.74,59.06,77.02,84.41
75.61,75.61,54.79,77.57,84.82
74.11,74.11,54.46,75.46,86.30
71.40,71.40,54.90,67.51,85.87
72.12,72.12,52.46,65.51,83.53
69.74,69.74,50.47,59.08,84.87
69.57,69.57,53.16,47.16,85.53
71.67,71.67,52.27,51.14,85.88
73.70,73.70,47.46,54.02,83.45
74.09,74.09,44.77,62.58,85.58
72.57,72.57,46.63,66.35,87.39
70.39,70.39,53.48,66.28,86.03
69.02,69.02,55.26,79.61,86.96
67.91,67.91,54.48,85.44,84.93
68.80,68.80,53.23,83.68,86.50
68.59,68.59,51.01,84.68,84.17
70.05,70.05,48.91,84.05,84.21
70.80,70.80,44.55,80.25,84.79
71.13,71.13,41.80,82.50,86.37
71.15,71.15,39.14,81.22,84.90
70.45,70.45,38.53,79.91,84.31
69.71,69.71,38.81,82.95,84.11
71.75,71.75,39.20,79.44,85.01
69.76,69.76,36.96,72.81,85.31
66.69,66.69,35.64,77.94,81.78
66.87,66.87,36.19,76.92,84.93
64.68,64.68,38.72,77.83,85.33
67.06,67.06,44.62,80.65,84.59
67.12,67.12,55.53,80.79,82.88
62.80,62.80,67.40,76.73,79.52
63.30,63.30,77.79,74.29,83.07
62.75,62.75,90.53,74.19,80.74
64.57,64.57,85.97,69.17,82.31
68.03,68.03,76.25,70.88,82.94
69.40,69.40,77.91,72.13,84.60
69.90,69.90,70.17,76.42,81.78
70.21,70.21,72.73,79.99,81.69
72.31,72.31,67.55,78.32,82.29
74.58,74.58,66.12,78.48,82.67
73.60,73.60,63.77,81.08,85.16
74.48,74.48,59.53,79.36,82.65
76.25,76.25,61.16,79.12,84.35
75.19,75.19,54.88,77.79,84.23
72.78,72.78,51.78,73.23,84.31
71.64,71.64,53.18,66.80,83.92
71.36,71.36,49.91,61.31,85.09
69.78,69.78,55.37,63.45,85.51
69.54,69.54,53.66,61.61,83.79
71.05,71.05,55.90,64.80,81.82
76.63,76.63,52.93,67.95,85.08
68.72,68.72,50.33,68.66,83.96
73.17,73.17,56.18,70.43,85.50
65.97,65.97,55.48,76.25,84.30
67.80,67.80,52.84,79.40,86.13
69.47,69.47,51.30,81.00,87.03
72.00,72.00,47.62,80.16,84.56
71.61,71.61,46.43,76.95,85.43
71.88,71.88,45.42,76.55,85.84
73.90,73.90,43.12,80.30,84.24
72.80,72.80,40.18,77.74,84.20
74.36,74.36,39.78,79.96,84.45
74.80,74.80,39.79,79.26,83.38
73.80,73.80,38.08,77.57,83.15
74.41,74.41,36.51,78.74,83.15
71.76,71.76,36.29,76.73,82.25
70.09,70.09,37.84,75.28,82.31
70.80,70.80,40.51,69.31,80.64
73.65,73.65,55.05,63.10,82.82
75.94,75.94,68.62,61.13,81.57
70.90,70.90,75.52,62.24,84.29
73.04,73.04,88.35,66.25,83.08
73.30,73.30,84.23,77.05,82.54
71.69,71.69,77.78,79.27,84.38
72.14,72.14,78.30,80.76,87.79
72.84,72.84,70.53,78.09,85.69
72.25,72.25,62.48,81.57,85.36
72.80,72.80,63.87,80.47,85.75
72.05,72.05,62.45,77.67,85.30
73.39,73.39,57.70,78.19,83.45
73.90,73.90,54.55,76.13,85.30
75.81,75.81,54.80,82.13,83.46
72.64,72.64,53.20,82.30,84.84
71.08,71.08,50.82,76.82,84.05
72.17,72.17,47.68,80.44,83.16
72.14,72.14,49.35,80.00,84.73
70.54,70.54,47.93,81.55,82.78
72.16,72.16,51.09,77.75,83.64
70.85,70.85,64.85,79.26,83.31
69.08,69.08,73.07,72.78,85.55
69.69,69.69,86.48,72.45,86.54
70.39,70.39,87.27,70.07,85.59
72.58,72.58,74.39,73.77,84.80
74.06,74.06,67.85,71.89,87.04
74.67,74.67,75.95,75.61,88.21
77.50,77.50,76.21,70.04,87.38
76.92,76.92,63.29,76.43,86.29
71.66,71.66,58.81,72.51,84.09
71.07,71.07,57.80,76.29,84.02
72.17,72.17,57.51,76.07,83.92
73.54,73.54,60.34,81.19,85.99
75.20,75.20,49.74,75.89,83.26
73.88,73.88,48.52,77.92,84.43
74.43,74.43,53.76,76.72,82.00
75.31,75.31,48.22,69.18,83.04
74.86,74.86,47.23,69.61,83.57
72.82,72.82,48.29,65.57,84.68
71.73,71.73,61.96,63.54,85.33
76.76,76.76,68.93,56.37,83.11
71.06,71.06,71.19,51.69,82.77
69.04,69.04,92.68,66.71,81.24
68.81,68.81,87.25,68.25,84.00
70.03,70.03,79.18,75.15,84.39
73.82,73.82,76.40,77.45,83.33
73.06,73.06,71.13,71.69,84.44
73.36,73.36,68.74,80.05,84.86
67.11,67.11,74.61,79.78,82.91
69.92,69.92,69.28,79.10,85.53
68.80,68.80,68.18,80.41,84.05
67.84,67.84,63.18,77.99,83.71
68.21,68.21,53.70,75.37,83.92
64.51,64.51,55.11,77.98,82.70
65.39,65.39,53.08,78.03,81.69
62.20,62.20,51.73,77.46,83.75
65.44,65.44,53.91,74.33,82.67
61.98,61.98,47.73,77.36,85.13
62.98,62.98,39.75,77.68,82.13
63.44,63.44,42.30,72.49,82.19
62.64,62.64,44.64,75.15,81.69
64.90,64.90,44.98,76.32,82.86
64.35,64.35,49.87,66.04,83.42
60.05,60.05,51.54,76.06,82.05
60.15,60.15,50.46,69.08,84.69
58.35,58.35,50.10,70.59,80.85
57.58,57.58,46.66,73.72,81.76
56.76,56.76,41.06,72.37,83.07
53.90,53.90,44.35,74.11,84.06
51.96,51.96,47.36,76.34,80.06
51.84,51.84,47.79,76.22,82.98
51.38,51.38,50.27,77.22,83.03
49.39,49.39,50.68,73.51,81.39
47.45,47.45,40.72,78.19,84.26
45.09,45.09,40.13,79.75,83.99
45.31,45.31,38.99,75.91,83.73
44.02,44.02,36.14,79.71,83.22
45.20,45.20,48.40,76.24,84.30
45.65,45.65,53.35,76.69,80.13
40.87,40.87,69.65,79.71,80.69
38.47,38.47,73.55,73.45,81.87
38.52,38.52,88.48,73.42,82.22
39.72,39.72,77.64,70.06,83.58
37.04,37.04,79.57,74.33,84.37
38.11,38.11,76.58,69.65,82.07
38.76,38.76,69.13,73.35,87.28
37.93,37.93,67.89,74.62,83.85
37.46,37.46,63.70,75.40,86.76
39.31,39.31,63.15,73.82,85.94
38.83,38.83,61.06,77.51,85.84
37.98,37.98,60.53,74.71,84.81
37.66,37.66,53.37,72.79,83.52
37.32,37.32,50.73,76.91,84.84
34.12,34.12,48.68,73.56,84.77
33.65,33.65,47.74,71.57,83.16
34.15,34.15,46.08,76.18,86.06
33.92,33.92,45.91,75.34,82.14
33.45,33.45,43.97,72.00,83.50
33.17,33.17,45.37,76.60,82.97
34.61,34.61,46.32,76.21,82.87
29.96,29.96,49.10,71.24,85.90
31.67,31.67,51.89,69.80,83.87
35.70,35.70,50.99,77.51,83.74
35.81,35.81,51.49,68.74,84.35
37.54,37.54,52.93,66.11,83.19
35.99,35.99,50.93,75.95,81.25
39.69,39.69,50.82,68.30,83.56
44.50,44.50,50.28,69.03,82.42
41.09,41.09,47.51,68.60,82.07
40.68,40.68,46.32,74.99,82.87
39.82,39.82,46.19,71.00,84.43
41.53,41.53,45.49,74.14,82.78
42.71,42.71,44.48,76.50,85.55
42.30,42.30,40.77,71.02,83.12
41.01,41.01,41.35,73.61,85.02
39.80,39.80,40.20,75.27,82.07
41.11,41.11,40.67,74.96,84.20
43.36,43.36,48.19,75.35,83.17
46.25,46.25,60.31,73.85,82.15
51.06,51.06,67.28,69.42,80.15
53.99,53.99,80.03,68.64,82.78
61.48,61.48,92.03,67.85,81.35
64.95,64.95,87.95,67.93,82.88
69.10,69.10,82.18,73.39,78.65
72.94,72.94,74.96,77.84,82.87
74.96,74.96,71.60,79.48,83.86
74.91,74.91,72.82,74.13,84.90
72.37,72.37,67.13,78.06,84.43
72.59,72.59,59.47,77.46,83.16
73.63,73.63,61.23,75.48,83.74
74.67,74.67,53.08,74.47,82.82
71.63,71.63,58.81,82.18,84.30
72.64,72.64,57.78,76.38,82.80
71.97,71.97,49.67,77.12,82.82
71.21,71.21,48.96,80.69,81.55
71.89,71.89,49.18,78.75,82.70
69.81,69.81,45.61,76.57,82.97
72.21,72.21,45.09,78.56,83.53
72.25,72.25,55.46,79.53,82.05
70.68,70.68,69.42,76.10,81.47
70.65,70.65,71.43,76.56,80.30
67.93,67.93,79.46,75.18,81.05
68.93,68.93,88.14,76.31,81.41
71.62,71.62,83.00,65.97,82.37
73.77,73.77,79.67,62.63,81.64
75.62,75.62,67.91,72.79,83.76
78.64,78.64,60.49,73.00,84.06
76.02,76.02,66.36,77.32,82.38
76.62,76.62,66.47,73.89,83.53
73.36,73.36,59.92,70.71,82.77
74.96,74.96,64.71,76.09,83.08
76.14,76.14,56.03,75.75,83.58
74.49,74.49,58.55,69.60,83.59
74.49,74.49,57.27,72.43,84.15
75.32,75.32,55.52,77.04,83.06
77.58,77.58,50.79,71.94,83.69
78.94,78.94,46.85,72.62,83.37
80.15,80.15,54.80,77.59,80.94
76.88,76.88,63.33,73.38,81.63
76.51,76.51,71.22,72.00,80.21
79.52,79.52,77.55,68.24,80.74
75.60,75.60,87.06,69.73,82.08
77.50,77.50,83.49,68.70,84.73
71.94,71.94,83.80,76.97,82.33
73.88,73.88,78.52,76.05,83.04
73.75,73.75,71.57,73.34,82.78
71.86,71.86,70.75,75.01,84.07
73.91,73.91,68.10,75.79,84.47
75.15,75.15,65.94,70.93,84.20
74.75,74.75,57.42,75.21,82.58
74.02,74.02,56.84,76.99,83.87
72.04,72.04,51.80,73.76,83.66
72.68,72.68,51.27,74.05,85.47
73.08,73.08,49.13,75.66,85.06
72.78,72.78,49.90,75.22,87.57
73.47,73.47,49.04,76.17,85.09
72.72,72.72,48.23,77.94,86.31
71.08,71.08,50.31,73.13,86.53
66.09,66.09,58.19,75.85,82.46
65.96,65.96,61.05,77.25,79.55
67.22,67.22,65.49,76.81,81.57
69.02,69.02,67.33,72.21,81.03
71.69,71.69,64.64,74.92,83.23
75.19,75.19,62.19,74.88,84.10
73.46,73.46,59.78,74.90,85.62
73.06,73.06,57.24,79.56,84.63
76.73,76.73,54.56,71.82,85.04
76.81,76.81,52.90,72.84,83.01
77.55,77.55,51.65,76.18,83.19
76.89,76.89,50.40,71.84,85.28
75.32,75.32,48.64,70.85,84.64
73.78,73.78,48.11,73.15,85.85
75.30,75.30,45.74,66.79,85.32
73.49,73.49,46.36,68.51,84.18
72.90,72.90,43.83,67.86,86.42
76.12,76.12,46.69,67.22,84.29
76.67,76.67,54.46,63.04,85.56
76.60,76.60,65.10,56.89,84.65
71.92,71.92,70.19,58.10,81.37
73.44,73.44,86.67,65.22,84.03
75.30,75.30,88.72,65.98,81.07
74.25,74.25,82.53,72.07,83.55
74.81,74.81,84.60,75.66,84.13
74.11,74.11,73.49,78.92,84.28
72.36,72.36,67.27,73.99,85.28
71.53,71.53,65.03,78.79,86.30
70.64,70.64,68.07,79.10,83.24
71.92,71.92,65.39,77.04,84.58
72.57,72.57,58.07,80.21,82.64
72.49,72.49,57.09,79.72,82.67
72.62,72.62,49.05,77.47,85.15
74.17,74.17,55.82,80.89,85.16
69.59,69.59,53.05,79.33,83.74
71.30,71.30,49.63,79.31,85.27
70.27,70.27,47.23,81.70,82.65
68.61,68.61,46.27,79.37,84.67
66.88,66.88,47.82,79.58,82.96
67.25,67.25,45.91,80.12,81.05
65.42,65.42,47.63,79.11,83.43
63.85,63.85,46.81,80.16,83.03
66.33,66.33,47.41,80.29,84.02
66.45,66.45,47.23,80.68,84.34
65.58,65.58,47.48,78.55,83.05
65.35,65.35,44.90,80.54,83.53
62.26,62.26,42.95,78.90,83.29
62.75,62.75,41.68,79.20,81.77
60.57,60.57,40.61,80.51,81.25
58.38,58.38,41.34,81.12,82.57
59.01,59.01,39.75,77.91,83.59
59.95,59.95,39.79,78.74,82.56
60.11,60.11,39.68,77.23,82.41
56.73,56.73,38.02,81.08,85.05
59.03,59.03,35.90,80.47,81.61
59.13,59.13,40.23,80.71,82.09
57.93,57.93,53.85,79.39,82.01
52.34,52.34,61.12,81.33,79.48
50.06,50.06,75.35,80.17,77.16
52.00,52.00,84.70,77.80,81.43
57.58,57.58,80.98,77.62,82.33
52.62,52.62,73.79,72.74,82.46
51.38,51.38,76.37,77.85,82.67
46.39,46.39,70.89,79.11,83.48
47.36,47.36,64.99,78.94,84.25
51.52,51.52,65.21,79.33,83.63
49.43,49.43,68.78,80.37,84.51
44.49,44.49,66.84,78.13,83.75
45.77,45.77,65.80,80.87,83.95
46.96,46.96,66.58,81.28,83.22
44.18,44.18,61.72,78.23,83.75
48.43,48.43,60.54,76.25,82.66
47.19,47.19,59.70,77.09,82.39
47.79,47.79,57.94,75.01,81.71
45.73,45.73,58.68,78.14,83.32
46.02,46.02,57.70,76.64,83.25
48.19,48.19,58.59,77.11,81.71
54.88,54.88,63.92,78.18,82.13
49.21,49.21,71.13,75.60,81.72
50.10,50.10,91.04,73.56,80.21
49.21,49.21,87.72,69.75,80.36
51.70,51.70,84.16,72.38,81.82
58.47,58.47,81.15,72.91,83.75
61.34,61.34,71.69,69.10,85.59
60.14,60.14,68.20,70.14,85.98
57.28,57.28,70.73,75.28,85.08
58.60,58.60,69.99,78.78,81.73
63.16,63.16,61.34,75.41,84.20
58.41,58.41,53.34,75.33,82.19
57.05,57.05,59.32,77.31,82.10
60.14,60.14,53.59,75.87,80.85
59.30,59.30,50.59,76.18,82.95
60.36,60.36,50.02,76.56,82.29
60.15,60.15,51.07,74.59,82.52
56.12,56.12,44.15,72.14,81.38
57.18,57.18,47.63,69.18,80.87
57.19,57.19,55.72,68.71,81.31
56.40,56.40,65.38,70.51,81.52
52.40,52.40,76.98,61.14,79.10
53.63,53.63,91.54,63.30,80.41
53.28,53.28,88.81,55.66,80.36
59.09,59.09,80.37,61.40,83.97
62.85,62.85,75.94,50.49,84.72
65.38,65.38,78.66,67.94,84.84
66.82,66.82,72.69,69.90,83.96
68.87,68.87,71.27,68.96,84.91
67.46,67.46,64.22,67.76,82.80
69.41,69.41,68.41,71.22,84.80
73.17,73.17,67.06,70.54,82.00
72.45,72.45,72.90,73.28,81.75
71.75,71.75,72.88,71.29,81.38
75.44,75.44,64.95,71.47,82.79
77.51,77.51,56.90,73.46,80.58
75.39,75.39,57.60,72.44,80.73
72.51,72.51,55.76,72.34,81.27
74.47,74.47,54.75,77.19,80.76
71.49,71.49,54.96,73.99,78.82
74.98,74.98,56.52,71.46,79.35
72.50,72.50,69.62,71.02,79.13
72.46,72.46,78.16,68.55,81.44
69.87,69.87,85.68,68.99,82.03
71.22,71.22,81.58,63.11,80.81
73.18,73.18,77.79,62.65,83.98
73.53,73.53,79.76,64.56,81.44
74.78,74.78,76.41,68.52,81.04
77.59,77.59,68.83,55.92,81.41
77.36,77.36,70.23,66.41,80.06
79.04,79.04,69.38,67.83,83.22
77.29,77.29,69.95,61.03,82.07
78.58,78.58,82.28,61.40,82.35
77.35,77.35,86.90,61.22,82.01
77.99,77.99,85.87,64.61,82.48
76.10,76.10,85.71,67.06,83.43
74.08,74.08,78.85,66.77,84.76
75.68,75.68,83.20,67.14,84.15
75.36,75.36,78.88,71.04,84.01
75.49,75.49,79.67,66.78,79.87
76.38,76.38,77.47,68.41,82.37
76.26,76.26,81.84,68.18,79.23
78.07,78.07,82.74,66.28,82.08
76.80,76.80,88.14,68.85,78.80
74.85,74.85,85.36,68.48,83.24
74.97,74.97,84.57,62.50,85.44
76.26,76.26,84.29,67.89,83.06
77.17,77.17,84.31,68.59,83.11
73.75,73.75,81.28,59.97,84.51
74.32,74.32,82.23,66.22,82.96
76.33,76.33,83.93,69.77,81.58
75.45,75.45,81.38,61.07,83.55
74.26,74.26,82.44,66.39,83.82
74.99,74.99,82.24,69.47,82.86
76.55,76.55,78.79,63.15,83.69
76.41,76.41,78.27,55.67,82.51
76.93,76.93,80.19,67.61,84.33
76.02,76.02,77.22,65.36,83.21
76.92,76.92,68.50,60.61,83.80
75.27,75.27,74.63,57.73,83.98
76.88,76.88,68.35,53.42,85.44
73.07,73.07,83.81,55.04,86.50
71.95,71.95,88.44,64.77,83.43
71.20,71.20,80.86,57.04,82.43
73.84,73.84,77.54,65.63,82.62
72.80,72.80,78.81,63.68,79.74
73.18,73.18,78.18,73.47,79.73
74.90,74.90,65.12,62.84,81.28
74.07,74.07,68.18,56.70,80.63
75.73,75.73,68.74,61.70,81.39
74.85,74.85,63.77,63.01,81.98
73.59,73.59,68.47,61.62,81.08
73.50,73.50,64.05,58.63,80.05
74.08,74.08,51.98,55.65,82.76
73.95,73.95,58.63,56.58,80.16
75.89,75.89,68.98,59.17,82.48
73.88,73.88,64.76,54.54,83.27
77.92,77.92,58.91,56.92,84.15
75.59,75.59,64.35,57.64,82.79
76.71,76.71,61.71,57.53,85.13
74.92,74.92,70.59,59.48,83.70
73.11,73.11,75.17,54.43,81.11
72.90,72.90,91.79,64.36,80.79
68.82,68.82,88.34,71.67,80.25
70.52,70.52,82.26,72.77,81.03
68.50,68.50,79.37,70.04,81.85
71.27,71.27,73.22,73.92,83.71
72.54,72.54,64.04,69.91,84.93
73.40,73.40,70.16,78.31,83.69
73.99,73.99,64.37,70.83,83.02
71.09,71.09,45.37,75.13,83.23
71.37,71.37,54.63,76.64,83.56
74.36,74.36,55.38,72.38,83.55
71.36,71.36,57.34,77.16,81.39
69.99,69.99,56.75,75.88,81.27
68.60,68.60,59.07,70.45,82.68
68.90,68.90,59.89,76.70,81.78
68.97,68.97,56.95,73.96,82.37
67.82,67.82,57.72,70.87,80.83
66.83,66.83,57.00,75.93,82.10
66.37,66.37,54.78,68.56,81.84
67.26,67.26,52.66,70.45,79.07
62.17,62.17,51.92,76.22,80.62
63.28,63.28,53.20,71.87,80.74
64.83,64.83,56.37,76.06,80.74
61.85,61.85,54.16,69.28,82.23
64.53,64.53,51.00,69.51,80.24
64.69,64.69,53.04,74.28,81.11
62.45,62.45,55.56,69.99,81.93
63.46,63.46,53.31,73.63,83.66
61.69,61.69,51.53,72.30,84.70
61.80,61.80,50.58,67.70,85.05
62.66,62.66,49.56,74.89,85.52
62.14,62.14,50.81,66.78,82.67
61.35,61.35,49.80,69.94,82.28
61.91,61.91,47.13,69.86,81.93
63.78,63.78,48.20,66.19,83.53
62.70,62.70,52.80,74.60,81.36
65.80,65.80,52.16,63.22,82.76
66.59,66.59,53.30,69.81,81.66
64.82,64.82,53.68,68.20,82.22
63.01,63.01,50.79,63.68,82.11
66.44,66.44,48.88,72.12,80.77
64.10,64.10,45.85,72.40,81.16
60.11,60.11,42.55,70.55,82.24
57.72,57.72,45.44,72.28,83.03
59.42,59.42,46.36,73.63,80.64
56.26,56.26,44.41,72.72,82.43
59.61,59.61,43.49,75.85,79.72
56.63,56.63,43.02,70.99,81.11
58.56,58.56,41.85,71.13,79.78
58.16,58.16,39.91,73.39,81.48
54.91,54.91,39.08,69.81,81.14
55.20,55.20,34.85,73.50,79.65
55.44,55.44,34.61,69.49,79.85
53.60,53.60,36.70,71.78,80.44
53.56,53.56,33.87,72.97,77.70
54.74,54.74,36.31,72.49,79.34
54.18,54.18,33.56,72.22,79.08
53.21,53.21,32.73,69.73,78.42
53.23,53.23,36.73,73.18,80.11
50.11,50.11,34.15,70.48,79.96
48.58,48.58,35.60,70.23,79.14
48.30,48.30,36.75,67.60,81.33
48.47,48.47,40.99,66.26,82.77
46.83,46.83,39.34,63.96,82.72
49.69,49.69,35.91,60.54,81.65
48.86,48.86,42.24,67.65,83.35
46.55,46.55,46.29,66.06,82.81
47.59,47.59,43.71,64.53,83.60
48.64,48.64,42.72,64.08,81.08
47.89,47.89,43.96,66.15,81.80
48.00,48.00,46.36,69.01,79.57
47.95,47.95,44.50,65.56,76.44
44.23,44.23,47.02,69.25,78.67
43.72,43.72,42.00,68.26,76.11
42.89,42.89,40.71,69.74,77.55
42.21,42.21,43.81,69.00,74.95
46.64,46.64,37.92,69.84,75.75
48.50,48.50,36.16,70.89,75.00
53.46,53.46,39.34,67.89,74.79
59.77,59.77,34.11,70.70,77.06
65.75,65.75,33.83,68.51,77.48
68.64,68.64,32.98,63.88,79.34
75.98,75.98,31.04,68.12,79.84
74.26,74.26,26.74,67.88,79.72
75.72,75.72,20.45,62.82,81.97
75.38,75.38,21.37,68.27,80.46
77.36,77.36,22.18,56.50,81.01
77.49,77.49,21.41,65.59,79.95
75.15,75.15,21.12,69.14,81.09
75.21,75.21,22.97,62.75,80.20
74.70,74.70,22.56,68.17,77.24
76.22,76.22,21.16,64.53,78.55
74.17,74.17,20.81,66.16,80.02
75.33,75.33,21.48,71.48,79.75
75.07,75.07,20.24,62.73,81.16
77.90,77.90,20.51,69.08,81.80
75.15,75.15,20.82,68.25,82.68
74.39,74.39,19.82,65.52,82.51
74.80,74.80,19.20,69.53,83.24
73.21,73.21,19.96,62.45,82.66
73.77,73.77,20.04,63.42,82.17
74.28,74.28,21.24,68.43,81.07
76.34,76.34,21.35,62.45,82.90
74.49,74.49,21.49,69.55,82.06
75.12,75.12,21.73,65.56,81.06
74.06,74.06,23.66,66.49,81.61
75.64,75.64,25.51,69.48,80.25
74.56,74.56,24.16,57.58,80.56
76.66,76.66,22.46,67.73,80.11
75.72,75.72,23.16,65.96,80.20
75.48,75.48,23.77,64.42,80.53
75.86,75.86,25.08,68.17,78.06
77.84,77.84,23.39,65.28,79.00
78.03,78.03,23.53,65.78,78.99
74.94,74.94,23.00,65.26,81.12
73.25,73.25,23.61,62.68,79.19
72.73,72.73,21.75,67.12,79.63
72.29,72.29,23.64,64.43,78.85
74.22,74.22,23.21,64.88,79.62
72.47,72.47,33.35,66.09,78.45
72.35,72.35,44.31,64.68,76.81
71.12,71.12,53.10,69.14,78.49
73.34,73.34,63.09,61.87,78.79
74.23,74.23,54.50,66.80,80.13
71.30,71.30,44.34,65.46,77.42
72.90,72.90,40.43,64.34,78.63
72.39,72.39,34.44,66.11,77.77
75.10,75.10,34.42,68.44,77.69
74.83,74.83,32.68,64.82,78.21
74.14,74.14,28.46,66.90,77.34
75.78,75.78,26.77,66.68,78.09
75.57,75.57,29.83,63.73,77.88
72.92,72.92,33.82,63.45,78.22
72.23,72.23,36.16,64.01,76.46
72.28,72.28,35.19,63.08,77.71
72.21,72.21,25.26,60.34,77.29
71.91,71.91,31.54,62.78,77.33
74.17,74.17,33.94,68.12,81.61
73.18,73.18,27.80,64.07,80.31
70.00,70.00,26.92,62.10,79.81
70.13,70.13,27.88,59.83,80.30
68.72,68.72,28.86,60.96,80.74
71.47,71.47,28.13,62.99,80.93
74.98,74.98,29.19,64.44,78.70
73.73,73.73,31.31,58.69,78.75
73.45,73.45,35.30,61.07,80.18
73.92,73.92,32.53,57.05,79.47
73.33,73.33,29.73,63.32,79.56
76.35,76.35,30.00,59.80,77.60
76.14,76.14,31.19,61.11,79.83
75.50,75.50,30.42,63.52,79.84
75.74,75.74,30.37,64.98,78.95
75.64,75.64,34.00,64.83,76.07
73.32,73.32,30.40,65.09,79.87
74.40,74.40,32.72,68.73,78.10
71.78,71.78,35.89,66.27,79.67
74.42,74.42,32.34,64.18,78.22
75.52,75.52,33.94,65.11,77.43
71.00,71.00,34.82,63.77,77.91
72.87,72.87,30.57,64.96,76.96
73.45,73.45,31.05,66.79,76.66
70.73,70.73,27.20,66.65,75.74
72.33,72.33,33.10,64.59,77.27
73.85,73.85,26.92,67.00,78.78
74.59,74.59,26.97,68.46,79.81
75.42,75.42,26.09,64.56,79.33
76.15,76.15,25.41,61.95,77.06
73.08,73.08,24.65,62.65,78.89
74.73,74.73,22.02,57.73,78.27
76.89,76.89,21.43,60.30,79.63
75.99,75.99,21.94,63.07,79.04
74.42,74.42,21.33,59.86,77.32
73.27,73.27,21.21,65.75,77.13
74.23,74.23,21.17,65.76,77.07
74.28,74.28,21.56,64.27,78.37
74.56,74.56,22.20,64.21,77.81
73.50,73.50,23.30,52.97,78.89
74.91,74.91,23.93,63.65,77.66
75.10,75.10,25.82,57.55,78.69
73.44,73.44,25.82,56.70,79.54
72.21,72.21,26.00,63.95,77.83
71.21,71.21,25.70,56.37,77.71
71.02,71.02,25.33,62.17,77.25
71.38,71.38,23.60,59.99,75.64
74.02,74.02,22.71,53.28,78.59
75.10,75.10,23.29,62.60,74.31
72.90,72.90,22.99,55.30,75.61
71.95,71.95,22.83,57.96,73.99
70.22,70.22,23.65,59.35,74.08
69.94,69.94,24.10,55.27,75.82
71.89,71.89,24.93,57.60,73.75
71.84,71.84,24.33,52.02,75.65
71.74,71.74,23.90,55.89,75.99
73.00,73.00,24.62,56.27,76.11
73.08,73.08,24.00,56.00,76.35
72.55,72.55,23.89,51.26,70.96
71.36,71.36,23.93,54.08,73.60
73.69,73.69,31.60,57.87,72.47
69.96,69.96,43.94,55.67,73.23
66.99,66.99,54.23,54.66,70.56
68.76,68.76,63.85,56.67,75.36
70.28,70.28,64.44,64.62,79.52
70.97,70.97,59.10,64.79,79.10
72.67,72.67,62.72,67.27,78.47
70.87,70.87,60.18,65.22,75.53
74.11,74.11,54.25,64.77,75.69
72.56,72.56,51.89,65.53,76.45
73.87,73.87,48.46,65.06,78.74
72.49,72.49,44.34,64.18,76.25
72.10,72.10,50.86,65.54,77.31
71.45,71.45,53.32,63.88,74.27
73.36,73.36,51.08,63.89,77.28
71.61,71.61,50.91,64.42,70.39
72.10,72.10,51.23,63.38,75.41
69.61,69.61,50.79,63.70,73.21
72.59,72.59,45.62,64.06,74.83
71.96,71.96,37.46,64.74,74.66
72.33,72.33,35.80,65.34,75.69
71.02,71.02,41.77,64.28,75.17
72.34,72.34,41.48,65.32,75.97
72.18,72.18,45.11,64.41,78.43
74.07,74.07,38.00,65.06,77.07
74.14,74.14,35.94,65.60,78.93
73.82,73.82,39.05,66.29,78.67
75.71,75.71,39.95,66.80,79.09
73.23,73.23,38.31,66.34,78.93
72.23,72.23,35.67,67.49,79.71
69.88,69.88,38.61,67.66,79.22
71.66,71.66,30.36,67.60,81.36
72.25,72.25,33.68,67.96,80.94
70.07,70.07,37.40,67.27,79.59
69.17,69.17,32.02,66.57,77.00
70.40,70.40,33.53,65.79,78.68
69.51,69.51,30.48,65.73,77.48
69.97,69.97,27.94,66.83,78.80
70.13,70.13,31.86,65.86,76.79
72.28,72.28,21.08,67.06,78.00
70.66,70.66,30.94,67.41,76.71
67.60,67.60,30.75,67.34,75.65
67.81,67.81,33.75,67.50,76.39
65.53,65.53,35.57,66.98,76.52
66.57,66.57,24.01,67.15,78.78
67.78,67.78,31.38,67.41,73.57
67.83,67.83,33.01,67.84,73.52
68.19,68.19,24.90,68.42,74.06
64.63,64.63,31.27,67.76,74.75
66.89,66.89,31.04,67.84,74.34
68.00,68.00,28.41,66.98,74.17
67.02,67.02,29.02,65.86,75.12
66.67,66.67,23.38,66.10,74.10
69.34,69.34,26.81,66.05,75.14
66.05,66.05,31.80,66.81,73.84
67.19,67.19,30.33,66.71,74.07
68.02,68.02,36.11,66.15,74.34
69.90,69.90,28.73,65.76,73.54
64.75,64.75,32.94,64.95,72.23
67.44,67.44,33.35,66.36,73.82
67.45,67.45,32.57,66.36,73.03
66.76,66.76,32.92,65.23,72.49
68.39,68.39,31.73,64.54,76.12
67.55,67.55,32.34,63.51,75.87
69.80,69.80,34.99,62.32,72.38
69.02,69.02,36.12,58.41,76.83
69.11,69.11,34.79,60.04,73.21
70.26,70.26,40.47,62.18,73.82
73.87,73.87,43.07,60.44,74.41
75.22,75.22,35.52,61.52,74.23
69.26,69.26,31.45,62.45,72.66
69.71,69.71,38.41,61.59,74.96
71.69,71.69,39.16,62.60,75.77
70.65,70.65,32.87,59.94,74.39
69.39,69.39,38.11,55.46,72.72
69.28,69.28,42.73,56.78,75.59
71.39,71.39,36.32,62.73,75.92
71.31,71.31,35.87,62.77,73.43
72.41,72.41,31.90,62.65,71.57
69.68,69.68,43.07,62.33,69.89
69.81,69.81,52.85,63.28,72.70
71.06,71.06,61.36,61.79,72.81
71.89,71.89,69.37,59.69,77.57
67.76,67.76,68.87,58.07,74.26
68.78,68.78,68.67,62.17,72.62
69.21,69.21,71.71,65.03,74.34
69.24,69.24,70.27,64.23,73.55
69.37,69.37,67.51,62.97,75.81
68.41,68.41,66.79,63.07,70.37
68.38,68.38,66.63,62.72,74.27
66.92,66.92,65.06,63.82,71.73
67.07,67.07,64.45,62.45,72.66
66.59,66.59,66.87,62.56,73.95
68.12,68.12,64.12,64.91,73.87
70.81,70.81,59.69,63.00,73.96
66.75,66.75,57.33,63.73,72.65
67.81,67.81,59.48,64.09,74.36
68.72,68.72,53.20,62.85,73.91
68.18,68.18,43.70,62.53,75.59
66.92,66.92,54.34,62.34,73.90
69.93,69.93,51.31,63.47,76.75
68.01,68.01,47.70,62.67,75.80
66.20,66.20,51.51,63.21,75.35
66.60,66.60,52.88,64.09,76.03
69.97,69.97,50.94,63.18,77.35
70.11,70.11,49.17,63.80,75.45
74.77,74.77,49.10,62.91,75.45
71.38,71.38,49.57,62.21,72.91
74.29,74.29,50.34,61.76,75.30
71.99,71.99,50.55,61.04,75.93
71.25,71.25,50.14,61.56,75.36
72.76,72.76,48.80,60.02,74.72
72.95,72.95,47.18,59.60,75.32
74.18,74.18,46.36,60.80,76.02
69.90,69.90,46.91,57.63,73.97
72.87,72.87,43.64,58.25,74.08
73.99,73.99,38.08,58.36,77.18
72.27,72.27,34.29,57.08,73.68
70.74,70.74,43.32,57.04,73.83
72.93,72.93,43.15,57.91,74.46
71.81,71.81,43.22,60.45,75.19
74.03,74.03,42.62,61.41,72.78
71.37,71.37,41.93,59.73,72.23
73.08,73.08,38.05,61.27,73.34
72.82,72.82,38.37,62.11,73.42
72.13,72.13,41.40,61.79,74.90
74.78,74.78,41.86,60.87,73.97
71.71,71.71,39.77,59.51,75.67
71.88,71.88,38.30,59.64,75.22
72.02,72.02,37.92,59.88,72.91
70.39,70.39,35.20,59.66,75.32
70.63,70.63,33.74,57.76,73.31
71.45,71.45,35.52,58.29,74.92
68.49,68.49,31.98,59.45,74.18
65.99,65.99,30.47,57.79,76.52
67.36,67.36,32.64,57.39,74.63
66.15,66.15,34.69,58.49,77.42
61.51,61.51,35.15,58.35,78.06
61.21,61.21,36.38,57.81,76.32
56.86,56.86,37.81,57.70,79.36
60.53,60.53,35.34,58.54,78.12
58.88,58.88,36.36,58.66,77.59
56.04,56.04,36.35,59.40,76.55
55.90,55.90,37.35,57.23,76.03
57.30,57.30,36.58,57.85,78.68
57.12,57.12,37.25,57.73,77.00
56.66,56.66,37.04,57.50,77.51
55.55,55.55,37.66,56.84,77.75
55.01,55.01,35.02,56.31,73.36
55.29,55.29,37.19,56.78,77.34
53.93,53.93,36.95,56.81,72.33
52.80,52.80,37.00,56.56,76.24
53.63,53.63,37.84,55.12,76.10
51.37,51.37,37.78,53.10,74.71
49.23,49.23,39.05,54.16,77.74
51.02,51.02,38.04,52.58,76.76
49.61,49.61,37.45,49.88,77.25
50.38,50.38,38.07,50.37,77.11
49.51,49.51,44.65,44.66,77.31
53.41,53.41,58.52,48.32,79.87
51.40,51.40,66.89,46.26,81.45
48.53,48.53,59.28,45.38,78.98
51.21,51.21,58.72,50.60,77.81
50.01,50.01,54.86,55.56,80.09
48.95,48.95,48.48,53.35,76.30
47.98,47.98,47.95,52.43,77.66
47.47,47.47,46.00,54.77,76.89
45.67,45.67,44.40,54.96,77.22
45.20,45.20,42.86,56.91,76.63
45.26,45.26,43.72,57.30,78.20
43.78,43.78,42.71,52.67,77.68
46.20,46.20,41.74,53.52,76.22
43.57,43.57,40.88,55.38,77.54
43.53,43.53,38.54,53.96,77.90
43.06,43.06,38.86,53.19,76.37
41.91,41.91,37.57,54.31,75.95
42.42,42.42,35.06,52.39,77.30
38.51,38.51,32.61,53.48,77.86
37.45,37.45,30.72,49.91,74.81
39.68,39.68,30.37,47.95,81.47
37.98,37.98,29.69,50.16,79.35
35.99,35.99,29.78,51.39,80.26
39.10,39.10,27.50,54.98,77.85
40.19,40.19,27.93,55.05,78.82
40.22,40.22,26.38,51.85,78.58
39.37,39.37,27.37,54.85,78.78
39.09,39.09,27.77,52.93,76.28
38.66,38.66,29.24,50.81,77.45
40.20,40.20,28.67,52.24,80.17
38.72,38.72,29.58,52.25,73.07
39.10,39.10,28.81,52.96,77.06
39.91,39.91,30.38,54.19,77.98
39.46,39.46,30.88,53.27,74.07
40.83,40.83,29.11,53.79,76.96
43.81,43.81,28.68,54.66,76.00
49.21,49.21,29.28,54.99,74.78
54.36,54.36,27.42,55.47,75.86
60.47,60.47,26.78,54.12,76.99
63.18,63.18,27.15,54.05,75.00
68.68,68.68,26.05,56.44,75.63
68.89,68.89,25.62,50.37,73.64
66.97,66.97,23.84,53.57,74.41
70.54,70.54,20.32,54.25,75.91
72.05,72.05,18.45,47.41,75.10
73.51,73.51,19.85,55.04,72.00
72.97,72.97,19.11,55.20,71.88
73.45,73.45,17.06,54.12,74.14
72.44,72.44,16.31,53.25,73.75
74.34,74.34,15.73,52.13,70.14
77.17,77.17,14.97,54.35,72.05
77.29,77.29,14.81,56.62,73.44
76.07,76.07,17.04,50.10,72.31
72.56,72.56,15.51,51.99,74.61
75.64,75.64,17.39,51.54,74.52
75.50,75.50,16.33,52.83,76.48
74.86,74.86,15.37,52.10,74.76
74.00,74.00,16.68,49.54,73.32
74.08,74.08,18.11,49.03,76.92
74.33,74.33,20.91,48.31,75.67
70.89,70.89,23.94,54.04,76.11
70.41,70.41,28.12,53.69,78.81
72.08,72.08,24.80,48.47,75.95
69.34,69.34,24.35,49.37,76.25
72.17,72.17,22.47,49.99,74.33
75.29,75.29,21.48,49.38,77.48
72.13,72.13,21.71,47.13,77.25
71.15,71.15,22.16,48.08,72.81
74.23,74.23,20.95,47.37,73.32
70.28,70.28,20.30,48.62,74.14
72.72,72.72,20.91,46.58,75.17
70.89,70.89,21.58,51.63,75.36
70.04,70.04,22.26,47.57,72.86
69.74,69.74,22.19,47.64,74.58
73.01,73.01,21.39,45.23,72.02
72.19,72.19,22.08,42.69,73.78
73.09,73.09,23.30,41.11,75.36
71.10,71.10,21.59,53.18,71.46
72.26,72.26,26.77,50.18,75.23
69.40,69.40,34.55,46.21,72.66
70.68,70.68,45.87,46.86,74.37
72.04,72.04,47.89,49.69,75.06
72.27,72.27,43.22,47.21,76.44
69.96,69.96,42.65,49.47,76.69
70.77,70.77,39.93,50.86,74.99
69.59,69.59,37.74,52.02,77.05
73.25,73.25,34.22,54.41,75.15
71.33,71.33,31.73,53.72,76.10
69.19,69.19,29.36,54.99,73.71
71.62,71.62,28.56,55.81,79.44
69.49,69.49,29.58,53.10,75.01
71.01,71.01,29.29,53.38,76.45
70.04,70.04,28.76,52.80,79.66
69.30,69.30,28.67,50.95,76.14
68.25,68.25,28.33,46.76,74.93
70.35,70.35,28.30,53.06,76.56
68.72,68.72,29.81,56.23,75.44
71.77,71.77,34.31,60.40,76.69
70.76,70.76,29.60,61.08,76.30
70.19,70.19,26.75,62.37,73.17
71.39,71.39,28.54,61.17,73.75
71.86,71.86,29.57,61.34,73.84
70.92,70.92,27.94,58.18,76.16
69.04,69.04,25.68,57.95,72.54
70.28,70.28,22.99,59.11,77.86
73.69,73.69,21.65,61.71,74.45
75.29,75.29,20.49,59.48,75.78
74.59,74.59,20.15,55.29,75.65
77.35,77.35,21.59,54.23,75.71
77.22,77.22,22.45,53.66,78.39
77.70,77.70,23.92,52.32,76.51
75.11,75.11,24.47,45.87,76.09
77.08,77.08,24.63,51.53,74.67
74.72,74.72,26.59,45.78,74.72
76.67,76.67,26.96,46.34,75.16
73.52,73.52,27.44,48.78,75.94
75.61,75.61,23.83,48.15,74.99
72.12,72.12,24.84,50.88,71.79
72.12,72.12,30.79,50.77,75.49
71.73,71.73,26.71,52.28,75.11
71.66,71.66,26.26,51.89,72.22
72.51,72.51,37.49,55.33,76.43
70.64,70.64,37.54,55.77,77.27
69.84,69.84,32.30,51.67,76.64
72.10,72.10,31.28,51.37,76.22
74.34,74.34,28.58,55.62,74.08
74.73,74.73,26.71,48.51,76.07
73.46,73.46,25.71,46.88,74.71
75.80,75.80,23.77,55.53,76.61
76.18,76.18,22.71,53.83,76.96
74.46,74.46,22.58,41.98,75.26
73.96,73.96,21.81,54.23,73.68
74.25,74.25,21.77,55.79,73.23
73.31,73.31,21.88,54.00,74.12
74.60,74.60,20.56,57.50,71.65
70.26,70.26,21.81,57.97,71.72
67.33,67.33,22.12,55.82,72.24
69.01,69.01,23.25,56.79,72.74
71.09,71.09,23.48,59.35,74.02
67.13,67.13,22.40,59.26,73.75
70.21,70.21,23.12,59.86,76.01
65.74,65.74,22.24,60.28,74.62
68.23,68.23,20.71,60.61,75.90
68.59,68.59,19.75,61.24,77.01
66.75,66.75,20.03,60.87,77.25
67.00,67.00,20.86,60.35,76.64
69.11,69.11,19.58,60.75,76.69
68.57,68.57,20.16,60.75,76.45
66.82,66.82,20.43,59.81,74.64
69.13,69.13,20.64,58.64,74.63
68.10,68.10,19.99,56.55,74.98
69.16,69.16,20.40,55.64,75.91
68.83,68.83,20.37,56.90,75.64
67.11,67.11,18.92,57.03,75.15
66.79,66.79,20.96,54.46,75.12
67.56,67.56,19.01,50.01,76.14
71.74,71.74,21.34,54.88,75.69
72.35,72.35,25.04,58.46,74.75
71.87,71.87,35.19,56.80,74.14
67.81,67.81,43.12,59.45,76.72
69.90,69.90,43.38,66.15,78.28
69.27,69.27,43.45,68.01,79.26
69.11,69.11,40.63,68.13,75.63
69.16,69.16,39.45,68.52,75.93
66.18,66.18,41.25,67.77,75.54
67.35,67.35,42.05,67.24,76.58
65.70,65.70,40.45,68.51,76.77
67.18,67.18,41.44,68.46,76.76
69.41,69.41,41.93,67.02,75.81
67.29,67.29,40.00,66.98,77.62
69.38,69.38,37.26,66.93,77.12
65.78,65.78,40.04,66.11,74.23
64.93,64.93,38.85,65.22,76.28
68.21,68.21,33.10,66.27,74.57
67.28,67.28,32.77,67.03,77.10
67.36,67.36,33.62,67.50,78.14
66.46,66.46,28.52,68.11,78.80
66.13,66.13,24.11,68.82,76.45
66.81,66.81,26.81,70.02,76.75
64.62,64.62,25.61,70.02,78.19
66.55,66.55,24.78,69.64,76.73
68.33,68.33,29.40,68.69,76.79
67.30,67.30,30.36,68.61,75.97
66.06,66.06,27.44,68.56,73.03
65.82,65.82,23.34,68.85,74.46
64.58,64.58,23.50,68.54,74.88
64.63,64.63,25.06,67.56,72.75
66.08,66.08,27.91,67.52,73.87
65.11,65.11,27.30,67.23,75.77
62.69,62.69,24.54,66.74,76.03
61.56,61.56,21.74,66.78,74.43
60.32,60.32,23.20,67.38,74.34
63.48,63.48,22.10,67.61,73.07
62.30,62.30,20.18,67.91,74.05
66.14,66.14,18.35,68.65,75.47
65.08,65.08,21.04,68.41,75.84
64.46,64.46,30.24,68.17,77.53
68.61,68.61,33.17,68.93,79.90
64.12,64.12,31.94,69.72,72.63
66.66,66.66,26.21,69.99,76.70
60.48,60.48,22.72,68.97,72.67
64.98,64.98,21.31,68.90,73.93
63.19,63.19,19.69,68.16,72.82
59.17,59.17,19.56,67.46,73.97
62.66,62.66,19.36,67.53,74.64
63.03,63.03,19.63,66.50,72.32
64.01,64.01,20.07,66.81,74.99
62.42,62.42,18.18,66.81,69.14
62.04,62.04,18.82,66.93,70.45
65.41,65.41,22.29,66.88,71.16
64.28,64.28,26.14,67.16,72.07
65.01,65.01,19.00,67.04,70.24
63.15,63.15,18.63,65.89,71.03
62.75,62.75,20.47,61.59,71.38
61.97,61.97,18.99,62.73,71.06
64.36,64.36,19.21,66.47,72.76
65.61,65.61,20.11,67.89,73.29
66.23,66.23,22.34,68.52,76.43
65.11,65.11,23.70,68.33,74.14
62.55,62.55,22.69,67.79,74.27
63.65,63.65,20.70,67.02,74.03
63.42,63.42,19.66,66.39,75.17
63.79,63.79,18.61,65.25,72.91
66.55,66.55,18.48,63.87,72.32
64.52,64.52,17.90,62.56,72.78
64.40,64.40,18.00,63.14,71.67
66.23,66.23,18.08,62.60,74.36
67.55,67.55,18.51,62.41,70.04
65.12,65.12,16.84,62.32,72.39
63.90,63.90,17.49,61.72,72.25
64.76,64.76,16.36,63.64,71.69
66.14,66.14,16.10,63.50,72.07
69.16,69.16,17.81,62.19,70.95
66.33,66.33,22.98,60.02,72.43
63.69,63.69,30.87,61.24,71.37
64.70,64.70,36.91,63.67,72.94
64.82,64.82,41.17,63.38,74.60
63.65,63.65,43.57,61.87,75.31
67.28,67.28,43.39,63.37,77.95
66.33,66.33,45.08,64.90,74.77
63.36,63.36,45.34,64.00,72.86
63.54,63.54,44.73,63.33,72.33
65.06,65.06,47.69,62.85,72.86
64.42,64.42,49.06,63.54,73.35
63.83,63.83,44.38,63.96,70.96
62.45,62.45,42.31,63.94,72.40
63.56,63.56,43.48,64.57,72.31
63.40,63.40,43.06,64.86,74.43
65.66,65.66,40.09,65.54,71.76
67.30,67.30,43.96,66.34,73.76
65.20,65.20,43.94,66.04,74.52
63.47,63.47,40.10,65.81,73.43
64.24,64.24,31.43,66.92,73.65
65.75,65.75,29.87,66.77,73.85
65.36,65.36,32.13,67.16,74.62
64.45,64.45,33.06,66.75,75.03
62.74,62.74,31.53,65.34,76.18
62.88,62.88,32.21,65.73,74.00
64.85,64.85,35.96,65.57,74.90
64.65,64.65,28.13,65.36,73.86
64.53,64.53,28.80,65.35,74.18
64.73,64.73,25.76,65.24,73.58
66.68,66.68,26.63,65.75,74.99
65.47,65.47,27.71,66.62,76.40
65.56,65.56,27.95,66.81,75.70
66.96,66.96,26.26,66.77,77.67
67.81,67.81,24.79,66.92,77.51
68.28,68.28,24.94,67.37,78.16
69.14,69.14,27.45,67.07,77.44
65.08,65.08,26.22,66.54,74.74
67.97,67.97,23.84,67.13,75.82
67.71,67.71,25.90,66.72,74.89
66.60,66.60,26.88,66.93,73.62
65.38,65.38,24.54,66.34,75.54
66.26,66.26,23.48,65.48,76.99
67.23,67.23,22.46,64.41,77.32
63.61,63.61,22.95,64.14,76.92
65.77,65.77,23.14,64.78,77.79
65.24,65.24,22.04,64.45,77.35
65.70,65.70,23.87,64.48,77.80
64.63,64.63,23.40,64.15,76.81
65.73,65.73,21.63,64.60,80.55
63.17,63.17,21.98,64.29,78.41
65.82,65.82,22.74,64.61,79.80
63.24,63.24,22.94,64.06,79.70
63.10,63.10,22.26,64.18,76.01
65.43,65.43,21.61,64.02,77.45
64.22,64.22,23.29,63.69,76.59
60.52,60.52,22.58,63.07,77.32
63.17,63.17,21.97,61.69,76.95
61.75,61.75,22.50,61.87,77.11
61.38,61.38,22.83,61.84,77.94
62.79,62.79,24.41,61.08,76.33
58.89,58.89,23.00,60.11,76.68
63.57,63.57,25.61,61.14,76.83
60.33,60.33,26.29,61.47,73.58
58.33,58.33,26.09,60.56,75.44
60.75,60.75,27.12,59.44,74.65
57.27,57.27,28.16,59.48,72.34
60.76,60.76,26.15,60.03,72.94
54.02,54.02,27.03,59.78,72.91
57.60,57.60,27.31,60.23,73.56
54.80,54.80,29.09,60.05,72.26
53.60,53.60,29.04,60.75,73.29
58.00,58.00,27.91,61.55,75.04
56.05,56.05,27.95,62.27,73.90
56.55,56.55,27.37,61.25,75.43
55.82,55.82,26.56,60.68,73.63
54.49,54.49,26.40,60.03,73.25
57.47,57.47,30.39,60.33,73.16
52.45,52.45,41.83,60.66,71.86
52.29,52.29,43.11,60.76,73.45
50.19,50.19,42.47,56.03,74.83
51.60,51.60,44.07,52.88,76.96
51.81,51.81,42.47,53.01,79.70
50.37,50.37,41.01,54.34,76.50
51.81,51.81,40.05,54.23,79.23
52.62,52.62,38.72,54.48,78.72
52.88,52.88,36.34,51.76,79.11
51.54,51.54,34.77,57.11,77.39
51.53,51.53,34.56,52.66,78.37
52.49,52.49,34.35,55.58,77.47
53.10,53.10,34.75,52.81,76.36
52.11,52.11,34.64,55.11,75.83
52.63,52.63,33.65,54.50,76.26
52.70,52.70,33.85,55.98,76.70
51.43,51.43,33.00,50.33,74.79
50.83,50.83,32.03,49.95,75.81
51.91,51.91,31.57,54.10,76.16
49.12,49.12,31.39,49.42,74.78
49.60,49.60,29.65,54.23,76.70
49.60,49.60,31.83,48.88,75.99
46.62,46.62,33.69,51.70,78.38
48.97,48.97,31.29,53.07,78.89
47.78,47.78,30.46,51.39,79.76
46.32,46.32,31.90,51.69,78.87
47.98,47.98,32.15,51.59,77.69
45.49,45.49,32.04,55.05,76.39
45.39,45.39,31.63,52.37,78.43
44.22,44.22,32.74,54.98,76.98
42.80,42.80,32.41,51.56,76.07
43.55,43.55,31.45,52.26,75.66
41.80,41.80,31.88,50.36,77.47
45.27,45.27,31.04,47.74,72.82
41.59,41.59,31.64,50.42,75.81
43.36,43.36,30.46,49.37,74.79
41.56,41.56,30.29,46.42,72.09
43.94,43.94,29.66,47.11,73.83
42.85,42.85,28.58,51.92,75.39
44.44,44.44,27.33,49.08,74.25
47.71,47.71,26.65,52.12,77.56
48.21,48.21,25.07,49.54,74.72
52.64,52.64,26.21,51.04,75.38
55.96,55.96,25.37,54.13,77.95
56.57,56.57,26.22,53.86,76.71
60.93,60.93,26.12,51.61,76.79
59.17,59.17,25.77,50.64,74.05
62.71,62.71,24.52,51.83,72.63
66.38,66.38,24.46,52.91,75.03
66.18,66.18,24.91,51.02,70.97
68.29,68.29,22.20,51.44,72.20
67.92,67.92,22.68,51.18,69.82
66.65,66.65,23.20,51.87,69.46
68.03,68.03,22.33,53.16,71.63
70.36,70.36,22.44,51.48,70.70
67.26,67.26,22.30,46.49,71.31
69.67,69.67,23.26,46.48,69.95
70.04,70.04,21.16,51.68,70.43
69.13,69.13,20.70,51.76,74.17
69.68,69.68,24.31,49.14,73.66
71.25,71.25,26.50,49.11,74.90
72.92,72.92,26.52,49.57,76.24
70.50,70.50,25.03,51.35,76.83
68.15,68.15,23.58,53.39,75.71
66.89,66.89,23.04,50.99,75.22
72.48,72.48,22.33,51.07,76.04
71.14,71.14,22.82,53.45,73.45
71.04,71.04,21.91,51.48,71.67
71.06,71.06,22.34,51.60,70.14
70.54,70.54,22.50,53.04,68.46
71.60,71.60,22.65,52.05,71.53
66.88,66.88,21.80,47.92,71.59
67.38,67.38,22.98,47.38,70.94
70.69,70.69,23.47,47.89,73.46
66.43,66.43,22.55,45.85,73.32
70.01,70.01,22.20,45.57,74.93
68.16,68.16,22.46,48.85,73.07
69.28,69.28,23.36,47.18,73.41
68.16,68.16,31.83,48.11,73.89
70.71,70.71,44.80,43.86,72.88
68.15,68.15,50.29,47.16,76.52
67.53,67.53,44.97,50.42,75.06
67.45,67.45,42.80,50.33,74.21
68.55,68.55,36.50,52.32,75.73
69.19,69.19,31.21,54.23,72.86
68.05,68.05,27.15,54.56,77.05
68.82,68.82,25.96,55.29,72.26
69.33,69.33,23.95,55.48,75.27
65.82,65.82,22.19,55.62,78.19
67.77,67.77,23.27,56.16,77.60
69.81,69.81,20.53,55.09,79.26
67.94,67.94,21.37,52.67,80.79
70.22,70.22,20.03,53.97,76.62
71.40,71.40,19.17,55.78,79.61
71.40,71.40,19.25,55.90,77.45
72.70,72.70,19.54,54.15,74.75
68.81,68.81,20.39,54.00,76.55
71.88,71.88,21.77,55.27,73.16
72.05,72.05,25.56,52.54,76.75
70.29,70.29,28.73,49.26,73.62
69.74,69.74,29.63,40.09,73.60
66.42,66.42,30.51,41.78,74.85
67.21,67.21,29.49,38.20,79.07
66.50,66.50,25.43,45.71,75.99
66.39,66.39,26.06,36.62,76.86
64.51,64.51,23.49,44.61,75.63
62.94,62.94,24.19,42.65,75.44
63.24,63.24,24.06,40.09,75.87
65.35,65.35,22.91,43.68,74.30
64.18,64.18,21.51,41.76,75.72
64.38,64.38,20.57,48.08,76.34
62.87,62.87,22.03,45.64,76.59
64.59,64.59,22.83,42.94,77.94
65.54,65.54,21.73,48.98,76.07
62.60,62.60,20.92,50.82,76.56
65.12,65.12,21.43,53.72,78.12
62.95,62.95,21.83,54.08,76.28
61.51,61.51,21.99,51.16,77.14
61.19,61.19,21.44,43.19,74.56
61.40,61.40,22.67,42.18,77.84
62.32,62.32,24.48,51.72,74.06
63.48,63.48,25.24,54.15,76.00
64.74,64.74,25.87,54.71,74.06
66.27,66.27,25.54,55.89,73.26
63.62,63.62,24.14,55.73,75.69
62.45,62.45,22.34,56.63,73.13
61.19,61.19,22.53,54.88,71.77
64.79,64.79,20.69,54.32,72.31
64.14,64.14,21.92,53.07,72.49
63.92,63.92,22.51,54.58,74.21
66.96,66.96,21.87,55.98,75.34
66.12,66.12,23.34,57.47,74.93
65.36,65.36,22.18,56.65,73.22
62.05,62.05,20.75,55.71,73.98
61.87,61.87,21.83,55.07,72.14
61.94,61.94,20.99,56.31,72.43
60.93,60.93,21.30,55.95,73.47
60.04,60.04,22.10,56.65,72.15
61.74,61.74,27.10,54.97,71.93
65.78,65.78,28.16,55.06,73.36
65.83,65.83,33.23,52.43,73.36
63.13,63.13,37.58,49.26,72.87
63.99,63.99,35.12,53.98,77.64
66.27,66.27,31.25,54.92,77.54
63.45,63.45,27.71,52.58,75.99
63.87,63.87,24.64,51.05,77.18
62.79,62.79,23.02,51.95,74.69
63.30,63.30,24.77,55.23,75.99
63.39,63.39,27.71,57.29,77.40
62.71,62.71,22.60,57.13,75.63
59.26,59.26,29.76,55.48,73.85
58.22,58.22,32.68,56.40,74.96
62.56,62.56,24.54,56.66,75.64
61.78,61.78,24.10,57.55,73.95
59.71,59.71,26.55,56.30,74.15
58.13,58.13,28.17,53.70,74.48
59.61,59.61,31.18,52.44,71.52
58.69,58.69,43.06,53.77,73.19
58.39,58.39,50.65,57.77,71.40
60.14,60.14,56.45,61.23,76.28
62.86,62.86,58.43,58.37,76.24
58.85,58.85,58.38,55.75,75.09
59.18,59.18,60.13,58.39,75.72
58.34,58.34,61.23,58.95,76.74
60.29,60.29,58.77,57.74,73.81
61.07,61.07,58.17,61.14,76.51
61.82,61.82,59.75,61.35,76.93
60.33,60.33,56.98,62.43,75.72
62.12,62.12,52.32,60.96,75.35
62.39,62.39,53.70,61.55,76.37
60.66,60.66,55.36,60.15,74.48
60.16,60.16,54.86,59.17,75.25
60.53,60.53,53.13,58.64,75.39
58.48,58.48,54.74,59.21,73.98
55.74,55.74,53.62,59.97,71.37
55.07,55.07,48.80,60.22,70.96
56.51,56.51,46.78,59.30,74.68
55.31,55.31,48.17,55.26,75.29
60.47,60.47,40.82,60.40,75.09
59.87,59.87,29.89,60.53,77.05
55.07,55.07,33.10,57.77,76.39
55.42,55.42,30.58,57.20,78.40
53.43,53.43,30.45,57.37,77.46
52.40,52.40,28.69,55.65,78.33
53.45,53.45,30.89,56.58,76.57
51.27,51.27,30.84,56.88,75.92
48.98,48.98,30.62,58.67,74.33
51.90,51.90,33.42,57.03,78.37
51.24,51.24,31.35,56.49,75.08
50.59,50.59,29.29,53.92,75.60
52.95,52.95,27.19,55.99,75.88
48.87,48.87,34.79,54.46,77.49
52.97,52.97,38.41,52.11,77.44
51.82,51.82,32.08,51.75,74.24
49.88,49.88,35.23,50.72,73.26
51.14,51.14,29.03,51.59,75.91
49.40,49.40,22.72,53.30,74.40
51.02,51.02,22.44,54.20,75.76
49.84,49.84,21.05,55.14,77.10
48.05,48.05,22.93,58.21,77.94
49.05,49.05,23.97,59.11,76.47
48.46,48.46,24.39,59.22,78.27
47.12,47.12,20.96,57.40,77.12
50.39,50.39,22.22,55.79,74.49
51.58,51.58,21.99,56.00,76.05
54.46,54.46,21.14,56.80,75.38
48.33,48.33,23.75,51.14,74.89
47.31,47.31,21.78,50.05,72.10
51.12,51.12,23.51,44.25,75.54
51.99,51.99,23.71,47.91,74.98
50.41,50.41,23.23,51.11,74.22
48.69,48.69,24.59,54.70,72.80
49.46,49.46,24.69,57.37,73.71
48.95,48.95,23.60,59.23,75.54
48.58,48.58,23.36,61.66,74.18
46.95,46.95,23.02,60.76,73.91
48.51,48.51,20.49,59.53,74.27
45.01,45.01,24.11,57.61,72.33
48.66,48.66,27.05,53.14,76.87
46.69,46.69,25.71,59.29,72.88
47.59,47.59,24.83,60.47,76.91
44.55,44.55,24.74,56.00,74.22
46.54,46.54,25.93,56.09,75.29
47.61,47.61,25.14,46.96,76.17
49.88,49.88,25.04,42.87,74.73
49.09,49.09,24.88,49.71,76.71
49.89,49.89,24.59,51.31,73.82
48.22,48.22,24.68,57.50,76.05
48.33,48.33,24.57,55.36,75.61
46.64,46.64,23.71,54.96,75.71
45.78,45.78,22.52,52.01,75.71
50.06,50.06,21.17,44.38,74.66
50.83,50.83,18.80,50.13,75.49
47.86,47.86,19.67,55.60,76.70
48.18,48.18,24.01,58.21,76.35
48.17,48.17,30.47,58.59,75.89
49.89,49.89,42.55,59.54,75.23
52.14,52.14,48.67,64.51,74.76
54.83,54.83,47.60,65.51,77.78
50.92,50.92,44.08,63.81,71.90
53.35,53.35,43.39,62.67,75.06
50.92,50.92,42.49,66.91,73.31
51.75,51.75,40.35,65.90,74.13
48.39,48.39,38.82,61.24,73.93
54.13,54.13,35.88,58.34,74.88
50.56,50.56,35.65,62.93,74.03
52.66,52.66,37.86,64.41,73.87
51.46,51.46,39.31,66.04,74.50
53.55,53.55,39.21,64.46,75.99
54.59,54.59,34.63,64.80,75.03
55.50,55.50,32.65,62.30,73.91
55.11,55.11,34.40,60.43,74.87
58.24,58.24,34.29,56.06,75.97
57.05,57.05,32.65,54.43,74.16
57.39,57.39,29.94,54.68,75.54
56.47,56.47,26.98,48.55,76.06
57.44,57.44,30.14,45.26,76.65
55.84,55.84,29.99,52.43,78.38
52.79,52.79,29.81,57.18,79.80
50.07,50.07,29.72,57.94,76.66
47.64,47.64,29.77,56.77,74.86
48.18,48.18,29.45,58.60,75.09
50.68,50.68,28.83,57.20,76.26
47.90,47.90,28.15,60.61,73.91
52.22,52.22,28.59,61.81,73.77
50.07,50.07,31.02,61.22,72.88
50.82,50.82,28.74,60.69,75.55
48.18,48.18,26.25,55.55,73.04
49.14,49.14,26.03,57.98,75.14
53.03,53.03,26.31,61.24,77.18
48.40,48.40,26.26,61.51,71.90
50.08,50.08,26.19,59.32,73.93
56.32,56.32,25.96,58.23,76.29
48.19,48.19,28.12,57.00,75.20
50.94,50.94,25.44,62.47,75.13
55.19,55.19,25.56,66.16,77.14
51.28,51.28,27.77,65.76,74.06
55.31,55.31,26.56,64.24,78.79
54.26,54.26,24.06,63.23,76.00
57.88,57.88,23.45,63.95,75.92
51.76,51.76,24.77,65.79,77.01
54.72,54.72,24.03,66.79,77.03
53.15,53.15,25.61,66.53,77.20
51.98,51.98,25.96,65.14,77.82
55.57,55.57,24.13,64.15,77.78
52.79,52.79,23.00,63.00,75.22
56.03,56.03,23.23,62.37,74.98
59.94,59.94,23.70,61.70,77.60
55.07,55.07,22.58,61.84,77.77
56.74,56.74,22.14,62.25,75.40
55.59,55.59,22.11,60.88,76.18
51.14,51.14,22.54,60.76,74.16
56.29,56.29,21.95,60.73,74.43
56.49,56.49,22.21,60.88,74.97
56.51,56.51,23.74,58.09,78.27
59.84,59.84,21.42,53.20,72.38
62.39,62.39,22.05,51.07,76.16
60.40,60.40,22.23,54.66,76.63
60.01,60.01,21.88,54.86,75.35
56.23,56.23,20.38,54.10,72.41
59.76,59.76,20.63,54.76,77.47
58.71,58.71,19.45,57.95,74.65
57.62,57.62,20.39,58.85,76.03
56.67,56.67,19.52,58.45,73.95
55.30,55.30,21.70,56.84,76.72
57.23,57.23,23.17,57.90,72.17
55.66,55.66,22.64,59.47,75.11
57.14,57.14,24.98,60.47,74.67
56.71,56.71,24.08,59.29,74.67
49.55,49.55,22.97,60.51,73.14
56.59,56.59,25.17,59.90,75.99
52.88,52.88,23.30,60.51,73.71
52.77,52.77,25.08,59.69,72.49
57.85,57.85,26.57,61.57,72.35
55.96,55.96,33.36,62.08,76.12
57.22,57.22,43.57,63.31,73.16
60.03,60.03,43.72,61.63,76.48
60.80,60.80,41.85,60.80,79.59
54.16,54.16,37.06,64.04,76.30
58.48,58.48,34.64,66.41,77.60
55.24,55.24,32.11,64.09,77.00
53.51,53.51,30.39,63.37,75.19
58.05,58.05,30.60,65.39,76.44
53.42,53.42,30.27,65.51,73.78
60.24,60.24,32.00,64.55,75.19
56.79,56.79,31.78,64.34,72.28
55.53,55.53,32.11,63.45,73.67
55.49,55.49,31.24,63.59,75.81
52.01,52.01,31.27,62.57,72.80
54.16,54.16,31.16,64.01,74.96
57.36,57.36,30.64,63.57,75.10
54.83,54.83,29.29,63.80,73.92
56.85,56.85,31.25,62.81,77.03
49.79,49.79,29.62,62.54,71.89
56.48,56.48,26.29,61.97,75.95
54.98,54.98,29.99,60.70,74.12
54.59,54.59,34.22,60.19,74.96
58.90,58.90,33.44,59.67,75.95
52.56,52.56,32.54,59.44,72.74
56.13,56.13,28.79,58.44,74.48
57.63,57.63,27.54,55.53,74.65
50.47,50.47,26.02,56.62,74.33
55.67,55.67,26.59,55.46,73.27
55.45,55.45,26.29,54.61,77.72
53.03,53.03,25.43,53.15,73.97
56.31,56.31,24.99,55.13,75.03
53.53,53.53,24.90,54.93,75.10
53.89,53.89,24.65,54.84,74.17
55.36,55.36,24.14,54.78,74.89
49.73,49.73,25.04,53.61,67.97
55.46,55.46,24.12,53.34,72.60
50.90,50.90,23.21,53.98,72.43
51.36,51.36,22.45,52.00,71.41
55.06,55.06,23.35,52.03,73.14
49.88,49.88,23.36,49.08,71.77
54.29,54.29,25.31,47.13,74.88
54.17,54.17,25.67,46.33,73.86
51.97,51.97,25.05,46.17,73.45
51.67,51.67,27.51,46.24,75.49
51.29,51.29,30.83,47.62,76.41
47.24,47.24,30.65,46.67,72.93
50.64,50.64,30.54,50.14,73.15
48.79,48.79,29.91,44.10,72.49
49.06,49.06,29.29,45.94,70.88
53.19,53.19,29.87,48.73,74.96
49.80,49.80,28.81,46.25,69.22
53.84,53.84,29.48,48.77,72.50
46.39,46.39,30.74,45.44,68.71
51.68,51.68,30.19,48.91,69.05
49.38,49.38,28.94,45.58,68.68
49.43,49.43,27.27,50.69,71.05
52.28,52.28,27.10,51.54,72.45
50.68,50.68,27.49,46.79,70.35
48.48,48.48,29.33,48.03,71.57
50.36,50.36,31.60,49.96,75.16
48.88,48.88,28.83,47.46,74.57
52.97,52.97,30.18,44.48,77.52
47.68,47.68,28.61,44.75,73.07
48.46,48.46,30.53,46.04,76.02
49.90,49.90,30.25,48.64,71.71
53.05,53.05,30.48,50.51,74.09
49.59,49.59,28.19,50.76,72.17
55.20,55.20,30.03,49.47,73.68
51.07,51.07,29.54,48.14,74.23
51.04,51.04,30.59,49.05,71.98
54.99,54.99,31.49,48.11,75.86
52.11,52.11,31.10,50.56,70.51
52.34,52.34,30.21,53.66,72.25
49.24,49.24,29.37,54.13,67.12
51.77,51.77,28.29,52.75,69.43
50.48,50.48,28.29,53.77,71.30
51.80,51.80,27.76,54.96,72.92
53.63,53.63,27.64,53.67,72.48
54.95,54.95,27.11,53.23,71.85
54.94,54.94,29.96,53.65,73.00
54.94,54.94,34.69,54.06,69.67
54.65,54.65,39.87,47.26,70.79
58.07,58.07,42.15,52.35,72.45
58.84,58.84,40.97,53.87,76.12
62.92,62.92,37.80,54.14,75.28
60.52,60.52,36.82,58.16,75.86
60.67,60.67,37.33,56.24,77.30
57.02,57.02,37.54,56.57,74.82
58.46,58.46,34.58,59.17,75.50
56.40,56.40,31.84,58.11,73.12
60.22,60.22,29.37,55.97,74.14
57.76,57.76,27.89,57.85,71.44
59.04,59.04,27.39,58.13,75.47
53.92,53.92,27.69,54.80,71.71
56.45,56.45,26.22,55.34,73.02
55.81,55.81,27.37,56.60,74.65
55.72,55.72,26.52,56.09,70.81
56.25,56.25,24.75,55.83,72.04
57.16,57.16,25.44,57.74,73.65
55.11,55.11,26.72,56.69,70.41
60.18,60.18,29.67,54.06,69.93
63.32,63.32,32.00,55.56,73.60
60.66,60.66,32.51,57.28,69.98
64.41,64.41,29.66,55.38,74.59
62.23,62.23,28.23,57.77,71.88
65.65,65.65,27.20,58.45,72.07
62.99,62.99,25.32,56.84,73.32
61.50,61.50,21.84,57.27,74.43
64.48,64.48,23.44,56.52,74.72
64.75,64.75,29.49,56.32,72.43
63.14,63.14,28.88,58.57,72.53
66.68,66.68,27.34,58.73,76.44
65.40,65.40,24.74,57.23,73.66
63.89,63.89,25.96,57.31,73.55
65.21,65.21,26.31,57.33,74.48
64.75,64.75,26.31,55.59,73.66
67.15,67.15,28.26,55.52,72.87
68.29,68.29,27.78,52.75,73.19
66.27,66.27,32.50,52.41,72.03
64.31,64.31,22.82,51.94,71.27
64.68,64.68,21.04,53.71,73.46
60.36,60.36,23.77,52.94,72.46
62.70,62.70,33.05,59.09,76.57
65.07,65.07,34.35,60.00,74.26
67.61,67.61,37.38,58.64,76.02
61.49,61.49,37.28,58.16,75.22
60.23,60.23,37.89,59.63,74.60
60.73,60.73,34.37,60.08,72.70
60.04,60.04,32.15,60.21,73.22
55.19,55.19,28.45,61.10,71.20
58.30,58.30,28.46,60.85,74.15
54.23,54.23,26.17,58.85,73.45
50.73,50.73,24.27,59.93,70.99
53.96,53.96,23.28,59.78,74.17
52.57,52.57,22.44,59.94,71.14
53.10,53.10,22.34,59.96,70.65
52.90,52.90,22.36,59.34,74.07
51.60,51.60,24.00,61.61,73.06
50.21,50.21,25.56,60.87,73.88
50.42,50.42,25.11,61.12,75.22
47.43,47.43,24.36,61.56,73.03
50.72,50.72,23.13,61.74,73.89
48.75,48.75,23.54,62.28,74.78
48.16,48.16,23.50,62.19,73.56
49.68,49.68,22.45,60.75,71.79
48.27,48.27,24.29,61.79,71.84
49.86,49.86,24.87,62.01,74.07
47.95,47.95,26.70,60.53,72.76
47.21,47.21,25.71,61.51,73.08
48.35,48.35,25.30,61.14,71.64
46.50,46.50,25.69,60.44,71.68
45.03,45.03,25.71,60.03,71.30
44.34,44.34,23.81,59.44,72.37
43.87,43.87,22.95,59.92,71.72
43.75,43.75,22.36,59.46,70.94
45.38,45.38,21.39,60.21,68.77
45.22,45.22,20.93,60.12,71.47
45.17,45.17,21.63,60.50,70.60
45.92,45.92,22.10,60.83,73.47
42.99,42.99,24.24,60.86,71.11
43.11,43.11,23.62,59.58,71.11
43.94,43.94,24.41,59.47,73.01
43.55,43.55,23.75,60.83,72.99
42.70,42.70,22.99,59.49,71.14
41.65,41.65,23.95,59.58,72.54
40.52,40.52,24.19,60.08,70.80
40.33,40.33,22.77,59.28,72.09
38.93,38.93,23.87,59.44,71.34
39.84,39.84,24.62,59.85,72.19
37.86,37.86,24.05,59.39,69.23
39.43,39.43,24.78,59.59,70.53
37.69,37.69,23.67,58.23,68.40
36.33,36.33,23.78,58.86,70.61
35.24,35.24,22.15,58.30,72.70
35.43,35.43,23.88,59.37,70.39
35.53,35.53,22.07,59.36,70.94
35.29,35.29,23.72,58.72,71.46
31.94,31.94,22.97,59.95,71.22
34.03,34.03,26.20,59.60,71.83
30.06,30.06,27.18,59.99,71.32
28.37,28.37,26.59,59.40,68.39
28.94,28.94,28.46,59.21,70.05
28.71,28.71,29.38,58.98,68.91
33.26,33.26,28.49,58.51,69.77
29.82,29.82,28.86,58.43,68.75
31.51,31.51,28.38,59.00,69.49
30.63,30.63,28.81,57.64,69.70
26.83,26.83,27.61,56.56,68.12
27.51,27.51,26.92,55.44,66.89
23.93,23.93,29.21,55.80,68.72
26.48,26.48,30.89,56.14,66.53
24.43,24.43,32.58,57.44,65.51
24.73,24.73,29.52,53.90,66.94
23.65,23.65,28.49,55.04,67.10
25.37,25.37,30.05,56.04,67.38
24.48,24.48,29.85,56.50,69.09
25.38,25.38,31.70,54.41,67.63
25.25,25.25,31.00,56.06,67.83
23.92,23.92,30.99,52.99,66.42
22.99,22.99,30.45,52.62,64.66
23.48,23.48,31.09,53.52,65.39
22.82,22.82,30.20,53.10,65.06
21.37,21.37,28.94,52.72,65.41
21.10,21.10,29.18,51.69,64.53
19.01,19.01,26.14,51.24,63.62
19.76,19.76,30.26,49.67,64.97
20.90,20.90,31.55,52.58,65.54
21.51,21.51,29.50,49.69,63.26
20.22,20.22,31.49,49.93,63.38
19.25,19.25,29.67,50.46,63.41
19.32,19.32,30.53,47.21,63.35
18.95,18.95,30.42,48.86,61.99
20.14,20.14,29.99,50.18,64.35
18.60,18.60,29.84,49.12,61.33
19.59,19.59,29.52,51.79,62.40
20.37,20.37,32.03,48.95,62.83
18.69,18.69,28.18,48.56,64.06
18.82,18.82,30.65,50.52,62.31
20.34,20.34,31.88,51.16,61.72
16.99,16.99,30.29,51.79,63.28
17.89,17.89,31.04,52.63,62.83
17.84,17.84,29.79,50.43,62.94
16.40,16.40,29.69,51.68,64.13
15.54,15.54,30.48,52.83,66.46
15.70,15.70,30.95,53.15,66.07
15.48,15.48,31.01,53.09,67.84
15.45,15.45,30.82,52.00,67.39
16.46,16.46,33.24,52.36,66.74
15.98,15.98,31.49,52.62,66.53
16.76,16.76,30.56,53.85,64.13
14.30,14.30,30.40,53.52,63.93
15.73,15.73,31.85,53.01,65.15
14.88,14.88,32.87,52.93,62.53
15.52,15.52,32.95,54.78,65.77
14.47,14.47,32.59,54.31,65.55
14.80,14.80,31.13,56.72,66.50
15.25,15.25,32.44,54.02,63.79
14.58,14.58,34.14,55.56,62.22
14.23,14.23,36.79,54.84,61.21
13.56,13.56,33.42,55.73,62.62
12.80,12.80,34.61,56.14,61.75
12.71,12.71,36.42,55.74,62.38
13.80,13.80,36.96,55.65,61.74
12.72,12.72,38.01,55.17,61.07
12.44,12.44,39.38,56.53,62.09
13.96,13.96,40.01,56.68,63.41
14.20,14.20,40.19,55.83,60.99
12.83,12.83,38.76,56.31,62.06
14.05,14.05,38.13,54.87,59.75
13.16,13.16,39.17,56.17,60.44
12.80,12.80,37.34,55.68,60.55
13.76,13.76,38.64,57.16,62.49
13.73,13.73,40.77,55.72,61.36
12.45,12.45,41.58,53.82,60.15
12.40,12.40,42.89,54.65,58.52
12.08,12.08,41.16,55.86,61.16
13.70,13.70,41.35,57.20,63.34
13.19,13.19,41.78,56.74,62.29
14.53,14.53,43.10,56.02,60.82
14.06,14.06,42.49,55.85,60.19
13.27,13.27,40.10,55.10,60.47
11.68,11.68,39.86,56.04,61.97
14.68,14.68,40.62,56.33,62.03
14.52,14.52,40.13,55.07,59.98
15.17,15.17,40.24,54.84,60.96
14.37,14.37,42.75,54.64,60.61
14.99,14.99,39.83,56.08,62.18
14.46,14.46,40.36,54.88,60.48
13.84,13.84,39.15,55.35,61.27
14.16,14.16,39.97,55.57,61.10
14.04,14.04,43.12,54.72,60.29
13.96,13.96,40.21,54.94,60.30
13.92,13.92,40.09,54.94,60.50
13.93,13.93,40.17,53.93,59.18
13.66,13.66,40.22,54.67,60.50
14.15,14.15,42.57,52.95,57.97
13.80,13.80,40.38,52.75,59.25
13.93,13.93,39.10,52.01,57.32
14.35,14.35,39.38,51.96,56.56
13.29,13.29,41.49,53.53,55.66
14.35,14.35,39.24,52.22,55.14
16.52,16.52,40.22,52.69,56.14
15.41,15.41,39.40,52.21,57.16
15.34,15.34,40.21,52.41,56.72
14.73,14.73,41.66,53.30,56.62
16.46,16.46,39.49,52.76,54.97
12.25,12.25,38.65,52.97,52.65
14.22,14.22,40.53,52.77,52.11
12.42,12.42,38.68,53.14,53.40
15.08,15.08,40.72,52.97,54.29
13.97,13.97,39.30,52.89,53.74
16.52,16.52,41.58,52.93,55.07
13.63,13.63,39.07,49.94,53.24
14.64,14.64,41.31,51.71,53.86
16.18,16.18,43.03,51.39,51.27
14.57,14.57,40.93,52.17,51.35
14.21,14.21,37.91,53.04,50.45
14.51,14.51,40.07,51.66,50.38
14.84,14.84,36.17,51.50,49.69
12.23,12.23,42.17,51.03,48.75
13.08,13.08,40.95,50.71,52.01
14.32,14.32,36.49,49.38,52.78
13.88,13.88,39.52,49.68,52.99
12.85,12.85,40.85,50.56,52.25
14.08,14.08,36.62,50.05,50.45
13.47,13.47,39.52,50.93,50.92
12.68,12.68,38.86,50.91,46.59
13.19,13.19,37.64,50.70,48.76
14.34,14.34,38.60,49.07,46.23
13.00,13.00,39.92,49.79,49.67
15.01,15.01,40.92,48.53,49.96
13.73,13.73,40.51,49.78,50.24
14.28,14.28,40.09,48.47,49.87
15.64,15.64,40.79,48.55,48.03
13.99,13.99,38.56,47.07,47.92
14.56,14.56,37.81,47.07,46.23
13.51,13.51,41.56,48.13,46.67
13.83,13.83,39.60,46.51,47.14
14.64,14.64,40.10,46.66,47.43
15.09,15.09,39.85,45.71,48.46
13.80,13.80,38.30,46.85,50.09
15.66,15.66,37.79,45.23,49.99
14.70,14.70,41.95,47.21,50.29
12.98,12.98,38.01,45.96,49.10
14.10,14.10,40.37,45.59,45.67
14.06,14.06,39.90,46.44,42.58
12.50,12.50,40.25,44.93,41.47
11.94,11.94,40.81,45.13,39.40
12.85,12.85,40.76,42.75,36.88
13.92,13.92,41.61,42.53,37.98
13.97,13.97,39.06,43.00,38.38
15.31,15.31,39.99,42.62,37.94
14.93,14.93,39.54,43.45,37.09
12.31,12.31,42.29,44.48,36.50
14.22,14.22,41.01,43.87,35.17
13.64,13.64,39.98,42.49,33.98
12.03,12.03,35.88,42.30,35.05
12.02,12.02,38.90,42.75,35.20
13.63,13.63,41.46,41.60,37.15
15.26,15.26,42.42,42.72,37.42
13.02,13.02,41.41,41.35,39.43
15.03,15.03,41.00,42.71,39.99
16.27,16.27,42.60,40.98,40.02
14.23,14.23,39.49,43.67,39.43
15.68,15.68,41.34,44.67,38.59
14.99,14.99,41.76,43.58,36.86
13.87,13.87,42.95,43.17,33.56
16.65,16.65,40.16,43.42,35.06
13.38,13.38,39.32,44.10,35.31
17.77,17.77,42.54,45.30,35.46
14.50,14.50,40.78,44.16,35.33
13.84,13.84,40.16,43.79,35.37
15.11,15.11,38.74,43.74,36.67
12.08,12.08,40.72,44.68,37.20
13.86,13.86,39.65,46.06,34.41
13.90,13.90,41.04,45.97,35.73
13.24,13.24,39.42,45.44,34.14
13.62,13.62,40.71,44.33,33.26
12.58,12.58,41.37,44.87,35.91
12.71,12.71,37.98,45.29,37.17
14.99,14.99,43.34,47.51,39.46
14.97,14.97,41.37,47.30,40.03
14.50,14.50,40.90,46.67,39.62
15.15,15.15,39.07,47.12,37.77
14.01,14.01,39.53,46.48,35.16
11.48,11.48,41.59,45.63,33.73
12.98,12.98,40.30,44.50,32.67
14.10,14.10,40.56,43.50,33.54
13.96,13.96,38.77,44.29,31.99
14.13,14.13,40.11,43.33,33.16
13.84,13.84,41.52,43.89,33.65
12.58,12.58,40.70,43.49,33.92
14.75,14.75,42.64,45.08,32.60
13.50,13.50,39.70,45.47,32.86
12.35,12.35,40.75,45.30,32.48
11.02,11.02,38.05,44.75,30.66
13.49,13.49,40.81,44.92,31.56
11.53,11.53,40.41,44.39,28.61
11.80,11.80,41.56,43.76,29.18
13.32,13.32,39.93,43.37,29.39
15.74,15.74,40.91,43.10,30.29
13.18,13.18,42.00,43.65,29.86
14.89,14.89,41.18,43.13,29.21
14.25,14.25,41.52,44.18,28.64
12.37,12.37,39.66,42.15,26.29
14.41,14.41,40.38,41.89,27.78
12.48,12.48,39.80,42.21,26.10
14.97,14.97,42.47,43.97,26.23
14.15,14.15,40.83,44.15,25.05
13.75,13.75,39.84,43.49,25.24
14.92,14.92,40.37,43.15,25.89
14.80,14.80,39.93,41.80,25.06
14.98,14.98,42.78,41.12,23.86
14.35,14.35,40.79,40.84,21.74
13.51,13.51,41.86,41.13,20.88
15.86,15.86,38.72,40.28,22.81
15.30,15.30,40.42,40.21,22.37
16.23,16.23,38.92,40.40,23.74
17.96,17.96,41.68,40.20,25.14
15.95,15.95,40.98,39.93,24.45
16.17,16.17,41.24,38.77,23.26
16.06,16.06,40.38,39.34,21.63
14.53,14.53,37.06,38.71,23.15
13.98,13.98,40.07,39.66,22.38
13.77,13.77,38.77,38.51,20.11
15.08,15.08,40.25,39.43,22.51
14.09,14.09,38.67,37.07,20.83
14.36,14.36,38.89,36.01,23.00
13.54,13.54,38.10,33.34,23.85
13.42,13.42,37.80,35.76,24.89
13.17,13.17,38.20,36.51,24.65
13.08,13.08,33.89,33.82,24.70
12.54,12.54,39.55,37.22,23.09
11.98,11.98,33.67,34.56,20.90
11.62,11.62,39.59,37.38,20.00
11.06,11.06,36.07,36.00,18.77
12.67,12.67,37.00,36.86,19.63
11.28,11.28,35.64,36.50,20.25
11.61,11.61,35.12,35.97,19.71
12.33,12.33,36.49,35.95,19.40
9.58,9.58,35.58,34.84,16.94
9.26,9.26,33.94,33.83,15.00
7.46,7.46,34.36,33.88,12.97
8.01,8.01,34.94,33.65,12.37
7.36,7.36,33.28,33.52,12.34
6.74,6.74,35.17,31.85,11.30
8.74,8.74,34.06,32.03,13.74
8.77,8.77,33.34,30.94,16.23
10.74,10.74,32.57,32.13,18.45
10.56,10.56,31.44,30.67,18.17
10.40,10.40,32.42,28.34,16.39
8.87,8.87,31.02,30.71,15.08
7.50,7.50,33.75,31.74,12.19
8.04,8.04,30.48,30.95,11.30
8.44,8.44,33.19,29.97,12.00
9.57,9.57,32.96,30.13,12.98
9.57,9.57,30.70,29.24,12.22
10.02,10.02,32.73,29.84,13.67
10.70,10.70,29.26,28.58,13.99
9.97,9.97,31.46,30.11,13.29
8.91,8.91,28.69,27.23,12.88
7.83,7.83,33.09,29.03,11.23
6.10,6.10,29.70,27.89,9.72
5.27,5.27,31.96,28.27,8.63
5.81,5.81,29.39,27.76,8.17
6.83,6.83,31.76,28.54,8.43
4.64,4.64,30.86,29.05,8.02
5.54,5.54,31.65,28.45,8.04
9.45,9.45,31.09,28.41,10.18
8.28,8.28,32.42,28.56,10.41
8.54,8.54,31.60,27.84,11.17
8.19,8.19,29.99,25.93,10.62
8.52,8.52,33.89,28.02,10.62
8.35,8.35,30.61,24.52,9.86
6.81,6.81,31.24,26.04,9.54
6.88,6.88,28.48,27.87,9.49
8.06,8.06,29.87,28.51,9.23
7.08,7.08,31.25,29.25,8.77
6.74,6.74,29.24,28.21,7.42
6.64,6.64,31.02,30.08,7.24
5.43,5.43,30.11,28.56,6.51
5.75,5.75,31.37,28.09,5.46
5.59,5.59,29.30,28.02,5.62
6.07,6.07,29.62,29.87,7.17
6.69,6.69,28.16,29.49,8.02
7.38,7.38,27.43,30.62,9.84
7.36,7.36,29.70,30.77,10.21
7.06,7.06,29.39,29.03,10.27
7.56,7.56,31.58,26.21,9.37
7.53,7.53,29.56,26.48,9.80
7.25,7.25,32.05,28.34,8.54
5.71,5.71,27.86,26.40,5.46
5.45,5.45,29.24,28.48,5.46
5.12,5.12,28.25,28.77,4.79
5.34,5.34,31.62,29.81,5.93
6.12,6.12,31.27,25.33,7.31
6.25,6.25,30.88,21.19,6.55
6.01,6.01,31.49,22.94,7.16
5.56,5.56,28.03,22.88,7.76
5.95,5.95,29.94,26.41,7.14
6.16,6.16,28.80,25.98,7.19
5.53,5.53,31.09,26.37,5.90
4.97,4.97,27.93,26.33,5.27
4.97,4.97,31.76,25.13,4.27
4.68,4.68,31.96,18.73,4.32
5.01,5.01,31.90,13.55,4.81
5.93,5.93,31.46,16.51,6.28
6.02,6.02,29.55,15.93,6.49
5.88,5.88,31.40,21.01,7.23
4.94,4.94,28.44,22.45,5.82
6.06,6.06,29.15,24.58,6.87
5.53,5.53,27.74,24.24,5.79
3.64,3.64,28.49,25.85,4.09
4.10,4.10,26.40,26.92,3.81
3.39,3.39,24.34,26.01,3.56
3.73,3.73,27.29,27.18,4.51
4.05,4.05,22.33,26.55,4.46
3.21,3.21,26.27,26.88,3.47
3.43,3.43,25.28,23.79,3.01
3.76,3.76,28.20,23.75,3.39
4.58,4.58,25.67,20.73,2.30
4.15,4.15,25.10,21.95,2.65
3.63,3.63,26.43,22.29,2.39
3.95,3.95,21.94,20.50,2.05
3.66,3.66,25.85,22.82,2.60
3.43,3.43,23.75,23.67,3.35
3.91,3.91,25.42,24.20,3.30
3.48,3.48,23.11,22.50,3.01
2.99,2.99,24.54,22.72,3.27
3.29,3.29,22.24,23.07,5.03
2.87,2.87,23.87,23.31,4.61
3.24,3.24,24.03,21.48,6.51
2.27,2.27,24.97,16.99,8.92
3.03,3.03,26.89,14.53,4.65
3.36,3.36,23.59,11.06,2.80
3.82,3.82,25.73,17.60,3.67
3.52,3.52,22.59,15.99,4.11
3.26,3.26,24.07,18.76,3.07
2.78,2.78,19.74,18.30,2.53
2.00,2.00,21.37,20.95,3.04
2.19,2.19,21.14,22.31,3.24
2.53,2.53,19.85,19.81,2.62
2.60,2.60,20.63,20.51,3.07
2.37,2.37,19.58,18.18,2.78
1.99,1.99,21.81,13.87,5.44
2.14,2.14,21.69,5.17,5.24
1.65,1.65,23.20,8.79,1.57
1.27,1.27,20.70,6.65,1.65
1.14,1.14,21.12,6.03,3.66
1.52,1.52,22.43,6.93,2.85
1.66,1.66,21.48,10.36,3.20
1.56,1.56,21.97,5.85,2.41
1.34,1.34,16.35,6.16,1.79
1.10,1.10,17.92,13.63,1.65
0.92,0.92,14.23,13.70,1.94
1.02,1.02,16.41,15.66,1.97
1.17,1.17,11.57,12.66,1.76
1.36,1.36,14.04,13.59,1.98
1.38,1.38,11.51,12.77,3.37
0.79,0.79,12.80,13.35,3.47
0.58,0.58,13.02,14.41,2.65
0.62,0.62,13.51,10.53,1.53
0.74,0.74,13.84,8.83,1.53
0.71,0.71,13.52,7.90,1.53
0.54,0.54,14.87,11.50,1.56
0.54,0.54,11.35,9.53,1.82
0.52,0.52,11.61,9.53,2.99
0.27,0.27,9.46,8.15,2.16
0.33,0.33,10.17,11.65,3.49
0.13,0.13,9.22,8.40,2.20
0.17,0.17,9.06,8.34,1.76
0.16,0.16,11.44,7.16,1.72
0.08,0.08,9.48,5.18,1.66
0.19,0.19,11.41,9.40,1.53
0.10,0.10,8.68,7.74,1.59
0.11,0.11,10.72,8.07,2.37
0.14,0.14,6.26,5.71,1.80
0.15,0.15,11.99,10.61,2.06
0.11,0.11,9.42,7.78,1.53
0.05,0.05,10.98,6.41,2.26
0.19,0.19,11.03,7.13,2.11
0.02,0.02,9.66,2.06,2.42
0.02,0.02,10.93,4.42,1.78
0.02,0.02,7.67,4.27,1.62
0.00,0.00,7.94,7.52,1.53
0.00,0.00,4.47,7.39,1.54
0.02,0.02,7.84,8.19,2.13
0.02,0.02,6.29,6.47,1.63
0.00,0.00,6.74,6.36,1.53
0.01,0.01,7.04,5.64,1.53
0.03,0.03,6.11,6.27,1.53
0.12,0.12,10.16,9.04,1.63
0.02,0.02,8.64,4.88,1.53
0.02,0.02,9.58,5.32,1.54
0.04,0.04,5.33,2.68,1.67
0.01,0.01,7.59,7.21,1.76
-0.00,-0.00,4.04,5.60,1.53
-0.00,-0.00,5.92,6.31,1.53
-0.00,-0.00,6.57,2.83,1.53
-0.00,-0.00,8.11,1.65,1.53
-0.00,-0.00,9.49,1.46,1.53
-0.00,-0.00,8.71,0.92,1.57
-0.00,-0.00,9.22,2.03,1.53
-0.00,-0.00,4.48,1.63,1.53
-0.00,-0.00,5.79,5.45,1.58
-0.00,-0.00,3.29,4.68,1.53
-0.00,-0.00,6.26,5.22,1.53
-0.00,-0.00,4.93,1.01,1.53
-0.00,-0.00,6.08,2.26,1.53
-0.00,-0.00,5.55,2.45,1.53
-0.00,-0.00,3.39,1.18,1.53
-0.00,-0.00,5.33,2.73,1.53
-0.00,-0.00,3.82,0.98,1.53
-0.00,-0.00,4.83,1.66,1.53
-0.00,-0.00,4.56,0.82,1.53
-0.00,-0.00,5.42,0.73,1.53
-0.00,-0.00,4.21,-0.00,1.53
-0.00,-0.00,3.81,0.49,1.53
-0.00,-0.00,4.64,1.76,1.53
-0.00,-0.00,3.89,1.75,1.53
-0.00,-0.00,4.13,2.22,1.53
-0.00,-0.00,3.09,1.17,1.53
-0.00,-0.00,3.61,2.81,1.53
-0.00,-0.00,2.84,1.38,1.53
-0.00,-0.00,3.46,1.60,1.53
-0.00,-0.00,3.39,0.57,1.53
-0.00,-0.00,2.20,0.51,1.53
-0.00,-0.00,3.15,0.79,1.53
-0.00,-0.00,2.66,0.22,1.53
-0.00,-0.00,4.37,0.87,1.53
-0.00,-0.00,2.62,0.49,1.53
-0.00,-0.00,3.31,0.93,1.53
-0.00,-0.00,1.93,0.31,1.53
-0.00,-0.00,3.64,0.96,1.53
-0.00,-0.00,1.09,-0.00,1.53
-0.00,-0.00,3.30,0.74,1.53
-0.00,-0.00,3.50,0.39,1.53
-0.00,-0.00,1.78,0.17,1.53
-0.00,-0.00,2.62,0.58,1.53
-0.00,-0.00,2.09,-0.00,1.53
-0.00,-0.00,2.64,0.23,1.53
-0.00,-0.00,2.47,0.06,1.53
-0.00,-0.00,3.09,0.16,1.53
-0.00,-0.00,1.34,-0.00,1.53
-0.00,-0.00,3.08,0.14,1.53
-0.00,-0.00,1.57,0.01,1.53
-0.00,-0.00,3.50,-0.00,1.53
-0.00,-0.00,3.89,0.20,1.53
-0.00,-0.00,2.28,-0.00,1.53
-0.00,-0.00,3.57,0.00,1.53
-0.00,-0.00,1.42,-0.00,1.53
-0.00,-0.00,1.26,-0.00,1.53
-0.00,-0.00,2.69,-0.00,1.53
-0.00,-0.00,1.48,-0.00,1.53
-0.00,-0.00,0.02,-0.00,1.53
-0.00,-0.00,1.61,-0.00,1.53
-0.00,-0.00,0.44,-0.00,1.53
-0.00,-0.00,1.13,-0.00,1.53
-0.00,-0.00,2.58,-0.00,1.53
-0.00,-0.00,2.36,-0.00,1.53
-0.00,-0.00,2.80,0.34,1.53
-0.00,-0.00,1.92,-0.00,1.53
-0.00,-0.00,1.31,-0.00,1.53
-0.00,-0.00,0.36,-0.00,1.53
-0.00,-0.00,0.10,-0.00,1.53
-0.00,-0.00,0.34,-0.00,1.53
-0.00,-0.00,0.01,-0.00,1.53
-0.00,-0.00,0.01,-0.00,1.53
-0.00,-0.00,0.01,-0.00,1.53
-0.00,-0.00,0.01,-0.00,1.53
